phase,model,kv_rank,backend,loops,checkpoint,status,failed_stage,parameter_count,effective_depth,unique_layers,measurement_origin,raw_record,prompt_eager_gpu_ms,prompt_eager_peak_gib,prompt_eager_wall_ms,prompt_graph_gpu_ms,prompt_graph_peak_gib,prompt_graph_reserved_gib,startup_eager_gpu_ms,startup_eager_peak_gib,startup_eager_wall_ms,startup_graph_gpu_ms,startup_graph_peak_gib,startup_graph_reserved_gib,decode_eager_gpu_ms,decode_eager_peak_gib,decode_eager_wall_ms,decode_graph_gpu_ms,decode_graph_peak_gib,decode_graph_reserved_gib,cache_mib,fold_mib,prepared_weight_mib,attention_applications,mlp_applications,gate_mlp_applications,recurrence_projection_applications,core_residual_dtype,training_eager_gpu_ms,training_eager_peak_gib,training_eager_wall_ms,training_graph_gpu_ms,training_graph_peak_gib,training_graph_reserved_gib
inference,fixed_depth,,tensor,1,none,passed,,162988800,12,12,original,experiments/l40s/results/loop-baseline/inference-fixed_depth-tensor-t01.json,12.591103553771973,0.9722318649291992,12.612798996997299,7.818186442057292,0.9722318649291992,1.166015625,14.310400009155273,1.1426773071289062,14.333510000142269,8.22647476196289,1.1426773071289062,1.607421875,12.0698881149292,1.002490520477295,12.095067999325693,0.9758719603220621,1.002490520477295,1.216796875,144.1409912109375,0.0,235.6875,12,12,0,0,float32,,,,,,
inference,fixed_depth,,tensor,2,none,passed,,247923456,12,12,original,experiments/l40s/results/loop-baseline/inference-fixed_depth-tensor-t02.json,14.430208206176758,1.5200834274291992,14.455728000029922,13.547178904215494,1.5197172164916992,1.822265625,14.925824165344238,1.6489896774291992,14.953770998545224,13.962581634521484,1.6486234664916992,2.111328125,12.464032173156738,1.479663372039795,12.48632300121244,1.2673707008361816,1.479663372039795,1.732421875,144.1409912109375,0.0,397.6875,12,12,0,0,float32,,,,,,
inference,fixed_depth,,tensor,3,none,passed,,332858112,12,12,original,experiments/l40s/results/loop-baseline/inference-fixed_depth-tensor-t03.json,20.521984100341797,2.048586845397949,20.55065700187697,19.71404774983724,2.048586845397949,2.494140625,20.989952087402344,2.177493095397949,21.022598000854487,20.013397216796875,2.177493095397949,2.740234375,12.766207695007324,1.938220500946045,12.788331998308422,1.57149871190389,1.938220500946045,2.279296875,144.1409912109375,0.0,559.6875,12,12,0,0,float32,,,,,,
inference,fixed_depth,,tensor,4,none,passed,,417792768,12,12,original,experiments/l40s/results/loop-baseline/inference-fixed_depth-tensor-t04.json,24.829952239990234,2.604617118835449,24.85994200105779,23.856468200683594,2.604617118835449,3.216796875,25.29782485961914,2.733523368835449,25.324783997348277,24.22783915201823,2.733523368835449,3.451171875,12.401663780212402,2.423938274383545,12.428193997038761,1.8298560778299968,2.423938274383545,2.849609375,144.1409912109375,0.0,721.6875,12,12,0,0,float32,,,,,,
inference,fixed_depth,,tensor,5,none,passed,,502727424,12,12,original,experiments/l40s/results/loop-baseline/inference-fixed_depth-tensor-t05.json,30.16396713256836,3.161257743835449,30.20114099854254,29.202433268229168,3.161257743835449,3.9375,30.69331169128418,3.290163993835449,30.72876499936683,29.597012837727863,3.290163993835449,3.90234375,12.75596809387207,2.910266399383545,12.778364998666802,2.107733408610026,2.910266399383545,3.32421875,144.1409912109375,0.0,883.6875,12,12,0,0,float32,,,,,,
inference,fixed_depth,,tensor,6,none,passed,,587662080,12,12,original,experiments/l40s/results/loop-baseline/inference-fixed_depth-tensor-t06.json,35.334144592285156,3.690310478210449,35.36914999858709,34.412523905436196,3.688845634460449,4.4609375,35.76326370239258,3.819949150085449,35.80559100373648,34.86105600992838,3.817751884460449,4.6171875,12.421119689941406,3.368262767791748,12.442022001778241,2.39138126373291,3.368262767791748,3.93359375,144.1409912109375,0.0,1045.6875,12,12,0,0,float32,,,,,,
inference,fixed_depth,,tensor,7,none,passed,,672596736,12,12,original,experiments/l40s/results/loop-baseline/inference-fixed_depth-tensor-t07.json,40.822784423828125,4.230715751647949,40.85480800131336,40.00733947753906,4.229983329772949,5.099609375,41.30915069580078,4.358889579772949,41.337966998980846,40.44282786051432,4.358889579772949,5.298828125,12.436479568481445,3.8391594886779785,12.458718003472313,2.675370534261068,3.8391594886779785,4.509765625,144.1409912109375,0.0,1207.6875,12,12,0,0,float32,,,,,,
inference,fixed_depth,,tensor,8,none,passed,,757531392,12,12,original,experiments/l40s/results/loop-baseline/inference-fixed_depth-tensor-t08.json,46.17830276489258,4.785891532897949,46.21076500188792,45.49427286783854,4.785891532897949,5.78515625,46.62374496459961,4.914797782897949,46.656625003379304,46.14656066894531,4.914797782897949,6.04296875,12.989439964294434,4.324097156524658,13.016559001698624,2.9661865234375,4.324097156524658,5.1484375,144.1409912109375,0.0,1369.6875,12,12,0,0,float32,,,,,,
inference,fixed_depth,,tensor,9,none,passed,,842466048,12,12,original,experiments/l40s/results/loop-baseline/inference-fixed_depth-tensor-t09.json,51.309566497802734,5.342654228210449,51.34147200442385,51.04810587565104,5.342654228210449,6.47265625,51.917823791503906,5.471560478210449,51.948117004940286,51.627349853515625,5.471560478210449,6.7421875,12.810079574584961,4.8106160163879395,12.832109001465142,3.251200040181478,4.8106160163879395,5.7421875,144.1409912109375,0.0,1531.6875,12,12,0,0,float32,,,,,,
inference,fixed_depth,,tensor,10,none,passed,,927400704,12,12,original,experiments/l40s/results/loop-baseline/inference-fixed_depth-tensor-t10.json,60.093441009521484,5.870730400085449,60.12520100193797,60.067840576171875,5.870730400085449,7.158203125,60.42931365966797,6.000185966491699,60.46200900163967,60.61534118652344,5.999636650085449,7.462890625,12.684288024902344,5.268991947174072,12.70521999686025,3.530751864115397,5.268991947174072,6.357421875,144.1409912109375,0.0,1693.6875,12,12,0,0,float32,,,,,,
inference,fixed_depth,,tensor,11,none,passed,,1012335360,12,12,original,experiments/l40s/results/loop-baseline/inference-fixed_depth-tensor-t11.json,68.48102569580078,6.407595634460449,68.51869400270516,67.51573181152344,6.407595634460449,7.796875,68.40013122558594,6.536501884460449,68.43437100178562,67.89051818847656,6.536501884460449,8.1484375,12.04736042022705,5.735069751739502,12.069140997482464,4.355754534403483,5.735069751739502,6.9375,144.1409912109375,0.0,1855.6875,12,12,0,0,float32,,,,,,
inference,fixed_depth,,tensor,12,none,passed,,1097270016,12,12,original,experiments/l40s/results/loop-baseline/inference-fixed_depth-tensor-t12.json,72.93036651611328,6.964358329772949,72.96194199443562,74.00174967447917,6.964358329772949,8.484375,74.55744171142578,7.093264579772949,74.58736099943053,75.33977762858073,7.093264579772949,8.859375,12.454912185668945,6.221588611602783,12.476957999751903,4.111989339192708,6.221588611602783,7.54296875,144.1409912109375,0.0,2017.6875,12,12,0,0,float32,,,,,,
inference,fixed_depth,,tensor,13,none,passed,,1182204672,12,12,original,experiments/l40s/results/loop-baseline/inference-fixed_depth-tensor-t13.json,87.49465942382812,7.520998954772949,87.52557400293881,86.8491923014323,7.520998954772949,9.169921875,87.96672058105469,7.649905204772949,87.99897599965334,86.70821126302083,7.649905204772949,9.134765625,12.677087783813477,6.7079854011535645,12.698418999207206,4.400810559590657,6.7079854011535645,7.712890625,144.1409912109375,0.0,2179.6875,12,12,0,0,float32,,,,,,
inference,fixed_depth,,tensor,14,none,passed,,1267139328,12,12,original,experiments/l40s/results/loop-baseline/inference-fixed_depth-tensor-t14.json,124.35968017578125,8.05029582977295,124.3912249992718,123.55140177408855,8.05029582977295,9.857421875,124.85734558105469,8.18213176727295,124.89184699370526,123.95822143554688,8.17920207977295,9.822265625,12.984319686889648,7.167765140533447,13.01116499962518,4.690261205037435,7.167765140533447,8.294921875,144.1409912109375,0.0,2341.6875,12,12,0,0,float32,,,,,,
inference,fixed_depth,,tensor,15,none,passed,,1352073984,12,12,original,experiments/l40s/results/loop-baseline/inference-fixed_depth-tensor-t15.json,143.26681518554688,8.58899211883545,143.30236700334353,142.41791788736978,8.58899211883545,10.49609375,143.56991577148438,8.71789836883545,143.60298699466512,142.93264770507812,8.71789836883545,10.484375,12.58291244506836,7.635490894317627,12.608213000930846,6.592170715332031,7.635490894317627,8.8515625,144.1409912109375,0.0,2503.6875,12,12,0,0,float32,,,,,,
inference,fixed_depth,,tensor,16,none,passed,,1437008640,12,12,original,experiments/l40s/results/loop-baseline/inference-fixed_depth-tensor-t16.json,155.7084197998047,9.14490032196045,155.74516500055324,154.3648885091146,9.14490032196045,11.181640625,155.5650634765625,9.27380657196045,155.59802999632666,154.78374226888022,9.27380657196045,11.158203125,13.024255752563477,8.121155261993408,13.047635002294555,9.558005650838217,8.121155261993408,9.421875,144.1409912109375,0.0,2665.6875,12,12,0,0,float32,,,,,,
inference,fixed_depth,,torch,1,none,passed,,162988800,12,12,original,experiments/l40s/results/loop-baseline/inference-fixed_depth-torch-t01.json,7.303167819976807,0.9808988571166992,7.324794998567086,6.8853759765625,0.9888334274291992,1.216796875,7.799808025360107,1.1513328552246094,7.821964998584008,7.289173126220703,1.1592674255371094,1.634765625,5.864448070526123,1.011146068572998,5.883860001631547,1.3305173714955647,1.019080638885498,1.248046875,144.140625,0.0,235.6875,12,12,0,0,float32,,,,,,
inference,fixed_depth,,torch,2,none,passed,,247923456,12,12,original,experiments/l40s/results/loop-baseline/inference-fixed_depth-torch-t02.json,11.940863609313965,1.5276517868041992,11.966912003117613,11.497812906901041,1.5348539352416992,1.884765625,12.463104248046875,1.6565580368041992,12.489182998251636,11.943253835042318,1.6637601852416992,2.107421875,5.912576198577881,1.4875807762145996,5.934549000812694,1.5916159947713215,1.4955153465270996,1.712890625,144.140625,0.0,397.6875,12,12,0,0,float32,,,,,,
inference,fixed_depth,,torch,3,none,passed,,332858112,12,12,original,experiments/l40s/results/loop-baseline/inference-fixed_depth-torch-t03.json,17.220544815063477,2.056887626647949,17.247700998268556,16.703829447428387,2.064822196960449,2.544921875,17.64044761657715,2.185793876647949,17.66991899785353,17.164608001708984,2.193728446960449,2.720703125,6.009856224060059,1.946509838104248,6.033369998476701,1.8257919947306316,1.954444408416748,2.244140625,144.140625,0.0,559.6875,12,12,0,0,float32,,,,,,
inference,fixed_depth,,torch,4,none,passed,,417792768,12,12,original,experiments/l40s/results/loop-baseline/inference-fixed_depth-torch-t04.json,21.857152938842773,2.613406181335449,21.88946300157113,21.441195170084637,2.620974540710449,3.267578125,22.336511611938477,2.742312431335449,22.375623000698397,21.86717987060547,2.749880790710449,3.373046875,6.0497918128967285,2.432349681854248,6.071251998946536,2.0329813957214355,2.440284252166748,2.884765625,144.140625,0.0,721.6875,12,12,0,0,float32,,,,,,
inference,fixed_depth,,torch,5,none,passed,,502727424,12,12,original,experiments/l40s/results/loop-baseline/inference-fixed_depth-torch-t05.json,26.462207794189453,3.169924736022949,26.48920600040583,26.139307657877605,3.177859306335449,3.98828125,26.901504516601562,3.298830986022949,26.9316970006912,26.47173309326172,3.306765556335449,3.96484375,6.124544143676758,2.918921947479248,6.148019998363452,2.340522607167562,2.926856517791748,3.37109375,144.140625,0.0,883.6875,12,12,0,0,float32,,,,,,
inference,fixed_depth,,torch,6,none,passed,,587662080,12,12,original,experiments/l40s/results/loop-baseline/inference-fixed_depth-torch-t06.json,31.084543228149414,3.700930595397949,31.117231999814976,30.978047688802082,3.706667900085449,4.51171875,31.61497688293457,3.829836845397949,31.646216004446615,31.327189127604168,3.835574150085449,4.66796875,6.142975807189941,3.378139019012451,6.163675003335811,2.5774079958597818,3.386073589324951,3.96875,144.140625,0.0,1045.6875,12,12,0,0,float32,,,,,,
inference,fixed_depth,,torch,7,none,passed,,672596736,12,12,original,experiments/l40s/results/loop-baseline/inference-fixed_depth-torch-t07.json,35.716094970703125,4.239382743835449,35.7486790016992,35.45770772298177,4.247317314147949,5.150390625,36.187137603759766,4.368288993835449,36.21805900183972,35.91202036539713,4.376223564147949,5.361328125,6.095776081085205,3.84782075881958,6.132921997050289,2.8392105102539062,3.85575532913208,4.556640625,144.140625,0.0,1207.6875,12,12,0,0,float32,,,,,,
inference,fixed_depth,,torch,8,none,passed,,757531392,12,12,original,experiments/l40s/results/loop-baseline/inference-fixed_depth-torch-t08.json,40.63129425048828,4.794924736022949,40.66001599858282,40.48656972249349,4.802859306335449,5.8359375,41.32249450683594,4.923830986022949,41.356303001521155,40.883199055989586,4.931765556335449,6.08203125,6.096896171569824,4.333118915557861,6.118370998592582,3.104426701863607,4.341053485870361,5.171875,144.140625,0.0,1369.6875,12,12,0,0,float32,,,,,,
inference,fixed_depth,,torch,9,none,passed,,842466048,12,12,original,experiments/l40s/results/loop-baseline/inference-fixed_depth-torch-t09.json,45.38572692871094,5.350588798522949,45.41911900014384,45.54752095540365,5.358523368835449,6.5234375,46.18751907348633,5.479495048522949,46.21999800292542,45.98681640625,5.487429618835449,6.81640625,6.207520008087158,4.818539142608643,6.244389995117672,3.3576958974202475,4.826473712921143,5.80078125,144.140625,0.0,1531.6875,12,12,0,0,float32,,,,,,
inference,fixed_depth,,torch,10,none,passed,,927400704,12,12,original,experiments/l40s/results/loop-baseline/inference-fixed_depth-torch-t10.json,52.209632873535156,5.879519462585449,52.24053100391757,52.480682373046875,5.887454032897949,7.208984375,52.90803146362305,6.008975028991699,52.940039000532124,53.44256083170573,6.016360282897949,7.505859375,5.932032108306885,5.277225971221924,5.952690000412986,3.598677317301432,5.285160541534424,6.384765625,144.140625,0.0,1693.6875,12,12,0,0,float32,,,,,,
inference,fixed_depth,,torch,11,none,passed,,1012335360,12,12,original,experiments/l40s/results/loop-baseline/inference-fixed_depth-torch-t11.json,57.55187225341797,6.416262626647949,57.58247800258687,58.59976704915365,6.424197196960449,7.84765625,58.47244644165039,6.545168876647949,58.5023449966684,58.5181884765625,6.553103446960449,7.8359375,6.13478422164917,5.743725299835205,6.15731900325045,4.316501299540202,5.751659870147705,6.609375,144.140625,0.0,1855.6875,12,12,0,0,float32,,,,,,
inference,fixed_depth,,torch,12,none,passed,,1097270016,12,12,original,experiments/l40s/results/loop-baseline/inference-fixed_depth-torch-t12.json,62.54182434082031,6.973025321960449,62.57146799907787,63.18011983235677,6.980959892272949,8.53515625,62.80806350708008,7.101931571960449,62.85382399801165,63.391743977864586,7.109866142272949,8.51171875,6.2566399574279785,6.230244159698486,6.277234002482146,4.081664085388184,6.238178730010986,7.1796875,144.140625,0.0,2017.6875,12,12,0,0,float32,,,,,,
inference,fixed_depth,,torch,13,none,passed,,1182204672,12,12,original,experiments/l40s/results/loop-baseline/inference-fixed_depth-torch-t13.json,67.07801818847656,7.529665946960449,67.10887400549836,67.99598693847656,7.537600517272949,9.220703125,67.93926239013672,7.658572196960449,67.9712390046916,68.61856079101562,7.666506767272949,9.208984375,6.3897600173950195,6.716640949249268,6.426219995773863,4.314794540405273,6.724575519561768,7.771484375,144.140625,0.0,2179.6875,12,12,0,0,float32,,,,,,
inference,fixed_depth,,torch,14,none,passed,,1267139328,12,12,original,experiments/l40s/results/loop-baseline/inference-fixed_depth-torch-t14.json,73.7432632446289,8.05798625946045,73.77544199698605,75.26024373372395,8.06518840789795,9.908203125,75.47379302978516,8.18908977508545,75.50508499844,76.77571105957031,8.19409465789795,9.857421875,6.222847938537598,7.173985004425049,6.24377399799414,4.557482719421387,7.181919574737549,8.314453125,144.140625,0.0,2341.6875,12,12,0,0,float32,,,,,,
inference,fixed_depth,,torch,15,none,passed,,1352073984,12,12,original,experiments/l40s/results/loop-baseline/inference-fixed_depth-torch-t15.json,79.56377410888672,8.59765911102295,79.60196000203723,81.61928304036458,8.60559368133545,10.546875,80.89497375488281,8.72656536102295,80.9403140010545,82.26025390625,8.73449993133545,10.53515625,6.228831768035889,7.64414644241333,6.251803999475669,4.804266611735026,7.65208101272583,8.88671875,144.140625,0.0,2503.6875,12,12,0,0,float32,,,,,,
inference,fixed_depth,,torch,16,none,passed,,1437008640,12,12,original,experiments/l40s/results/loop-baseline/inference-fixed_depth-torch-t16.json,82.661376953125,9.15320110321045,82.69250000012107,83.55771891276042,9.16113567352295,11.232421875,83.03001403808594,9.28210735321045,83.06023099430604,84.06357320149739,9.29004192352295,11.220703125,6.096896171569824,8.129444599151611,6.117652003013063,5.039786656697591,8.137379169464111,9.466796875,144.140625,0.0,2665.6875,12,12,0,0,float32,,,,,,
inference,llt,32,tensor,1,none,passed,,149447424,12,12,extension,experiments/l40s/results/loop-sweep/inference-llt-tensor-r032-t01-none.json,12.659711837768555,0.8450527191162109,12.68201199854957,6.084266662597656,0.8450527191162109,1.07421875,15.874048233032227,0.8450527191162109,15.895757998805493,6.334112167358398,0.8450527191162109,1.064453125,9.25603199005127,0.7520999908447266,9.279013000195846,0.6307839949925741,0.7520999908447266,0.916015625,0.250274658203125,13.5,182.859375,12,12,0,0,float32,,,,,,
inference,llt,32,tensor,2,none,passed,,149447424,24,12,extension,experiments/l40s/results/loop-sweep/inference-llt-tensor-r032-t02-none.json,21.711872100830078,0.8450527191162109,21.734821995778475,11.628543853759766,0.8450527191162109,1.07421875,24.326976776123047,0.8450527191162109,24.348591003217734,11.88864008585612,0.8450527191162109,1.064453125,17.169408798217773,0.7520999908447266,17.193953004607465,1.0697387059529622,0.7520999908447266,0.916015625,0.250274658203125,13.5,182.859375,24,24,0,0,float32,,,,,,
inference,llt,32,tensor,3,none,passed,,149447424,36,12,extension,experiments/l40s/results/loop-sweep/inference-llt-tensor-r032-t03-none.json,30.404544830322266,0.8450527191162109,30.42577199812513,17.141727447509766,0.8450527191162109,1.07421875,33.02604675292969,0.8450527191162109,33.04880799987586,17.394004821777344,0.8450527191162109,1.064453125,25.151487350463867,0.7520999908447266,25.175806993502192,1.5090346336364746,0.7520999908447266,0.916015625,0.250274658203125,13.5,182.859375,36,36,0,0,float32,,,,,,
inference,llt,32,tensor,4,none,passed,,149447424,48,12,extension,experiments/l40s/results/loop-sweep/inference-llt-tensor-r032-t04-none.json,38.110206604003906,0.8450527191162109,38.13728199747857,22.805503845214844,0.8450527191162109,1.07421875,40.564735412597656,0.8450527191162109,40.585822993307374,23.05877431233724,0.8450527191162109,1.064453125,32.5294075012207,0.7520999908447266,32.55127000011271,1.9742719332377117,0.7520999908447266,0.916015625,0.250274658203125,13.5,182.859375,48,48,0,0,float32,,,,,,
inference,llt,32,tensor,5,none,passed,,149447424,60,12,extension,experiments/l40s/results/loop-sweep/inference-llt-tensor-r032-t05-none.json,47.15827178955078,0.8450527191162109,47.179840999888256,28.258644104003906,0.8450527191162109,1.07421875,49.97340774536133,0.8450527191162109,49.99497000244446,28.57471974690755,0.8450527191162109,1.064453125,40.19609451293945,0.7520999908447266,40.21763100172393,2.3900160789489746,0.7520999908447266,0.916015625,0.250274658203125,13.5,182.859375,60,60,0,0,float32,,,,,,
inference,llt,32,tensor,6,none,passed,,149447424,72,12,extension,experiments/l40s/results/loop-sweep/inference-llt-tensor-r032-t06-none.json,56.56883239746094,0.8450527191162109,56.59171099978266,33.88996378580729,0.8450527191162109,1.07421875,58.605567932128906,0.8450527191162109,58.632528998714406,34.12036387125651,0.8450527191162109,1.064453125,48.9791374206543,0.7520999908447266,49.00448599801166,2.8255573908487954,0.7520999908447266,0.916015625,0.250274658203125,13.5,182.859375,72,72,0,0,float32,,,,,,
inference,llt,32,tensor,7,none,passed,,149447424,84,12,extension,experiments/l40s/results/loop-sweep/inference-llt-tensor-r032-t07-none.json,66.43405151367188,0.8450527191162109,66.45734400080983,39.55916849772135,0.8450527191162109,1.07421875,67.18566131591797,0.8450527191162109,67.2081619995879,39.76396687825521,0.8450527191162109,1.064453125,57.77814483642578,0.7520999908447266,57.801707996986806,3.2716798782348633,0.7520999908447266,0.916015625,0.250274658203125,13.5,182.859375,84,84,0,0,float32,,,,,,
inference,llt,32,tensor,8,none,passed,,149447424,96,12,extension,experiments/l40s/results/loop-sweep/inference-llt-tensor-r032-t08-none.json,75.9214096069336,0.8450527191162109,75.94498899561586,46.297770182291664,0.8450527191162109,1.07421875,76.80716705322266,0.8450527191162109,76.82969699817477,46.12266540527344,0.8450527191162109,1.064453125,66.3736343383789,0.7520999908447266,66.39588600228308,3.722581227620443,0.7520999908447266,0.916015625,0.250274658203125,13.5,182.859375,96,96,0,0,float32,,,,,,
inference,llt,32,tensor,9,none,passed,,149447424,108,12,extension,experiments/l40s/results/loop-sweep/inference-llt-tensor-r032-t09-none.json,82.92147064208984,0.8450527191162109,82.94331900106044,52.04205830891927,0.8450527191162109,1.07421875,85.77753448486328,0.8450527191162109,85.79992800514447,52.56908671061198,0.8450527191162109,1.064453125,73.18425750732422,0.7520999908447266,73.2064879994141,4.162218729654948,0.7520999908447266,0.916015625,0.250274658203125,13.5,182.859375,108,108,0,0,float32,,,,,,
inference,llt,32,tensor,10,none,passed,,149447424,120,12,extension,experiments/l40s/results/loop-sweep/inference-llt-tensor-r032-t10-none.json,94.88690948486328,0.8450527191162109,94.91032900405116,56.01484680175781,0.8450527191162109,1.07421875,96.74752044677734,0.8450527191162109,96.77161400031764,55.9100596110026,0.8450527191162109,1.064453125,82.83340454101562,0.7520999908447266,82.85572299791966,4.589568138122559,0.7520999908447266,0.916015625,0.250274658203125,13.5,182.859375,120,120,0,0,float32,,,,,,
inference,llt,32,tensor,11,none,passed,,149447424,132,12,extension,experiments/l40s/results/loop-sweep/inference-llt-tensor-r032-t11-none.json,99.54313659667969,0.8450527191162109,99.56623399921227,63.3531748453776,0.8450527191162109,1.07421875,102.21263885498047,0.8450527191162109,102.23492699878989,63.583231608072914,0.8450527191162109,1.064453125,88.24012756347656,0.7520999908447266,88.26286299881758,5.043541272481282,0.7520999908447266,0.916015625,0.250274658203125,13.5,182.859375,132,132,0,0,float32,,,,,,
inference,llt,32,tensor,12,none,passed,,149447424,144,12,extension,experiments/l40s/results/loop-sweep/inference-llt-tensor-r032-t12-none.json,109.97657775878906,0.8450527191162109,109.99889999948209,66.93956502278645,0.8450527191162109,1.07421875,111.51667022705078,0.8450527191162109,111.54176499985624,67.23442077636719,0.8450527191162109,1.064453125,97.78482818603516,0.7520999908447266,97.807477999595,5.460992177327474,0.7520999908447266,0.916015625,0.250274658203125,13.5,182.859375,144,144,0,0,float32,,,,,,
inference,llt,32,tensor,13,none,passed,,149447424,156,12,extension,experiments/l40s/results/loop-sweep/inference-llt-tensor-r032-t13-none.json,118.1951675415039,0.8450527191162109,118.21864300145535,72.79888916015625,0.8450527191162109,1.07421875,120.13260650634766,0.8450527191162109,120.15661699842894,73.04190063476562,0.8450527191162109,1.064453125,105.43411254882812,0.7520999908447266,105.46596799395047,5.900970458984375,0.7520999908447266,0.916015625,0.250274658203125,13.5,182.859375,156,156,0,0,float32,,,,,,
inference,llt,32,tensor,14,none,passed,,149447424,168,12,extension,experiments/l40s/results/loop-sweep/inference-llt-tensor-r032-t14-none.json,127.93344116210938,0.8450527191162109,127.95569199806778,78.24179077148438,0.8450527191162109,1.07421875,130.5018310546875,0.8450527191162109,130.52528200205415,78.561279296875,0.8450527191162109,1.064453125,116.16665649414062,0.7520999908447266,116.19404599332483,6.341290791829427,0.7520999908447266,0.916015625,0.250274658203125,13.5,182.859375,168,168,0,0,float32,,,,,,
inference,llt,32,tensor,15,none,passed,,149447424,180,12,extension,experiments/l40s/results/loop-sweep/inference-llt-tensor-r032-t15-none.json,136.0055694580078,0.8450527191162109,136.0283449976123,84.0287577311198,0.8450527191162109,1.07421875,138.2554931640625,0.8450527191162109,138.27787999616703,84.25335693359375,0.8450527191162109,1.064453125,123.47081756591797,0.7520999908447266,123.49620599707123,6.789802551269531,0.7520999908447266,0.916015625,0.250274658203125,13.5,182.859375,180,180,0,0,float32,,,,,,
inference,llt,32,tensor,16,none,passed,,149447424,192,12,extension,experiments/l40s/results/loop-sweep/inference-llt-tensor-r032-t16-none.json,143.65696716308594,0.8450527191162109,143.68156300042756,89.32996622721355,0.8450527191162109,1.07421875,145.7664031982422,0.8450527191162109,145.79043300182093,89.58634440104167,0.8450527191162109,1.064453125,130.3203887939453,0.7520999908447266,130.34666800376726,7.218517303466797,0.7520999908447266,0.916015625,0.250274658203125,13.5,182.859375,192,192,0,0,float32,,,,,,
inference,llt,32,torch,1,none,passed,,149447424,12,12,extension,experiments/l40s/results/loop-sweep/inference-llt-torch-r032-t01-none.json,7.480319976806641,0.8509120941162109,7.535452001320664,5.422069549560547,0.8588466644287109,1.08203125,8.699904441833496,0.8517665863037109,8.723311999347061,5.719722747802734,0.8597011566162109,1.095703125,4.8506879806518555,0.7588129043579102,4.87306800641818,0.91921067237854,0.7667474746704102,0.958984375,0.250244140625,13.5,181.734375,12,12,0,0,float32,,,,,,
inference,llt,32,torch,2,none,passed,,149447424,24,12,extension,experiments/l40s/results/loop-sweep/inference-llt-torch-r032-t02-none.json,12.644255638122559,0.8509120941162109,12.669518000620883,10.330453236897787,0.8588466644287109,1.10546875,13.178879737854004,0.8517665863037109,13.204362003307324,10.635264078776041,0.8597011566162109,1.095703125,9.02246379852295,0.7588129043579102,9.05384799989406,1.6913065910339355,0.7667474746704102,0.958984375,0.250244140625,13.5,181.734375,24,24,0,0,float32,,,,,,
inference,llt,32,torch,3,none,passed,,149447424,36,12,extension,experiments/l40s/results/loop-sweep/inference-llt-torch-r032-t03-none.json,17.656831741333008,0.8509120941162109,17.689150001388043,15.264085133870443,0.8588466644287109,1.10546875,18.141183853149414,0.8517665863037109,18.165251000027638,15.569578806559244,0.8597011566162109,1.095703125,12.642304420471191,0.7588129043579102,12.677872000494972,2.463007926940918,0.7667474746704102,0.958984375,0.250244140625,13.5,181.734375,36,36,0,0,float32,,,,,,
inference,llt,32,torch,4,none,passed,,149447424,48,12,extension,experiments/l40s/results/loop-sweep/inference-llt-torch-r032-t04-none.json,23.06559944152832,0.8509120941162109,23.09229099773802,20.362581888834637,0.8588466644287109,1.10546875,23.631872177124023,0.8517665863037109,23.658295001951046,20.612096150716145,0.8597011566162109,1.095703125,17.65068817138672,0.7588129043579102,17.672586000117008,3.2361599604288735,0.7667474746704102,0.958984375,0.250244140625,13.5,181.734375,48,48,0,0,float32,,,,,,
inference,llt,32,torch,5,none,passed,,149447424,60,12,extension,experiments/l40s/results/loop-sweep/inference-llt-torch-r032-t05-none.json,28.14771270751953,0.8509120941162109,28.174990002298728,25.35662841796875,0.8588466644287109,1.10546875,28.835840225219727,0.8517665863037109,28.861365994089283,25.64573923746745,0.8597011566162109,1.095703125,21.945344924926758,0.7588129043579102,21.967381006106734,4.013397216796875,0.7667474746704102,0.958984375,0.250244140625,13.5,181.734375,60,60,0,0,float32,,,,,,
inference,llt,32,torch,6,none,passed,,149447424,72,12,extension,experiments/l40s/results/loop-sweep/inference-llt-torch-r032-t06-none.json,33.284095764160156,0.8509120941162109,33.329150995996315,30.2738774617513,0.8588466644287109,1.10546875,33.93843078613281,0.8517665863037109,33.96741600590758,30.538411458333332,0.8597011566162109,1.095703125,25.91436767578125,0.7588129043579102,25.935666002624203,4.779690742492676,0.7667474746704102,0.958984375,0.250244140625,13.5,181.734375,72,72,0,0,float32,,,,,,
inference,llt,32,torch,7,none,passed,,149447424,84,12,extension,experiments/l40s/results/loop-sweep/inference-llt-torch-r032-t07-none.json,38.47980880737305,0.8509120941162109,38.504641997860745,35.38056437174479,0.8588466644287109,1.10546875,39.209983825683594,0.8517665863037109,39.23532000044361,35.68401082356771,0.8597011566162109,1.095703125,30.58278465270996,0.7588129043579102,30.604684005083982,5.561333338419597,0.7667474746704102,0.958984375,0.250244140625,13.5,181.734375,84,84,0,0,float32,,,,,,
inference,llt,32,torch,8,none,passed,,149447424,96,12,extension,experiments/l40s/results/loop-sweep/inference-llt-torch-r032-t08-none.json,43.310081481933594,0.8509120941162109,43.35391199856531,39.870463053385414,0.8588466644287109,1.10546875,43.90707015991211,0.8517665863037109,43.93449000053806,40.141822814941406,0.8597011566162109,1.095703125,33.81657409667969,0.7588129043579102,33.83853699779138,6.321493148803711,0.7667474746704102,0.958984375,0.250244140625,13.5,181.734375,96,96,0,0,float32,,,,,,
inference,llt,32,torch,9,none,passed,,149447424,108,12,extension,experiments/l40s/results/loop-sweep/inference-llt-torch-r032-t09-none.json,48.79155349731445,0.8509120941162109,48.821003998455126,45.18123881022135,0.8588466644287109,1.10546875,49.677310943603516,0.8517665863037109,49.705407000146806,45.40040588378906,0.8597011566162109,1.095703125,39.01337432861328,0.7588129043579102,39.03641399665503,7.090858459472656,0.7667474746704102,0.958984375,0.250244140625,13.5,181.734375,108,108,0,0,float32,,,,,,
inference,llt,32,torch,10,none,passed,,149447424,120,12,extension,experiments/l40s/results/loop-sweep/inference-llt-torch-r032-t10-none.json,54.200321197509766,0.8509120941162109,54.22989599901484,50.225494384765625,0.8588466644287109,1.10546875,54.8771858215332,0.8517665863037109,54.91183300182456,50.5879872639974,0.8597011566162109,1.095703125,43.49235153198242,0.7588129043579102,43.513691998668946,7.869781494140625,0.7667474746704102,0.958984375,0.250244140625,13.5,181.734375,120,120,0,0,float32,,,,,,
inference,llt,32,torch,11,none,passed,,149447424,132,12,extension,experiments/l40s/results/loop-sweep/inference-llt-torch-r032-t11-none.json,59.833343505859375,0.8509120941162109,59.865994000574574,54.988800048828125,0.8588466644287109,1.10546875,59.74630355834961,0.8517665863037109,59.774501001811586,55.31409200032552,0.8597011566162109,1.095703125,48.24883270263672,0.7588129043579102,48.27217199635925,8.634368260701498,0.7667474746704102,0.958984375,0.250244140625,13.5,181.734375,132,132,0,0,float32,,,,,,
inference,llt,32,torch,12,none,passed,,149447424,144,12,extension,experiments/l40s/results/loop-sweep/inference-llt-torch-r032-t12-none.json,63.868961334228516,0.8509120941162109,63.89859000046272,59.726165771484375,0.8588466644287109,1.10546875,64.66150665283203,0.8517665863037109,64.69460499647539,59.99479675292969,0.8597011566162109,1.095703125,51.7652473449707,0.7588129043579102,51.78646200511139,9.406805038452148,0.7667474746704102,0.958984375,0.250244140625,13.5,181.734375,144,144,0,0,float32,,,,,,
inference,llt,32,torch,13,none,passed,,149447424,156,12,extension,experiments/l40s/results/loop-sweep/inference-llt-torch-r032-t13-none.json,69.30729675292969,0.8509120941162109,69.33559200115269,64.82602437337239,0.8588466644287109,1.10546875,70.24435424804688,0.8517665863037109,70.27099600236397,65.15575663248698,0.8597011566162109,1.095703125,57.34281539916992,0.7588129043579102,57.363564999832306,10.179242451985678,0.7667474746704102,0.958984375,0.250244140625,13.5,181.734375,156,156,0,0,float32,,,,,,
inference,llt,32,torch,14,none,passed,,149447424,168,12,extension,experiments/l40s/results/loop-sweep/inference-llt-torch-r032-t14-none.json,74.93241882324219,0.8509120941162109,74.9604550001095,70.17437744140625,0.8588466644287109,1.10546875,76.0792007446289,0.8517665863037109,76.1162329945364,70.58944193522136,0.8597011566162109,1.095703125,60.669952392578125,0.7588129043579102,60.69284800469177,10.971477508544922,0.7667474746704102,0.958984375,0.250244140625,13.5,181.734375,168,168,0,0,float32,,,,,,
inference,llt,32,torch,15,none,passed,,149447424,180,12,extension,experiments/l40s/results/loop-sweep/inference-llt-torch-r032-t15-none.json,80.17814636230469,0.8509120941162109,80.20646599470638,75.28921508789062,0.8588466644287109,1.10546875,81.18476867675781,0.8517665863037109,81.21412099717418,75.63193766276042,0.8597011566162109,1.095703125,65.31065368652344,0.7588129043579102,65.3328109983704,11.731285095214844,0.7667474746704102,0.958984375,0.250244140625,13.5,181.734375,180,180,0,0,float32,,,,,,
inference,llt,32,torch,16,none,passed,,149447424,192,12,extension,experiments/l40s/results/loop-sweep/inference-llt-torch-r032-t16-none.json,85.21318054199219,0.8509120941162109,85.24182299879612,80.29454040527344,0.8588466644287109,1.10546875,86.33036804199219,0.8517665863037109,86.35965800203849,80.65433756510417,0.8597011566162109,1.095703125,68.91417694091797,0.7588129043579102,68.93588199454825,12.519424438476562,0.7667474746704102,0.958984375,0.250244140625,13.5,181.734375,192,192,0,0,float32,,,,,,
inference,llt,64,tensor,1,none,passed,,150061824,12,12,original,experiments/l40s/results/loop-baseline/inference-llt-tensor-t01.json,12.6310396194458,0.8825407028198242,12.65359000171884,6.8573869069417315,0.8683834075927734,1.107421875,15.3057279586792,0.8825407028198242,15.326666998589644,7.15229860941569,0.8683834075927734,1.119140625,9.127936363220215,0.7837343215942383,9.148608001851244,0.6782293319702148,0.7837343215942383,0.955078125,0.500518798828125,27.0,184.03125,12,12,0,0,float32,,,,,,
inference,llt,64,tensor,2,none,passed,,150061824,24,12,original,experiments/l40s/results/loop-baseline/inference-llt-tensor-t02.json,20.814847946166992,0.8825407028198242,20.840176999627147,13.104426066080729,0.8683834075927734,1.107421875,23.723007202148438,0.8825407028198242,23.746234001009725,13.411328633626303,0.8683834075927734,1.119140625,16.728063583374023,0.7837343215942383,16.74882100269315,1.18340269724528,0.7837343215942383,0.955078125,0.500518798828125,27.0,184.03125,24,24,0,0,float32,,,,,,
inference,llt,64,tensor,3,none,passed,,150061824,36,12,original,experiments/l40s/results/loop-baseline/inference-llt-tensor-t03.json,30.072832107543945,0.8825407028198242,30.09398699941812,19.391146341959637,0.8683834075927734,1.107421875,33.38240051269531,0.8825407028198242,33.40503599974909,19.690155029296875,0.8683834075927734,1.119140625,25.848831176757812,0.7837343215942383,25.870905999909155,1.6878399848937988,0.7837343215942383,0.955078125,0.500518798828125,27.0,184.03125,36,36,0,0,float32,,,,,,
inference,llt,64,tensor,4,none,passed,,150061824,48,12,original,experiments/l40s/results/loop-baseline/inference-llt-tensor-t04.json,39.43833541870117,0.8825407028198242,39.459785002691206,25.653589884440105,0.8683834075927734,1.107421875,42.866783142089844,0.8825407028198242,42.900394000753295,25.9617919921875,0.8683834075927734,1.119140625,33.525726318359375,0.7837343215942383,33.54601799946977,2.1910187403361,0.7837343215942383,0.955078125,0.500518798828125,27.0,184.03125,48,48,0,0,float32,,,,,,
inference,llt,64,tensor,5,none,passed,,150061824,60,12,original,experiments/l40s/results/loop-baseline/inference-llt-tensor-t05.json,47.303680419921875,0.8825407028198242,47.325255000032485,31.940266927083332,0.8683834075927734,1.107421875,51.137535095214844,0.8825407028198242,51.16091599848005,32.216715494791664,0.8683834075927734,1.119140625,41.50681686401367,0.7837343215942383,41.533379997417796,2.6968746185302734,0.7837343215942383,0.955078125,0.500518798828125,27.0,184.03125,60,60,0,0,float32,,,,,,
inference,llt,64,tensor,6,none,passed,,150061824,72,12,original,experiments/l40s/results/loop-baseline/inference-llt-tensor-t06.json,55.744384765625,0.8825407028198242,55.765925000741845,38.23616027832031,0.8683834075927734,1.107421875,58.95475387573242,0.8825407028198242,58.97709900091286,38.528340657552086,0.8683834075927734,1.119140625,48.330753326416016,0.7837343215942383,48.35222800102201,3.2000001271565757,0.7837343215942383,0.955078125,0.500518798828125,27.0,184.03125,72,72,0,0,float32,,,,,,
inference,llt,64,tensor,7,none,passed,,150061824,84,12,original,experiments/l40s/results/loop-baseline/inference-llt-tensor-t07.json,65.27385711669922,0.8825407028198242,65.29961100022774,44.490071614583336,0.8683834075927734,1.107421875,69.5869140625,0.8825407028198242,69.60912200156599,44.81672668457031,0.8683834075927734,1.119140625,57.73926544189453,0.7837343215942383,57.760701994993724,3.7044906616210938,0.7837343215942383,0.955078125,0.500518798828125,27.0,184.03125,84,84,0,0,float32,,,,,,
inference,llt,64,tensor,8,none,passed,,150061824,96,12,original,experiments/l40s/results/loop-baseline/inference-llt-tensor-t08.json,75.11039733886719,0.8825407028198242,75.15422599681187,50.6999257405599,0.8683834075927734,1.107421875,77.80044555664062,0.8825407028198242,77.82151799619896,51.05151875813802,0.8683834075927734,1.119140625,65.3803482055664,0.7837343215942383,65.40390299778664,4.208298683166504,0.7837343215942383,0.955078125,0.500518798828125,27.0,184.03125,96,96,0,0,float32,,,,,,
inference,llt,64,tensor,9,none,passed,,150061824,108,12,original,experiments/l40s/results/loop-baseline/inference-llt-tensor-t09.json,83.71302032470703,0.8825407028198242,83.73661699442891,57.04772440592448,0.8683834075927734,1.107421875,87.57965087890625,0.8825407028198242,87.60234600049444,57.34809366861979,0.8683834075927734,1.119140625,74.58918762207031,0.7837343215942383,74.61174800118897,4.71449597676595,0.7837343215942383,0.955078125,0.500518798828125,27.0,184.03125,108,108,0,0,float32,,,,,,
inference,llt,64,tensor,10,none,passed,,150061824,120,12,original,experiments/l40s/results/loop-baseline/inference-llt-tensor-t10.json,92.28697967529297,0.8825407028198242,92.30899200338172,63.71430460611979,0.8683834075927734,1.107421875,96.0810546875,0.8825407028198242,96.10263600188773,64.02760314941406,0.8683834075927734,1.119140625,83.37100982666016,0.7837343215942383,83.39305799745489,5.225130716959636,0.7837343215942383,0.955078125,0.500518798828125,27.0,184.03125,120,120,0,0,float32,,,,,,
inference,llt,64,tensor,11,none,passed,,150061824,132,12,original,experiments/l40s/results/loop-baseline/inference-llt-tensor-t11.json,101.0031967163086,0.8825407028198242,101.03445400454802,71.82916259765625,0.8683834075927734,1.107421875,104.78399658203125,0.8825407028198242,104.81432999949902,72.33770751953125,0.8683834075927734,1.119140625,91.09606170654297,0.7837343215942383,91.11809600290144,5.747029622395833,0.7837343215942383,0.955078125,0.500518798828125,27.0,184.03125,132,132,0,0,float32,,,,,,
inference,llt,64,tensor,12,none,passed,,150061824,144,12,original,experiments/l40s/results/loop-baseline/inference-llt-tensor-t12.json,108.92070770263672,0.8825407028198242,108.94412299967371,78.09058125813802,0.8683834075927734,1.107421875,110.24486541748047,0.8825407028198242,110.2682319979067,78.30050150553386,0.8683834075927734,1.119140625,98.2446060180664,0.7837343215942383,98.26711400091881,6.2361602783203125,0.7837343215942383,0.955078125,0.500518798828125,27.0,184.03125,144,144,0,0,float32,,,,,,
inference,llt,64,tensor,13,none,passed,,150061824,156,12,original,experiments/l40s/results/loop-baseline/inference-llt-tensor-t13.json,117.83679962158203,0.8825407028198242,117.85923300340073,85.0674336751302,0.8683834075927734,1.107421875,120.03228759765625,0.8825407028198242,120.05693699757103,85.56031290690105,0.8683834075927734,1.119140625,108.70579528808594,0.7837343215942383,108.74683899601223,6.75703493754069,0.7837343215942383,0.955078125,0.500518798828125,27.0,184.03125,156,156,0,0,float32,,,,,,
inference,llt,64,tensor,14,none,passed,,150061824,168,12,original,experiments/l40s/results/loop-baseline/inference-llt-tensor-t14.json,125.11846160888672,0.8825407028198242,125.14056199870538,92.62318929036458,0.8683834075927734,1.107421875,128.82432556152344,0.8825407028198242,128.85103200096637,92.45968627929688,0.8683834075927734,1.119140625,112.80989074707031,0.7837343215942383,112.83193400595337,7.264597574869792,0.7837343215942383,0.955078125,0.500518798828125,27.0,184.03125,168,168,0,0,float32,,,,,,
inference,llt,64,tensor,15,none,passed,,150061824,180,12,original,experiments/l40s/results/loop-baseline/inference-llt-tensor-t15.json,136.65895080566406,0.8825407028198242,136.68175299972063,96.29286702473958,0.8683834075927734,1.107421875,139.29779052734375,0.8825407028198242,139.3210509995697,96.65774536132812,0.8683834075927734,1.119140625,122.33113861083984,0.7837343215942383,122.35463799879653,7.757792154947917,0.7837343215942383,0.955078125,0.500518798828125,27.0,184.03125,180,180,0,0,float32,,,,,,
inference,llt,64,tensor,16,none,passed,,150061824,192,12,original,experiments/l40s/results/loop-baseline/inference-llt-tensor-t16.json,146.4954833984375,0.8825407028198242,146.51950300321914,101.79990641276042,0.8683834075927734,1.107421875,148.82406616210938,0.8825407028198242,148.84701000119094,102.04672241210938,0.8683834075927734,1.119140625,131.3423309326172,0.7837343215942383,131.3715130017954,8.255488077799479,0.7837343215942383,0.955078125,0.500518798828125,27.0,184.03125,192,192,0,0,float32,,,,,,
inference,llt,64,torch,1,none,passed,,150061824,12,12,original,experiments/l40s/results/loop-baseline/inference-llt-torch-t01.json,8.1909761428833,0.8874235153198242,8.214442001190037,6.14361572265625,0.8819332122802734,1.126953125,8.668160438537598,0.8880338668823242,8.692153998708818,6.4945494333903,0.8825435638427734,1.13671875,4.773888111114502,0.7892265319824219,4.794117998244474,1.001792033513387,0.7971611022949219,0.97265625,0.50048828125,27.0,181.78125,12,12,0,0,float32,,,,,,
inference,llt,64,torch,2,none,passed,,150061824,24,12,original,experiments/l40s/results/loop-baseline/inference-llt-torch-t02.json,13.96940803527832,0.8874235153198242,14.007096000568708,11.785898844401041,0.8819332122802734,1.150390625,14.321663856506348,0.8880338668823242,14.344925999466795,12.12072499593099,0.8825435638427734,1.13671875,9.02451229095459,0.7892265319824219,9.04544100194471,1.8565120697021484,0.7971611022949219,0.97265625,0.50048828125,27.0,181.78125,24,24,0,0,float32,,,,,,
inference,llt,64,torch,3,none,passed,,150061824,36,12,original,experiments/l40s/results/loop-baseline/inference-llt-torch-t03.json,19.85638427734375,0.8874235153198242,19.882544002030045,17.438378651936848,0.8819332122802734,1.150390625,20.145151138305664,0.8880338668823242,20.18069999758154,17.775615692138672,0.8825435638427734,1.13671875,12.80835247039795,0.7892265319824219,12.832545999117428,2.7125654220581055,0.7971611022949219,0.97265625,0.50048828125,27.0,181.78125,36,36,0,0,float32,,,,,,
inference,llt,64,torch,4,none,passed,,150061824,48,12,original,experiments/l40s/results/loop-baseline/inference-llt-torch-t04.json,25.825279235839844,0.8874235153198242,25.851481001154752,23.10553487141927,0.8819332122802734,1.150390625,26.12531280517578,0.8880338668823242,26.153075999900466,23.40044911702474,0.8825435638427734,1.13671875,17.266687393188477,0.7892265319824219,17.28823100347654,3.5669333140055337,0.7971611022949219,0.97265625,0.50048828125,27.0,181.78125,48,48,0,0,float32,,,,,,
inference,llt,64,torch,5,none,passed,,150061824,60,12,original,experiments/l40s/results/loop-baseline/inference-llt-torch-t05.json,31.547391891479492,0.8874235153198242,31.57331699912902,28.719444274902344,0.8819332122802734,1.150390625,31.894527435302734,0.8880338668823242,31.925684997986536,29.091158548990887,0.8825435638427734,1.13671875,21.373952865600586,0.7892265319824219,21.395908999693347,4.418560028076172,0.7971611022949219,0.97265625,0.50048828125,27.0,181.78125,60,60,0,0,float32,,,,,,
inference,llt,64,torch,6,none,passed,,150061824,72,12,original,experiments/l40s/results/loop-baseline/inference-llt-torch-t06.json,37.39238357543945,0.8874235153198242,37.42038799828151,34.400596618652344,0.8819332122802734,1.150390625,37.74156951904297,0.8880338668823242,37.77889699995285,34.73100789388021,0.8825435638427734,1.13671875,25.73619270324707,0.7892265319824219,25.757354000234045,5.273941357930501,0.7971611022949219,0.97265625,0.50048828125,27.0,181.78125,72,72,0,0,float32,,,,,,
inference,llt,64,torch,7,none,passed,,150061824,84,12,original,experiments/l40s/results/loop-baseline/inference-llt-torch-t07.json,43.2723503112793,0.8874235153198242,43.30002600181615,40.11929575602213,0.8819332122802734,1.150390625,43.62956619262695,0.8880338668823242,43.65665499790339,40.41967010498047,0.8825435638427734,1.13671875,29.94278335571289,0.7892265319824219,29.964617002406158,6.1265920003255205,0.7971611022949219,0.97265625,0.50048828125,27.0,181.78125,84,84,0,0,float32,,,,,,
inference,llt,64,torch,8,none,passed,,150061824,96,12,original,experiments/l40s/results/loop-baseline/inference-llt-torch-t08.json,49.18678283691406,0.8874235153198242,49.21714800002519,45.67889912923177,0.8819332122802734,1.150390625,49.503231048583984,0.8880338668823242,49.53364600078203,46.09636433919271,0.8825435638427734,1.13671875,33.38947296142578,0.7892265319824219,33.410602001822554,6.981632232666016,0.7971611022949219,0.97265625,0.50048828125,27.0,181.78125,96,96,0,0,float32,,,,,,
inference,llt,64,torch,9,none,passed,,150061824,108,12,original,experiments/l40s/results/loop-baseline/inference-llt-torch-t09.json,55.07072067260742,0.8874235153198242,55.09678099770099,51.46930948893229,0.8819332122802734,1.150390625,55.356414794921875,0.8880338668823242,55.38697400334058,51.67684427897135,0.8825435638427734,1.13671875,37.7468147277832,0.7892265319824219,37.76788899995154,7.836330413818359,0.7971611022949219,0.97265625,0.50048828125,27.0,181.78125,108,108,0,0,float32,,,,,,
inference,llt,64,torch,10,none,passed,,150061824,120,12,original,experiments/l40s/results/loop-baseline/inference-llt-torch-t10.json,61.84751892089844,0.8874235153198242,61.8931729986798,58.064554850260414,0.8819332122802734,1.150390625,62.18854522705078,0.8880338668823242,62.21893399924738,58.47859191894531,0.8825435638427734,1.13671875,44.431358337402344,0.7892265319824219,44.45359700184781,8.699904123942057,0.7971611022949219,0.97265625,0.50048828125,27.0,181.78125,120,120,0,0,float32,,,,,,
inference,llt,64,torch,11,none,passed,,150061824,132,12,original,experiments/l40s/results/loop-baseline/inference-llt-torch-t11.json,68.59161376953125,0.8874235153198242,68.61669500358403,64.72294616699219,0.8819332122802734,1.150390625,69.0851821899414,0.8880338668823242,69.11338699865155,65.18715922037761,0.8825435638427734,1.13671875,45.630462646484375,0.7892265319824219,45.65163899678737,9.575765609741211,0.7971611022949219,0.97265625,0.50048828125,27.0,181.78125,132,132,0,0,float32,,,,,,
inference,llt,64,torch,12,none,passed,,150061824,144,12,original,experiments/l40s/results/loop-baseline/inference-llt-torch-t12.json,73.43206024169922,0.8874235153198242,73.46120299916947,69.2282002766927,0.8819332122802734,1.150390625,73.4576644897461,0.8880338668823242,73.49076200625859,69.35341898600261,0.8825435638427734,1.13671875,50.83340835571289,0.7892265319824219,50.855426998168696,10.41100819905599,0.7971611022949219,0.97265625,0.50048828125,27.0,181.78125,144,144,0,0,float32,,,,,,
inference,llt,64,torch,13,none,passed,,150061824,156,12,original,experiments/l40s/results/loop-baseline/inference-llt-torch-t13.json,79.20425415039062,0.8874235153198242,79.23359100095695,74.85303243001302,0.8819332122802734,1.150390625,79.39788818359375,0.8880338668823242,79.42972500313772,75.28550211588542,0.8825435638427734,1.13671875,54.64780807495117,0.7892265319824219,54.668666001816746,11.264277140299479,0.7971611022949219,0.97265625,0.50048828125,27.0,181.78125,156,156,0,0,float32,,,,,,
inference,llt,64,torch,14,none,passed,,150061824,168,12,original,experiments/l40s/results/loop-baseline/inference-llt-torch-t14.json,85.07801818847656,0.8874235153198242,85.11041100427974,80.44031778971355,0.8819332122802734,1.150390625,85.08911895751953,0.8880338668823242,85.119269999268,80.55227661132812,0.8825435638427734,1.13671875,59.4257926940918,0.7892265319824219,59.44964499940397,12.118016560872396,0.7971611022949219,0.97265625,0.50048828125,27.0,181.78125,168,168,0,0,float32,,,,,,
inference,llt,64,torch,15,none,passed,,150061824,180,12,original,experiments/l40s/results/loop-baseline/inference-llt-torch-t15.json,91.15135955810547,0.8874235153198242,91.18446300271899,86.21328735351562,0.8819332122802734,1.150390625,91.26697540283203,0.8880338668823242,91.30239200021606,86.63448079427083,0.8825435638427734,1.13671875,64.88371276855469,0.7892265319824219,64.90870400011772,12.971349080403646,0.7971611022949219,0.97265625,0.50048828125,27.0,181.78125,180,180,0,0,float32,,,,,,
inference,llt,64,torch,16,none,passed,,150061824,192,12,original,experiments/l40s/results/loop-baseline/inference-llt-torch-t16.json,97.65990447998047,0.8874235153198242,97.71604799607303,92.73753865559895,0.8819332122802734,1.150390625,98.06028747558594,0.8880338668823242,98.08997700019972,93.08296712239583,0.8825435638427734,1.13671875,68.80867004394531,0.7892265319824219,68.83002500399016,13.831509908040365,0.7971611022949219,0.97265625,0.50048828125,27.0,181.78125,192,192,0,0,float32,,,,,,
inference,llt,128,tensor,1,none,passed,,151290624,12,12,extension,experiments/l40s/results/loop-sweep/inference-llt-tensor-r128-t01-none.json,12.571840286254883,0.9158992767333984,12.595624997629784,8.841557184855143,0.9127254486083984,1.251953125,15.636480331420898,0.9158992767333984,15.657948002626654,9.21395174662272,0.9127254486083984,1.259765625,8.966239929199219,0.8059897422790527,8.991383001557551,0.7809600035349528,0.8059897422790527,1.029296875,1.001007080078125,54.0,186.375,12,12,0,0,float32,,,,,,
inference,llt,128,tensor,2,none,passed,,151290624,24,12,extension,experiments/l40s/results/loop-sweep/inference-llt-tensor-r128-t02-none.json,21.914623260498047,0.9158992767333984,21.935419994406402,17.007274627685547,0.9127254486083984,1.251953125,24.261632919311523,0.9158992767333984,24.283669001306407,17.376597086588543,0.9127254486083984,1.259765625,17.191936492919922,0.8059897422790527,17.21413199993549,1.3871787389119465,0.8059897422790527,1.029296875,1.001007080078125,54.0,186.375,24,24,0,0,float32,,,,,,
inference,llt,128,tensor,3,none,passed,,151290624,36,12,extension,experiments/l40s/results/loop-sweep/inference-llt-tensor-r128-t03-none.json,30.4322566986084,0.9158992767333984,30.45993099658517,25.23613993326823,0.9127254486083984,1.251953125,33.40902328491211,0.9158992767333984,33.4332650018041,25.526954650878906,0.9127254486083984,1.259765625,25.091167449951172,0.8059897422790527,25.113517003774177,1.9937280019124348,0.8059897422790527,1.029296875,1.001007080078125,54.0,186.375,36,36,0,0,float32,,,,,,
inference,llt,128,tensor,4,none,passed,,151290624,48,12,extension,experiments/l40s/results/loop-sweep/inference-llt-tensor-r128-t04-none.json,39.588863372802734,0.9158992767333984,39.61027699551778,33.635668436686196,0.9127254486083984,1.251953125,42.35171127319336,0.9158992767333984,42.374887998448685,34.086570739746094,0.9127254486083984,1.259765625,33.123329162597656,0.8059897422790527,33.14603200124111,2.611541271209717,0.8059897422790527,1.029296875,1.001007080078125,54.0,186.375,48,48,0,0,float32,,,,,,
inference,llt,128,tensor,5,none,passed,,151290624,60,12,extension,experiments/l40s/results/loop-sweep/inference-llt-tensor-r128-t05-none.json,47.508480072021484,0.9158992767333984,47.5315479998244,42.80999247233073,0.9127254486083984,1.251953125,50.285728454589844,0.9158992767333984,50.30973999964772,43.383809407552086,0.9127254486083984,1.259765625,41.0777587890625,0.8059897422790527,41.09919499751413,3.2174078623453775,0.8059897422790527,1.029296875,1.001007080078125,54.0,186.375,60,60,0,0,float32,,,,,,
inference,llt,128,tensor,6,none,passed,,151290624,72,12,extension,experiments/l40s/results/loop-sweep/inference-llt-tensor-r128-t06-none.json,59.19539260864258,0.9158992767333984,59.21645499620354,49.326080322265625,0.9127254486083984,1.251953125,62.15372848510742,0.9158992767333984,62.17648199526593,49.74182637532552,0.9127254486083984,1.259765625,52.375553131103516,0.8059897422790527,52.39920599706238,3.8068908055623374,0.8059897422790527,1.029296875,1.001007080078125,54.0,186.375,72,72,0,0,float32,,,,,,
inference,llt,128,tensor,7,none,passed,,151290624,84,12,extension,experiments/l40s/results/loop-sweep/inference-llt-tensor-r128-t07-none.json,66.05705261230469,0.9158992767333984,66.08192600106122,58.36595153808594,0.9127254486083984,1.251953125,68.93567657470703,0.9158992767333984,68.95875299960608,59.24386088053385,0.9127254486083984,1.259765625,57.99833679199219,0.8059897422790527,58.020958000270184,4.431189219156901,0.8059897422790527,1.029296875,1.001007080078125,54.0,186.375,84,84,0,0,float32,,,,,,
inference,llt,128,tensor,8,none,passed,,151290624,96,12,extension,experiments/l40s/results/loop-sweep/inference-llt-tensor-r128-t08-none.json,74.0311050415039,0.9158992767333984,74.05379499687115,65.52098083496094,0.9127254486083984,1.251953125,76.77948760986328,0.9158992767333984,76.80221200280357,65.91249084472656,0.9127254486083984,1.259765625,65.7418212890625,0.8059897422790527,65.7632910006214,5.01686414082845,0.8059897422790527,1.029296875,1.001007080078125,54.0,186.375,96,96,0,0,float32,,,,,,
inference,llt,128,tensor,9,none,passed,,151290624,108,12,extension,experiments/l40s/results/loop-sweep/inference-llt-tensor-r128-t09-none.json,84.64173126220703,0.9158992767333984,84.66288400086341,75.37766520182292,0.9127254486083984,1.251953125,87.72303771972656,0.9158992767333984,87.7465560042765,75.8814697265625,0.9127254486083984,1.259765625,72.54528045654297,0.8059897422790527,72.56719400174916,5.629610697428386,0.8059897422790527,1.029296875,1.001007080078125,54.0,186.375,108,108,0,0,float32,,,,,,
inference,llt,128,tensor,10,none,passed,,151290624,120,12,extension,experiments/l40s/results/loop-sweep/inference-llt-tensor-r128-t10-none.json,94.56537628173828,0.9158992767333984,94.58759800327243,83.3631591796875,0.9127254486083984,1.251953125,94.64524841308594,0.9158992767333984,94.67355199740268,83.32049051920573,0.9127254486083984,1.259765625,85.05651092529297,0.8059897422790527,85.0810729971272,6.228298823038737,0.8059897422790527,1.029296875,1.001007080078125,54.0,186.375,120,120,0,0,float32,,,,,,
inference,llt,128,tensor,11,none,passed,,151290624,132,12,extension,experiments/l40s/results/loop-sweep/inference-llt-tensor-r128-t11-none.json,101.84915161132812,0.9158992767333984,101.87148100521881,89.8136698404948,0.9127254486083984,1.251953125,105.37983703613281,0.9158992767333984,105.40535200561862,90.22020467122395,0.9127254486083984,1.259765625,90.59737396240234,0.8059897422790527,90.62084600009257,6.832469304402669,0.8059897422790527,1.029296875,1.001007080078125,54.0,186.375,132,132,0,0,float32,,,,,,
inference,llt,128,tensor,12,none,passed,,151290624,144,12,extension,experiments/l40s/results/loop-sweep/inference-llt-tensor-r128-t12-none.json,109.66118621826172,0.9158992767333984,109.68215000320924,98.8214619954427,0.9127254486083984,1.251953125,112.2551040649414,0.9158992767333984,112.2800300072413,99.59458414713542,0.9127254486083984,1.259765625,97.47968292236328,0.8059897422790527,97.50344100029906,7.436970392862956,0.8059897422790527,1.029296875,1.001007080078125,54.0,186.375,144,144,0,0,float32,,,,,,
inference,llt,128,tensor,13,none,passed,,151290624,156,12,extension,experiments/l40s/results/loop-sweep/inference-llt-tensor-r128-t13-none.json,117.9320297241211,0.9158992767333984,117.95489500218537,107.81627400716145,0.9127254486083984,1.251953125,122.92092895507812,0.9158992767333984,122.94519200077048,108.35524495442708,0.9127254486083984,1.259765625,105.7996826171875,0.8059897422790527,105.82296999928076,8.043488184611002,0.8059897422790527,1.029296875,1.001007080078125,54.0,186.375,156,156,0,0,float32,,,,,,
inference,llt,128,tensor,14,none,passed,,151290624,168,12,extension,experiments/l40s/results/loop-sweep/inference-llt-tensor-r128-t14-none.json,128.8079376220703,0.9158992767333984,128.83076800062554,118.50376383463542,0.9127254486083984,1.251953125,130.7545623779297,0.9158992767333984,130.77863099897513,120.04693603515625,0.9127254486083984,1.259765625,115.69766235351562,0.8059897422790527,115.7256239966955,8.686208089192709,0.8059897422790527,1.029296875,1.001007080078125,54.0,186.375,168,168,0,0,float32,,,,,,
inference,llt,128,tensor,15,none,passed,,151290624,180,12,extension,experiments/l40s/results/loop-sweep/inference-llt-tensor-r128-t15-none.json,136.33331298828125,0.9158992767333984,136.35863400122616,123.687255859375,0.9127254486083984,1.251953125,140.9423370361328,0.9158992767333984,140.9722639946267,124.43102010091145,0.9127254486083984,1.259765625,122.4079360961914,0.8059897422790527,122.43092699645786,9.25491205851237,0.8059897422790527,1.029296875,1.001007080078125,54.0,186.375,180,180,0,0,float32,,,,,,
inference,llt,128,tensor,16,none,passed,,151290624,192,12,extension,experiments/l40s/results/loop-sweep/inference-llt-tensor-r128-t16-none.json,144.62156677246094,0.9158992767333984,144.64563399815233,130.18998209635416,0.9127254486083984,1.251953125,147.5880889892578,0.9158992767333984,147.611249005422,130.69135538736978,0.9127254486083984,1.259765625,128.5498809814453,0.8059897422790527,128.5728820002987,9.85702387491862,0.8059897422790527,1.029296875,1.001007080078125,54.0,186.375,192,192,0,0,float32,,,,,,
inference,llt,128,torch,1,none,passed,,151290624,12,12,extension,experiments/l40s/results/loop-sweep/inference-llt-torch-r128-t01-none.json,9.591808319091797,0.9244441986083984,9.625539998523891,7.685120264689128,0.9251766204833984,1.27734375,10.136575698852539,0.9244441986083984,10.16380399960326,8.046197255452475,0.9257869720458984,1.26953125,4.887551784515381,0.8141703605651855,4.910307005047798,1.0796373685201008,0.8221049308776855,1.04296875,1.0009765625,54.0,181.875,12,12,0,0,float32,,,,,,
inference,llt,128,torch,2,none,passed,,151290624,24,12,extension,experiments/l40s/results/loop-sweep/inference-llt-torch-r128-t02-none.json,16.998239517211914,0.9244441986083984,17.041309001797345,14.870527903238932,0.9251766204833984,1.27734375,17.45408058166504,0.9244441986083984,17.480967995652463,15.213909149169922,0.9257869720458984,1.26953125,9.222047805786133,0.8141703605651855,9.246626003005076,2.015519936879476,0.8221049308776855,1.04296875,1.0009765625,54.0,181.875,24,24,0,0,float32,,,,,,
inference,llt,128,torch,3,none,passed,,151290624,36,12,extension,experiments/l40s/results/loop-sweep/inference-llt-torch-r128-t03-none.json,24.302560806274414,0.9244441986083984,24.331505002919585,21.956265767415363,0.9251766204833984,1.27734375,24.768512725830078,0.9244441986083984,24.796546997094993,22.34265645345052,0.9257869720458984,1.26953125,13.310976028442383,0.8141703605651855,13.333795999642462,2.9569174448649087,0.8221049308776855,1.04296875,1.0009765625,54.0,181.875,36,36,0,0,float32,,,,,,
inference,llt,128,torch,4,none,passed,,151290624,48,12,extension,experiments/l40s/results/loop-sweep/inference-llt-torch-r128-t04-none.json,31.765567779541016,0.9244441986083984,31.79408500000136,29.10376485188802,0.9251766204833984,1.27734375,32.19456100463867,0.9244441986083984,32.22426399588585,29.49529520670573,0.9257869720458984,1.26953125,17.944576263427734,0.8141703605651855,17.986437000217848,3.8823254903157554,0.8221049308776855,1.04296875,1.0009765625,54.0,181.875,48,48,0,0,float32,,,,,,
inference,llt,128,torch,5,none,passed,,151290624,60,12,extension,experiments/l40s/results/loop-sweep/inference-llt-torch-r128-t05-none.json,39.13011169433594,0.9244441986083984,39.160403997811954,36.15470886230469,0.9251766204833984,1.27734375,39.54995346069336,0.9244441986083984,39.580465003382415,36.50764719645182,0.9257869720458984,1.26953125,22.394912719726562,0.8141703605651855,22.41643900197232,4.811050732930501,0.8221049308776855,1.04296875,1.0009765625,54.0,181.875,60,60,0,0,float32,,,,,,
inference,llt,128,torch,6,none,passed,,151290624,72,12,extension,experiments/l40s/results/loop-sweep/inference-llt-torch-r128-t06-none.json,46.018558502197266,0.9244441986083984,46.050092998484615,43.02197265625,0.9251766204833984,1.27734375,46.58073425292969,0.9244441986083984,46.622647998447064,43.43671671549479,0.9257869720458984,1.26953125,26.978239059448242,0.8141703605651855,27.00037899921881,5.750741322835286,0.8221049308776855,1.04296875,1.0009765625,54.0,181.875,72,72,0,0,float32,,,,,,
inference,llt,128,torch,7,none,passed,,151290624,84,12,extension,experiments/l40s/results/loop-sweep/inference-llt-torch-r128-t07-none.json,53.59513473510742,0.9244441986083984,53.62461400363827,50.44599405924479,0.9251766204833984,1.27734375,54.21977615356445,0.9244441986083984,54.25182799808681,50.908477783203125,0.9257869720458984,1.26953125,30.857215881347656,0.8141703605651855,30.878133002261166,6.708202362060547,0.8221049308776855,1.04296875,1.0009765625,54.0,181.875,84,84,0,0,float32,,,,,,
inference,llt,128,torch,8,none,passed,,151290624,96,12,extension,experiments/l40s/results/loop-sweep/inference-llt-torch-r128-t08-none.json,61.54547119140625,0.9244441986083984,61.579243003507145,58.101420084635414,0.9251766204833984,1.27734375,62.24998474121094,0.9244441986083984,62.28288100101054,58.826070149739586,0.9257869720458984,1.26953125,34.45452880859375,0.8141703605651855,34.477942004741635,7.646517435709636,0.8221049308776855,1.04296875,1.0009765625,54.0,181.875,96,96,0,0,float32,,,,,,
inference,llt,128,torch,9,none,passed,,151290624,108,12,extension,experiments/l40s/results/loop-sweep/inference-llt-torch-r128-t09-none.json,68.41139221191406,0.9244441986083984,68.46029300504597,64.7369384765625,0.9251766204833984,1.27734375,69.01248168945312,0.9244441986083984,69.05330700101331,65.24279276529948,0.9257869720458984,1.26953125,39.49260711669922,0.8141703605651855,39.51382100058254,8.557546615600586,0.8221049308776855,1.04296875,1.0009765625,54.0,181.875,108,108,0,0,float32,,,,,,
inference,llt,128,torch,10,none,passed,,151290624,120,12,extension,experiments/l40s/results/loop-sweep/inference-llt-torch-r128-t10-none.json,75.61113739013672,0.9244441986083984,75.64138599991566,71.75475056966145,0.9251766204833984,1.27734375,76.16815948486328,0.9244441986083984,76.19639799668221,72.12441507975261,0.9257869720458984,1.26953125,43.868160247802734,0.8141703605651855,43.88894599833293,9.490037282307943,0.8221049308776855,1.04296875,1.0009765625,54.0,181.875,120,120,0,0,float32,,,,,,
inference,llt,128,torch,11,none,passed,,151290624,132,12,extension,experiments/l40s/results/loop-sweep/inference-llt-torch-r128-t11-none.json,82.66751861572266,0.9244441986083984,82.7102469993406,78.5988057454427,0.9251766204833984,1.27734375,83.27884674072266,0.9244441986083984,83.3102010001312,79.01864624023438,0.9257869720458984,1.26953125,47.63238525390625,0.8141703605651855,47.65523099922575,10.417834599812826,0.8221049308776855,1.04296875,1.0009765625,54.0,181.875,132,132,0,0,float32,,,,,,
inference,llt,128,torch,12,none,passed,,151290624,144,12,extension,experiments/l40s/results/loop-sweep/inference-llt-torch-r128-t12-none.json,89.98604583740234,0.9244441986083984,90.01912699750392,85.68251546223958,0.9251766204833984,1.27734375,90.73664093017578,0.9244441986083984,90.7699169983971,86.12008666992188,0.9257869720458984,1.26953125,53.134334564208984,0.8141703605651855,53.17363799986197,11.35138193766276,0.8221049308776855,1.04296875,1.0009765625,54.0,181.875,144,144,0,0,float32,,,,,,
inference,llt,128,torch,13,none,passed,,151290624,156,12,extension,experiments/l40s/results/loop-sweep/inference-llt-torch-r128-t13-none.json,97.39469146728516,0.9244441986083984,97.42448999895714,92.8153584798177,0.9251766204833984,1.27734375,98.08589172363281,0.9244441986083984,98.11782500037225,93.25841267903645,0.9257869720458984,1.26953125,55.84998321533203,0.8141703605651855,55.870835996756796,12.284927368164062,0.8221049308776855,1.04296875,1.0009765625,54.0,181.875,156,156,0,0,float32,,,,,,
inference,llt,128,torch,14,none,passed,,151290624,168,12,extension,experiments/l40s/results/loop-sweep/inference-llt-torch-r128-t14-none.json,105.73926544189453,0.9244441986083984,105.77137599466369,101.07185872395833,0.9251766204833984,1.27734375,106.50214385986328,0.9244441986083984,106.5321860005497,101.62445068359375,0.9257869720458984,1.26953125,59.820030212402344,0.8141703605651855,59.84372500097379,13.229056040445963,0.8221049308776855,1.04296875,1.0009765625,54.0,181.875,168,168,0,0,float32,,,,,,
inference,llt,128,torch,15,none,passed,,151290624,180,12,extension,experiments/l40s/results/loop-sweep/inference-llt-torch-r128-t15-none.json,111.89453125,0.9244441986083984,111.92558000038844,107.1605733235677,0.9251766204833984,1.27734375,112.827392578125,0.9244441986083984,112.86266300157877,107.59645589192708,0.9257869720458984,1.26953125,65.67219543457031,0.8141703605651855,65.6942790010362,14.153002421061197,0.8221049308776855,1.04296875,1.0009765625,54.0,181.875,180,180,0,0,float32,,,,,,
inference,llt,128,torch,16,none,passed,,151290624,192,12,extension,experiments/l40s/results/loop-sweep/inference-llt-torch-r128-t16-none.json,119.85305786132812,0.9244441986083984,119.88521899911575,114.914306640625,0.9251766204833984,1.27734375,120.76937866210938,0.9244441986083984,120.80091999814613,115.24027506510417,0.9257869720458984,1.26953125,72.12032318115234,0.8141703605651855,72.1418389948667,15.099904378255209,0.8221049308776855,1.04296875,1.0009765625,54.0,181.875,192,192,0,0,float32,,,,,,
inference,naive_loop,,tensor,1,none,passed,,162988800,12,12,original,experiments/l40s/results/loop-baseline/inference-naive_loop-tensor-t01.json,12.748800277709961,0.9722318649291992,12.77105000190204,7.810730616251628,0.9722318649291992,1.166015625,14.600192070007324,1.1426773071289062,14.622822000092128,8.218965530395508,1.1426773071289062,1.607421875,12.362751960754395,1.002490520477295,12.384099998598685,0.9758719603220621,1.002490520477295,1.216796875,144.1409912109375,0.0,235.6875,12,12,0,0,float32,,,,,,
inference,naive_loop,,tensor,2,none,passed,,162988800,24,12,original,experiments/l40s/results/loop-baseline/inference-naive_loop-tensor-t02.json,24.555519104003906,0.9722318649291992,24.577337000664556,15.381844838460287,0.9722318649291992,1.166015625,27.51590347290039,1.4240760803222656,27.537807000044268,16.219136555989582,1.4240760803222656,2.318359375,23.91756820678711,1.1432642936706543,23.940491999383084,1.7865386009216309,1.1432642936706543,1.513671875,288.281982421875,0.0,235.6875,24,24,0,0,float32,,,,,,
inference,naive_loop,,tensor,3,none,passed,,162988800,36,12,original,experiments/l40s/results/loop-baseline/inference-naive_loop-tensor-t03.json,35.75593566894531,0.9722318649291992,35.78312999889022,22.923604329427082,0.9722318649291992,1.166015625,41.04191970825195,1.705474853515625,41.065803001401946,24.217600504557293,1.705474853515625,2.990234375,34.488319396972656,1.2840380668640137,34.50973000144586,2.596522649129232,1.2840380668640137,1.810546875,432.4229736328125,0.0,235.6875,36,36,0,0,float32,,,,,,
inference,naive_loop,,tensor,4,none,passed,,162988800,48,12,original,experiments/l40s/results/loop-baseline/inference-naive_loop-tensor-t04.json,48.866302490234375,0.9722318649291992,48.93521999838413,30.557525634765625,0.9722318649291992,1.166015625,55.28166580200195,1.9868736267089844,55.306968999502715,32.294230143229164,1.9868736267089844,3.662109375,47.11628723144531,1.424811840057373,47.14143100136425,3.4058240254720054,1.424811840057373,2.107421875,576.56396484375,0.0,235.6875,48,48,0,0,float32,,,,,,
inference,naive_loop,,tensor,5,none,passed,,162988800,60,12,original,experiments/l40s/results/loop-baseline/inference-naive_loop-tensor-t05.json,60.655616760253906,0.9722318649291992,60.67924099988886,38.05286407470703,0.9722318649291992,1.166015625,67.13343811035156,2.2682723999023438,67.15577000068151,40.223060607910156,2.2682723999023438,4.333984375,58.5984001159668,1.5655856132507324,58.62043199886102,4.214783986409505,1.5655856132507324,2.404296875,720.7049560546875,0.0,235.6875,60,60,0,0,float32,,,,,,
inference,naive_loop,,tensor,6,none,passed,,162988800,72,12,original,experiments/l40s/results/loop-baseline/inference-naive_loop-tensor-t06.json,74.1119384765625,0.9722318649291992,74.13490600083605,45.64000956217448,0.9722318649291992,1.166015625,84.04390716552734,2.549671173095703,84.06671400007326,48.29593404134115,2.549671173095703,5.005859375,70.78604888916016,1.7063593864440918,70.80809000035515,5.02510929107666,1.7063593864440918,2.701171875,864.845947265625,0.0,235.6875,72,72,0,0,float32,,,,,,
inference,naive_loop,,tensor,7,none,passed,,162988800,84,12,original,experiments/l40s/results/loop-baseline/inference-naive_loop-tensor-t07.json,86.26278686523438,0.9722318649291992,86.29351500712801,53.21557108561198,0.9722318649291992,1.166015625,97.47952270507812,2.8310699462890625,97.50415999587858,56.329854329427086,2.8310699462890625,5.677734375,82.69107055664062,1.8471331596374512,82.71352999872761,5.8360856374104815,1.8471331596374512,2.998046875,1008.9869384765625,0.0,235.6875,84,84,0,0,float32,,,,,,
inference,naive_loop,,tensor,8,none,passed,,162988800,96,12,original,experiments/l40s/results/loop-baseline/inference-naive_loop-tensor-t08.json,99.57478332519531,0.9722318649291992,99.59798899944872,60.82798767089844,0.9722318649291992,1.166015625,111.53612518310547,3.112468719482422,111.55765300645726,64.26282755533855,3.112468719482422,6.349609375,95.92524719238281,1.9879069328308105,95.94888900028309,6.645386377970378,1.9879069328308105,3.294921875,1153.1279296875,0.0,235.6875,96,96,0,0,float32,,,,,,
inference,naive_loop,,tensor,9,none,passed,,162988800,108,12,original,experiments/l40s/results/loop-baseline/inference-naive_loop-tensor-t09.json,110.40870666503906,0.9722318649291992,110.43191300268518,68.38134256998698,0.9722318649291992,1.166015625,125.2679672241211,3.3938674926757812,125.29183099832153,72.47701517740886,3.3938674926757812,7.021484375,107.32953643798828,2.12868070602417,107.3544389946619,7.454378763834636,2.12868070602417,3.591796875,1297.2689208984375,0.0,235.6875,108,108,0,0,float32,,,,,,
inference,naive_loop,,tensor,10,none,passed,,162988800,120,12,original,experiments/l40s/results/loop-baseline/inference-naive_loop-tensor-t10.json,123.9521255493164,0.9722318649291992,123.97423999937018,76.43340555826823,0.9722318649291992,1.166015625,138.8738250732422,3.6752662658691406,138.89945999835618,80.6857401529948,3.6752662658691406,7.693359375,118.8853759765625,2.2694544792175293,118.90661399957025,8.270506540934244,2.2694544792175293,3.888671875,1441.409912109375,0.0,235.6875,120,120,0,0,float32,,,,,,
inference,naive_loop,,tensor,11,none,passed,,162988800,132,12,original,experiments/l40s/results/loop-baseline/inference-naive_loop-tensor-t11.json,136.32920837402344,0.9722318649291992,136.35537499794737,83.67615763346355,0.9722318649291992,1.166015625,153.32762145996094,3.9566650390625,153.35189400502713,88.59408569335938,3.9566650390625,8.365234375,129.808349609375,2.4102282524108887,129.83165399782592,9.076053619384766,2.4102282524108887,4.185546875,1585.5509033203125,0.0,235.6875,132,132,0,0,float32,,,,,,
inference,naive_loop,,tensor,12,none,passed,,162988800,144,12,original,experiments/l40s/results/loop-baseline/inference-naive_loop-tensor-t12.json,145.69676208496094,0.9722318649291992,145.72639900143258,93.11641438802083,0.9722318649291992,1.166015625,162.70233154296875,4.238063812255859,162.7277209991007,97.75271606445312,4.238063812255859,9.037109375,141.83116149902344,2.551002025604248,141.8559779995121,9.901397069295248,2.551002025604248,4.482421875,1729.69189453125,0.0,235.6875,144,144,0,0,float32,,,,,,
inference,naive_loop,,tensor,13,none,passed,,162988800,156,12,original,experiments/l40s/results/loop-baseline/inference-naive_loop-tensor-t13.json,157.47686767578125,0.9722318649291992,157.5004420010373,99.10476684570312,0.9722318649291992,1.166015625,177.21139526367188,4.519462585449219,177.23411000042688,104.9886474609375,4.519462585449219,9.708984375,151.583740234375,2.6917757987976074,151.607633997628,10.69533920288086,2.6917757987976074,4.779296875,1873.8328857421875,0.0,235.6875,156,156,0,0,float32,,,,,,
inference,naive_loop,,tensor,14,none,passed,,162988800,168,12,original,experiments/l40s/results/loop-baseline/inference-naive_loop-tensor-t14.json,170.6076202392578,0.9722318649291992,170.63218299881555,105.59829711914062,0.9722318649291992,1.166015625,192.31759643554688,4.800861358642578,192.3430289971293,111.89999389648438,4.800861358642578,10.380859375,164.33673095703125,2.832549571990967,164.36188200168544,11.511466979980469,2.832549571990967,5.076171875,2017.973876953125,0.0,235.6875,168,168,0,0,float32,,,,,,
inference,naive_loop,,tensor,15,none,passed,,162988800,180,12,original,experiments/l40s/results/loop-baseline/inference-naive_loop-tensor-t15.json,177.98655700683594,0.9722318649291992,178.02629100333434,115.41163126627605,0.9722318649291992,1.166015625,202.06898498535156,5.0822601318359375,202.09321100264788,121.7228291829427,5.0822601318359375,11.052734375,175.58425903320312,2.973323345184326,175.6084689986892,12.338858286539713,2.973323345184326,5.373046875,2162.1148681640625,0.0,235.6875,180,180,0,0,float32,,,,,,
inference,naive_loop,,tensor,16,none,passed,,162988800,192,12,original,experiments/l40s/results/loop-baseline/inference-naive_loop-tensor-t16.json,193.17453002929688,0.9722318649291992,193.19767999695614,122.16797892252605,0.9722318649291992,1.166015625,219.67257690429688,5.363658905029297,219.69931999774417,129.25234985351562,5.363658905029297,11.724609375,185.31942749023438,3.1140971183776855,185.3429800030426,13.1321169535319,3.1140971183776855,5.669921875,2306.255859375,0.0,235.6875,192,192,0,0,float32,,,,,,
inference,naive_loop,,torch,1,none,passed,,162988800,12,12,original,experiments/l40s/results/loop-baseline/inference-naive_loop-torch-t01.json,7.293824195861816,0.9808988571166992,7.318061001569731,6.873088200887044,0.9888334274291992,1.216796875,7.761919975280762,1.1513328552246094,7.784611996612512,7.286741256713867,1.1592674255371094,1.634765625,5.958655834197998,1.011146068572998,5.979370002023643,1.3301760355631511,1.019080638885498,1.248046875,144.140625,0.0,235.6875,12,12,0,0,float32,,,,,,
inference,naive_loop,,torch,2,none,passed,,162988800,24,12,original,experiments/l40s/results/loop-baseline/inference-naive_loop-torch-t02.json,14.18943977355957,0.9808988571166992,14.213403999747243,13.551615397135416,0.9888334274291992,1.216796875,15.265791893005371,1.4327201843261719,15.289078997739125,14.406997680664062,1.4406547546386719,2.341796875,11.55174446105957,1.1519083976745605,11.573112999030855,2.5265493392944336,1.1598429679870605,1.544921875,288.28125,0.0,235.6875,24,24,0,0,float32,,,,,,
inference,naive_loop,,torch,3,none,passed,,162988800,36,12,original,experiments/l40s/results/loop-baseline/inference-naive_loop-torch-t03.json,21.132320404052734,0.9808988571166992,21.157079998374684,20.291243235270183,0.9888334274291992,1.216796875,22.591455459594727,1.7141075134277344,22.632683998381253,21.503275553385418,1.7220420837402344,3.013671875,17.28223991394043,1.292670726776123,17.303939999692375,3.724586804707845,1.300605297088623,1.841796875,432.421875,0.0,235.6875,36,36,0,0,float32,,,,,,
inference,naive_loop,,torch,4,none,passed,,162988800,48,12,original,experiments/l40s/results/loop-baseline/inference-naive_loop-torch-t04.json,27.99616050720215,0.9808988571166992,28.022296999552054,26.98205820719401,0.9888334274291992,1.216796875,30.072832107543945,1.9954948425292969,30.09956000096281,28.689066569010418,2.003429412841797,3.685546875,21.915647506713867,1.4334330558776855,21.94075399893336,4.92305056254069,1.4413676261901855,2.138671875,576.5625,0.0,235.6875,48,48,0,0,float32,,,,,,
inference,naive_loop,,torch,5,none,passed,,162988800,60,12,original,experiments/l40s/results/loop-baseline/inference-naive_loop-torch-t05.json,35.019775390625,0.9808988571166992,35.05230199880316,33.672533671061196,0.9888334274291992,1.216796875,37.4334716796875,2.2768821716308594,37.4625999975251,35.810302734375,2.2848167419433594,4.357421875,27.855871200561523,1.574195384979248,27.877303000423126,6.121130625406901,1.582129955291748,2.435546875,720.703125,0.0,235.6875,60,60,0,0,float32,,,,,,
inference,naive_loop,,torch,6,none,passed,,162988800,72,12,original,experiments/l40s/results/loop-baseline/inference-naive_loop-torch-t06.json,42.03619384765625,0.9808988571166992,42.06605299987132,40.54766845703125,0.9888334274291992,1.216796875,44.913536071777344,2.558269500732422,44.95352899903082,43.08992004394531,2.566204071044922,5.029296875,33.38854217529297,1.7149577140808105,33.410644999094075,7.317493438720703,1.7228922843933105,2.732421875,864.84375,0.0,235.6875,72,72,0,0,float32,,,,,,
inference,naive_loop,,torch,7,none,passed,,162988800,84,12,original,experiments/l40s/results/loop-baseline/inference-naive_loop-torch-t07.json,48.83366394042969,0.9808988571166992,48.89326500415336,47.167144775390625,0.9888334274291992,1.216796875,66.83853149414062,2.8396568298339844,66.86878499749582,50.35417683919271,2.8475914001464844,5.701171875,39.50899124145508,1.855720043182373,39.53198800445534,8.51421864827474,1.863654613494873,3.029296875,1008.984375,0.0,235.6875,84,84,0,0,float32,,,,,,
inference,naive_loop,,torch,8,none,passed,,162988800,96,12,original,experiments/l40s/results/loop-baseline/inference-naive_loop-torch-t08.json,55.84076690673828,0.9808988571166992,55.870567994134035,53.88560994466146,0.9888334274291992,1.216796875,60.00214385986328,3.121044158935547,60.03448700357694,57.18016052246094,3.128978729248047,6.373046875,44.55014419555664,1.9964823722839355,44.57167700456921,9.711605072021484,2.0044169425964355,3.326171875,1153.125,0.0,235.6875,96,96,0,0,float32,,,,,,
inference,naive_loop,,torch,9,none,passed,,162988800,108,12,original,experiments/l40s/results/loop-baseline/inference-naive_loop-torch-t09.json,62.73331069946289,0.9808988571166992,62.762289999227505,60.660054524739586,0.9888334274291992,1.216796875,67.46112060546875,3.4024314880371094,67.50369800283806,64.8297831217448,3.4103660583496094,7.044921875,49.551231384277344,2.137244701385498,49.574213997402694,10.909355163574219,2.145179271697998,3.623046875,1297.265625,0.0,235.6875,108,108,0,0,float32,,,,,,
inference,naive_loop,,torch,10,none,passed,,162988800,120,12,original,experiments/l40s/results/loop-baseline/inference-naive_loop-torch-t10.json,70.49727630615234,0.9808988571166992,70.54818400501972,68.24755350748698,0.9888334274291992,1.216796875,75.6304931640625,3.683818817138672,75.6601939938264,73.13612874348958,3.691753387451172,7.716796875,55.611488342285156,2.2780070304870605,55.63525699835736,12.116991678873697,2.2859416007995605,3.919921875,1441.40625,0.0,235.6875,120,120,0,0,float32,,,,,,
inference,naive_loop,,torch,11,none,passed,,162988800,132,12,original,experiments/l40s/results/loop-baseline/inference-naive_loop-torch-t11.json,76.75801849365234,0.9808988571166992,76.78984699305147,74.23556518554688,0.9888334274291992,1.216796875,82.32653045654297,3.9652061462402344,82.35662600054638,79.22585550944011,3.9731407165527344,8.388671875,61.36003112792969,2.418769359588623,61.38938100048108,13.302783966064453,2.426703929901123,4.216796875,1585.546875,0.0,235.6875,132,132,0,0,float32,,,,,,
inference,naive_loop,,torch,12,none,passed,,162988800,144,12,original,experiments/l40s/results/loop-baseline/inference-naive_loop-torch-t12.json,84.38066864013672,0.9808988571166992,84.41060200129868,81.40151468912761,0.9888334274291992,1.216796875,90.13030242919922,4.246593475341797,90.16193400020711,86.79867553710938,4.254528045654297,9.060546875,67.38534545898438,2.5595316886901855,67.40922500466695,14.50939687093099,2.5674662590026855,4.513671875,1729.6875,0.0,235.6875,144,144,0,0,float32,,,,,,
inference,naive_loop,,torch,13,none,passed,,162988800,156,12,original,experiments/l40s/results/loop-baseline/inference-naive_loop-torch-t13.json,91.14521789550781,0.9808988571166992,91.17602799960878,88.11997477213542,0.9888334274291992,1.216796875,97.60050964355469,4.527980804443359,97.62917699845275,93.55980428059895,4.535915374755859,9.732421875,72.36300659179688,2.700294017791748,72.38561499980278,15.705771128336588,2.708228588104248,4.810546875,1873.828125,0.0,235.6875,156,156,0,0,float32,,,,,,
inference,naive_loop,,torch,14,none,passed,,162988800,168,12,original,experiments/l40s/results/loop-baseline/inference-naive_loop-torch-t14.json,98.48524475097656,0.9808988571166992,98.51760199671844,94.94253540039062,0.9888334274291992,1.216796875,105.55596923828125,4.809368133544922,105.59120300604263,101.46952311197917,4.817302703857422,10.404296875,79.23814392089844,2.8410563468933105,79.2588420008542,16.90282694498698,2.8489909172058105,5.107421875,2017.96875,0.0,235.6875,168,168,0,0,float32,,,,,,
inference,naive_loop,,torch,15,none,passed,,162988800,180,12,original,experiments/l40s/results/loop-baseline/inference-naive_loop-torch-t15.json,105.05830383300781,0.9808988571166992,105.08764800033532,101.93032836914062,0.9888334274291992,1.216796875,113.08236694335938,5.090755462646484,113.12668200116605,108.50201416015625,5.098690032958984,11.076171875,85.2326431274414,2.981818675994873,85.26996000000509,18.106026967366535,2.989753246307373,5.404296875,2162.109375,0.0,235.6875,180,180,0,0,float32,,,,,,
inference,naive_loop,,torch,16,none,passed,,162988800,192,12,original,experiments/l40s/results/loop-baseline/inference-naive_loop-torch-t16.json,113.42233276367188,0.9808988571166992,113.45329500181833,109.90182495117188,0.9888334274291992,1.216796875,121.6204833984375,5.372142791748047,121.65130200446583,115.0190938313802,5.380077362060547,11.748046875,89.76998138427734,3.1225810050964355,89.79232799902093,19.291819254557293,3.1305155754089355,5.701171875,2306.25,0.0,235.6875,192,192,0,0,float32,,,,,,
inference,stacked,,tensor,1,none,passed,,162988800,12,12,original,experiments/l40s/results/loop-baseline/inference-stacked-tensor-t01.json,12.668928146362305,0.9722318649291992,12.689879000390647,7.809322357177734,0.9722318649291992,1.166015625,14.230527877807617,1.1426773071289062,14.252665001549758,8.219989140828451,1.1426773071289062,1.607421875,12.571647644042969,1.002490520477295,12.594476000231225,0.9758719603220621,1.002490520477295,1.216796875,144.1409912109375,0.0,235.6875,12,12,0,0,float32,,,,,,
inference,stacked,,tensor,2,none,passed,,247923456,24,24,original,experiments/l40s/results/loop-baseline/inference-stacked-tensor-t02.json,24.849407196044922,1.4702787399291992,24.870670000382233,15.351125081380209,1.4699125289916992,1.658203125,27.93574333190918,1.9221229553222656,27.95894099836005,16.207509358723957,1.9217567443847656,2.810546875,24.226911544799805,1.6409449577331543,24.248975998489186,1.7865386009216309,1.6409449577331543,2.025390625,288.281982421875,0.0,397.6875,24,24,0,0,float32,,,,,,
inference,stacked,,tensor,3,none,passed,,332858112,36,36,original,experiments/l40s/results/loop-baseline/inference-stacked-tensor-t03.json,36.32128143310547,1.9697904586791992,36.342745002912125,22.988800048828125,1.9697904586791992,2.173828125,41.543582916259766,2.703033447265625,41.56876699926215,24.27562713623047,2.703033447265625,3.986328125,35.749855041503906,2.2815966606140137,35.77100000256905,2.601290702819824,2.2815966606140137,2.806640625,432.4229736328125,0.0,559.6875,36,36,0,0,float32,,,,,,
inference,stacked,,tensor,4,none,passed,,417792768,48,48,original,experiments/l40s/results/loop-baseline/inference-stacked-tensor-t04.json,48.85606384277344,2.469302177429199,48.87783599770046,30.511444091796875,2.469302177429199,2.666015625,55.13625717163086,3.4839439392089844,55.15984500016202,32.31778208414713,3.4839439392089844,5.158203125,47.63340759277344,2.921882152557373,47.65677499744925,3.4082132975260415,2.921882152557373,3.603515625,576.56396484375,0.0,721.6875,48,48,0,0,float32,,,,,,
inference,stacked,,tensor,5,none,passed,,502727424,60,60,original,experiments/l40s/results/loop-baseline/inference-stacked-tensor-t05.json,58.71206283569336,2.968447685241699,58.73341600090498,38.00234731038412,2.968447685241699,3.158203125,68.0448989868164,4.264488220214844,68.06992400015588,40.200843811035156,4.264488220214844,6.314453125,58.11609649658203,3.5618014335632324,58.14192300022114,4.209322611490886,3.5618014335632324,4.384765625,720.7049560546875,0.0,883.6875,60,60,0,0,float32,,,,,,
inference,stacked,,tensor,6,none,passed,,587662080,72,72,original,experiments/l40s/results/loop-baseline/inference-stacked-tensor-t06.json,74.29119873046875,3.467226982116699,74.31503999760025,45.58813985188802,3.467226982116699,3.673828125,82.94297790527344,5.044666290283203,82.97656400100095,48.303446451822914,5.044666290283203,7.501953125,70.32832336425781,4.201354503631592,70.35064799856627,5.026816050211589,4.201354503631592,5.197265625,864.845947265625,0.0,1045.6875,72,72,0,0,float32,,,,,,
inference,stacked,,tensor,7,none,passed,,672596736,84,84,original,experiments/l40s/results/loop-baseline/inference-stacked-tensor-t07.json,83.44486236572266,3.966372489929199,83.47030099685071,53.1585693359375,3.966372489929199,4.166015625,95.38047790527344,5.8252105712890625,95.40508799545933,56.312459309895836,5.8252105712890625,8.666015625,81.36396789550781,4.841273784637451,81.38718600093853,5.846698760986328,4.841273784637451,6.005859375,1008.9869384765625,0.0,1207.6875,84,84,0,0,float32,,,,,,
inference,stacked,,tensor,8,none,passed,,757531392,96,96,original,experiments/l40s/results/loop-baseline/inference-stacked-tensor-t08.json,99.98643493652344,4.465884208679199,100.0132479966851,60.71841939290365,4.465884208679199,4.658203125,113.2083511352539,6.606121063232422,113.241630999255,64.36352030436198,6.606121063232422,9.841796875,97.1520004272461,5.4815592765808105,97.17561299476074,6.660095850626628,5.4815592765808105,6.787109375,1153.1279296875,0.0,1369.6875,96,96,0,0,float32,,,,,,
inference,stacked,,tensor,9,none,passed,,842466048,108,108,original,experiments/l40s/results/loop-baseline/inference-stacked-tensor-t09.json,106.87590026855469,4.965395927429199,106.89812499913387,69.14013671875,4.965395927429199,5.150390625,123.25682830810547,7.387031555175781,123.27979700057767,73.25423177083333,7.387031555175781,11.013671875,107.02950286865234,6.12184476852417,107.05453300033696,7.459840138753255,6.12184476852417,7.583984375,1297.2689208984375,0.0,1531.6875,108,108,0,0,float32,,,,,,
inference,stacked,,tensor,10,none,passed,,927400704,120,120,original,experiments/l40s/results/loop-baseline/inference-stacked-tensor-t10.json,119.90630340576172,5.464175224304199,119.9375600044732,76.39481608072917,5.464175224304199,5.666015625,138.6076202392578,8.16720962524414,138.63350399333285,80.92876688639323,8.16720962524414,12.181640625,118.41331481933594,6.761397838592529,118.4381819984992,8.266410827636719,6.761397838592529,8.376953125,1441.409912109375,0.0,1693.6875,120,120,0,0,float32,,,,,,
inference,stacked,,tensor,11,none,passed,,1012335360,132,132,original,experiments/l40s/results/loop-baseline/inference-stacked-tensor-t11.json,133.32669067382812,5.963320732116699,133.34907299577026,84.01715087890625,5.963320732116699,6.181640625,153.92767333984375,8.94775390625,153.96314799727406,89.14705403645833,8.94775390625,13.357421875,131.2051239013672,7.401317119598389,131.22770699555986,9.078784306844076,7.401317119598389,9.177734375,1585.5509033203125,0.0,1855.6875,132,132,0,0,float32,,,,,,
inference,stacked,,tensor,12,none,passed,,1097270016,144,144,original,experiments/l40s/results/loop-baseline/inference-stacked-tensor-t12.json,146.2230987548828,6.462466239929199,146.25062099366914,92.47979736328125,6.462466239929199,6.673828125,168.30149841308594,9.72829818725586,168.3255759999156,97.53565470377605,9.72829818725586,14.521484375,141.6479034423828,8.041236400604248,141.67188200372038,9.896959940592447,8.041236400604248,9.966796875,1729.69189453125,0.0,2017.6875,144,144,0,0,float32,,,,,,
inference,stacked,,tensor,13,none,passed,,1182204672,156,156,original,experiments/l40s/results/loop-baseline/inference-stacked-tensor-t13.json,158.07078552246094,6.961977958679199,158.09558700129855,98.9317118326823,6.961977958679199,7.166015625,182.1892547607422,10.509208679199219,182.21355899731861,104.60262044270833,10.509208679199219,15.697265625,158.10665893554688,8.681521892547607,158.13123200496193,10.695658365885416,8.681521892547607,10.767578125,1873.8328857421875,0.0,2179.6875,156,156,0,0,float32,,,,,,
inference,stacked,,tensor,14,none,passed,,1267139328,168,168,original,experiments/l40s/results/loop-baseline/inference-stacked-tensor-t14.json,168.5780487060547,7.461489677429199,168.64175599766895,105.42557779947917,7.461489677429199,7.658203125,193.46226501464844,11.290119171142578,193.48793199606007,111.8764139811198,11.290119171142578,16.869140625,165.99142456054688,9.321807384490967,166.01574800006347,11.537408192952475,9.321807384490967,11.564453125,2017.973876953125,0.0,2341.6875,168,168,0,0,float32,,,,,,
inference,stacked,,tensor,15,none,passed,,1352073984,180,180,original,experiments/l40s/results/loop-baseline/inference-stacked-tensor-t15.json,182.69696044921875,7.960635185241699,182.72031500237063,116.50696818033855,7.960635185241699,8.150390625,209.48480224609375,12.070663452148438,209.5110040027066,122.50009155273438,12.070663452148438,18.025390625,180.35916137695312,9.961726665496826,180.38472600164823,12.33237330118815,9.961726665496826,12.345703125,2162.1148681640625,0.0,2503.6875,180,180,0,0,float32,,,,,,
inference,stacked,,tensor,16,none,passed,,1437008640,192,192,original,experiments/l40s/results/loop-baseline/inference-stacked-tensor-t16.json,188.5614013671875,8.4594144821167,188.58637099765474,122.4813232421875,8.4594144821167,8.666015625,220.48358154296875,12.850841522216797,220.50613600004,130.07013956705728,12.850841522216797,19.212890625,182.73997497558594,10.601279735565186,182.7634270011913,13.143381754557291,10.601279735565186,13.158203125,2306.255859375,0.0,2665.6875,192,192,0,0,float32,,,,,,
inference,stacked,,torch,1,none,passed,,162988800,12,12,original,experiments/l40s/results/loop-baseline/inference-stacked-torch-t01.json,7.317535877227783,0.9808988571166992,7.339462998061208,6.9122880299886065,0.9888334274291992,1.216796875,7.772160053253174,1.1513328552246094,7.796642999892356,7.278250376383464,1.1592674255371094,1.634765625,6.07539176940918,1.011146068572998,6.095593998907134,1.3298346996307373,1.019080638885498,1.248046875,144.140625,0.0,235.6875,12,12,0,0,float32,,,,,,
inference,stacked,,torch,2,none,passed,,247923456,24,24,original,experiments/l40s/results/loop-baseline/inference-stacked-torch-t02.json,14.313471794128418,1.4800443649291992,14.339083001686959,13.63968022664388,1.4879789352416992,1.732421875,15.156319618225098,1.9323539733886719,15.18339299946092,14.413141886393229,1.9402885437011719,2.837890625,11.512831687927246,1.6515421867370605,11.534608998772455,2.5279146830240884,1.6594767570495605,2.056640625,288.28125,0.0,397.6875,24,24,0,0,float32,,,,,,
inference,stacked,,torch,3,none,passed,,332858112,36,36,original,experiments/l40s/results/loop-baseline/inference-stacked-torch-t03.json,21.199871063232422,1.9795560836791992,21.2309330017888,20.224341074625652,1.9874906539916992,2.201171875,22.594560623168945,2.7127647399902344,22.621194999373984,21.506731669108074,2.7206993103027344,4.005859375,17.65888023376465,2.291327953338623,17.68180100043537,3.724970817565918,2.299262523651123,2.849609375,432.421875,0.0,559.6875,36,36,0,0,float32,,,,,,
inference,stacked,,torch,4,none,passed,,417792768,48,48,original,experiments/l40s/results/loop-baseline/inference-stacked-torch-t04.json,28.34547233581543,2.479067802429199,28.372863998811226,27.118250528971355,2.487002372741699,2.716796875,30.097408294677734,3.493663787841797,30.125604000204476,28.85802714029948,3.501598358154297,5.177734375,22.745088577270508,2.9316020011901855,22.78182400186779,4.9227094650268555,2.9395365715026855,3.626953125,576.5625,0.0,721.6875,48,48,0,0,float32,,,,,,
inference,stacked,,torch,5,none,passed,,502727424,60,60,original,experiments/l40s/results/loop-baseline/inference-stacked-torch-t05.json,35.19795227050781,2.977847099304199,35.226242998760426,33.691307067871094,2.985781669616699,3.232421875,37.515201568603516,4.273830413818359,37.54098099670955,35.69664001464844,4.281764984130859,6.353515625,28.683263778686523,3.571143627166748,28.7052429994219,6.121472040812175,3.579078197479248,4.447265625,720.703125,0.0,883.6875,60,60,0,0,float32,,,,,,
inference,stacked,,torch,6,none,passed,,587662080,72,72,original,experiments/l40s/results/loop-baseline/inference-stacked-torch-t06.json,42.30553436279297,3.476992607116699,42.33627099893056,40.30225118001302,3.484927177429199,3.724609375,44.888065338134766,5.054363250732422,44.91675200188183,43.023701985677086,5.062297821044922,7.541015625,34.76377487182617,4.2110514640808105,34.78724600063288,7.319552103678386,4.2189860343933105,5.220703125,864.84375,0.0,1045.6875,72,72,0,0,float32,,,,,,
inference,stacked,,torch,7,none,passed,,672596736,84,84,original,experiments/l40s/results/loop-baseline/inference-stacked-torch-t07.json,48.43212890625,3.976138114929199,48.45826699602185,47.063720703125,3.984072685241699,4.216796875,52.4152946472168,5.834896087646484,52.43973899632692,50.1971435546875,5.842830657958984,8.716796875,40.011775970458984,4.850959300994873,40.05035299633164,8.514560063680014,4.858893871307373,6.041015625,1008.984375,0.0,1207.6875,84,84,0,0,float32,,,,,,
inference,stacked,,torch,8,none,passed,,757531392,96,96,original,experiments/l40s/results/loop-baseline/inference-stacked-torch-t08.json,55.18540954589844,4.475649833679199,55.21389599743998,53.90910847981771,4.483584403991699,4.708984375,59.45955276489258,6.615795135498047,59.48636900575366,57.21292622884115,6.623729705810547,9.869140625,44.841854095458984,5.4912333488464355,44.863339004223235,9.715712229410807,5.4991679191589355,6.818359375,1153.125,0.0,1369.6875,96,96,0,0,float32,,,,,,
inference,stacked,,torch,9,none,passed,,842466048,108,108,original,experiments/l40s/results/loop-baseline/inference-stacked-torch-t09.json,63.843326568603516,4.975161552429199,63.87570699735079,61.35669453938802,4.983096122741699,5.201171875,68.0970230102539,7.396694183349609,68.12884499959182,66.62209065755208,7.404628753662109,11.033203125,51.300350189208984,6.131507396697998,51.32414100080496,10.92095947265625,6.139441967010498,7.626953125,1297.265625,0.0,1531.6875,108,108,0,0,float32,,,,,,
inference,stacked,,torch,10,none,passed,,927400704,120,120,original,experiments/l40s/results/loop-baseline/inference-stacked-torch-t10.json,71.35846710205078,5.473574638366699,71.38693700107979,68.84795633951823,5.481509208679199,5.716796875,75.9375991821289,8.176494598388672,75.98741100082407,72.64392598470052,8.184429168701172,12.208984375,56.20121765136719,6.7706828117370605,56.238088000100106,12.111872355143229,6.7786173820495605,8.408203125,1441.40625,0.0,1693.6875,120,120,0,0,float32,,,,,,
inference,stacked,,torch,11,none,passed,,1012335360,132,132,original,experiments/l40s/results/loop-baseline/inference-stacked-torch-t11.json,76.906494140625,5.973086357116699,76.93607300461736,74.75712076822917,5.981020927429199,6.185546875,83.06800079345703,8.957393646240234,83.09599399945,81.1315205891927,8.965328216552734,13.384765625,61.18707275390625,7.410956859588623,61.20849800208816,13.318826039632162,7.418891429901123,9.208984375,1585.546875,0.0,1855.6875,132,132,0,0,float32,,,,,,
inference,stacked,,torch,12,none,passed,,1097270016,144,144,original,experiments/l40s/results/loop-baseline/inference-stacked-torch-t12.json,84.6929931640625,6.472231864929199,84.72182300465647,81.31720479329427,6.480166435241699,6.701171875,90.49600219726562,9.737926483154297,90.52387400151929,87.24513753255208,9.745861053466797,14.552734375,69.29612731933594,8.050864696502686,69.31793900002958,14.50393549601237,8.058799266815186,10.001953125,1729.6875,0.0,2017.6875,144,144,0,0,float32,,,,,,
inference,stacked,,torch,13,none,passed,,1182204672,156,156,original,experiments/l40s/results/loop-baseline/inference-stacked-torch-t13.json,91.30290985107422,6.971743583679199,91.33361299609533,87.707275390625,6.979678153991699,7.193359375,97.40595245361328,10.51882553100586,97.43605199764716,93.54786173502605,10.52676010131836,15.716796875,75.73709106445312,8.691138744354248,75.76061200234108,15.704063415527344,8.699073314666748,10.810546875,1873.828125,0.0,2179.6875,156,156,0,0,float32,,,,,,
inference,stacked,,torch,14,none,passed,,1267139328,168,168,original,experiments/l40s/results/loop-baseline/inference-stacked-torch-t14.json,99.09964752197266,7.471255302429199,99.12992300087353,95.242919921875,7.479189872741699,7.708984375,105.45152282714844,11.299724578857422,105.48147599911317,101.73781331380208,11.307659149169922,16.900390625,79.04560089111328,9.33141279220581,79.06935299979523,16.896682739257812,9.33934736251831,11.599609375,2017.96875,0.0,2341.6875,168,168,0,0,float32,,,,,,
inference,stacked,,torch,15,none,passed,,1352073984,180,180,original,experiments/l40s/results/loop-baseline/inference-stacked-torch-t15.json,106.60546875,7.970034599304199,106.6363240024657,101.83577473958333,7.977969169616699,8.224609375,112.79564666748047,12.079891204833984,112.83071300567826,108.8351542154948,12.087825775146484,18.064453125,83.2676773071289,9.970954418182373,83.28970800357638,18.10907745361328,9.978888988494873,12.408203125,2162.109375,0.0,2503.6875,180,180,0,0,float32,,,,,,
inference,stacked,,torch,16,none,passed,,1437008640,192,192,original,experiments/l40s/results/loop-baseline/inference-stacked-torch-t16.json,113.20832061767578,8.4691801071167,113.23694799648365,110.70395914713542,8.4771146774292,8.716796875,122.45001220703125,12.860424041748047,122.47977699735202,117.62551879882812,12.868358612060547,19.251953125,88.62918090820312,10.610862255096436,88.66641500208061,19.305472056070965,10.618796825408936,13.181640625,2306.25,0.0,2665.6875,192,192,0,0,float32,,,,,,
training,fixed_depth,,tensor,1,ac,passed,,162988800,12,12,extension,experiments/l40s/results/loop-sweep/training-fixed_depth-tensor-r064-t01-ac.json,,,,,,,,,,,,,,,,,,,,,,12,12,0,0,float32,84.19635009765625,2.7666430473327637,84.21968499897048,52.92304992675781,2.7666449546813965,4.544921875
training,fixed_depth,,tensor,1,none,passed,,162988800,12,12,original,experiments/l40s/results/loop-baseline/training-fixed_depth-tensor-t01.json,,,,,,,,,,,,,,,,,,,,,,12,12,0,0,float32,56.791038513183594,4.192183017730713,56.82891600008588,45.062825520833336,4.193039417266846,6.880859375
training,fixed_depth,,tensor,2,ac,passed,,247923456,12,12,extension,experiments/l40s/results/loop-sweep/training-fixed_depth-tensor-r064-t02-ac.json,,,,,,,,,,,,,,,,,,,,,,12,12,0,0,float32,88.83916473388672,3.821497917175293,88.87147800123785,80.48298645019531,3.8190555572509766,6.111328125
training,fixed_depth,,tensor,2,none,passed,,247923456,12,12,original,experiments/l40s/results/loop-baseline/training-fixed_depth-tensor-t02.json,,,,,,,,,,,,,,,,,,,,,,12,12,0,0,float32,71.1229476928711,5.973677158355713,71.15178000094602,66.16576131184895,5.974533557891846,9.580078125
training,fixed_depth,,tensor,3,ac,passed,,332858112,12,12,extension,experiments/l40s/results/loop-sweep/training-fixed_depth-tensor-r064-t03-ac.json,,,,,,,,,,,,,,,,,,,,,,12,12,0,0,float32,113.57901000976562,5.178800582885742,113.62765599915292,110.9053446451823,5.178189277648926,8.48828125
training,fixed_depth,,tensor,3,none,passed,,332858112,12,12,original,experiments/l40s/results/loop-baseline/training-fixed_depth-tensor-t03.json,,,,,,,,,,,,,,,,,,,,,,12,12,0,0,float32,91.2200927734375,7.767134189605713,91.25231500001973,89.24364217122395,7.767990589141846,12.18359375
training,fixed_depth,,tensor,4,ac,passed,,417792768,12,12,extension,experiments/l40s/results/loop-sweep/training-fixed_depth-tensor-r064-t04-ac.json,,,,,,,,,,,,,,,,,,,,,,12,12,0,0,float32,141.05906677246094,6.578944206237793,141.09376799751772,138.68646240234375,6.576135635375977,10.14453125
training,fixed_depth,,tensor,4,none,passed,,417792768,12,12,original,experiments/l40s/results/loop-baseline/training-fixed_depth-tensor-t04.json,,,,,,,,,,,,,,,,,,,,,,12,12,0,0,float32,113.8677749633789,9.580244541168213,113.89825399965048,111.85391235351562,9.581100940704346,15.099609375
training,fixed_depth,,tensor,5,ac,passed,,502727424,12,12,extension,experiments/l40s/results/loop-sweep/training-fixed_depth-tensor-r064-t05-ac.json,,,,,,,,,,,,,,,,,,,,,,12,12,0,0,float32,171.79136657714844,7.978236198425293,171.82408200460486,169.43376668294272,7.977749824523926,12.083984375
training,fixed_depth,,tensor,5,none,passed,,502727424,12,12,original,experiments/l40s/results/loop-baseline/training-fixed_depth-tensor-t05.json,,,,,,,,,,,,,,,,,,,,,,12,12,0,0,float32,138.84620666503906,11.396040439605713,138.87972100201296,137.14322916666666,11.396896839141846,17.91015625
training,fixed_depth,,tensor,6,ac,passed,,587662080,12,12,extension,experiments/l40s/results/loop-sweep/training-fixed_depth-tensor-r064-t06-ac.json,,,,,,,,,,,,,,,,,,,,,,12,12,0,0,float32,205.32325744628906,9.274015426635742,205.35586600453826,204.320068359375,9.273037910461426,14.12109375
training,fixed_depth,,tensor,6,none,passed,,587662080,12,12,original,experiments/l40s/results/loop-baseline/training-fixed_depth-tensor-t06.json,,,,,,,,,,,,,,,,,,,,,,12,12,0,0,float32,165.25721740722656,13.138719081878662,165.31287399993744,163.44303385416666,13.139087200164795,20.8671875
training,fixed_depth,,tensor,7,ac,passed,,672596736,12,12,extension,experiments/l40s/results/loop-sweep/training-fixed_depth-tensor-r064-t07-ac.json,,,,,,,,,,,,,,,,,,,,,,12,12,0,0,float32,236.91177368164062,10.638514518737793,236.94762700324645,236.78564453125,10.638025283813477,16.560546875
training,fixed_depth,,tensor,7,none,passed,,672596736,12,12,original,experiments/l40s/results/loop-baseline/training-fixed_depth-tensor-t07.json,,,,,,,,,,,,,,,,,,,,,,12,12,0,0,float32,189.3889617919922,14.938640117645264,189.42443699779687,187.68316650390625,14.939496517181396,23.638671875
training,fixed_depth,,tensor,8,ac,passed,,757531392,12,12,extension,experiments/l40s/results/loop-sweep/training-fixed_depth-tensor-r064-t08-ac.json,,,,,,,,,,,,,,,,,,,,,,12,12,0,0,float32,266.33831787109375,12.035734176635742,266.3734489979106,265.41636149088544,12.036465644836426,17.81640625
training,fixed_depth,,tensor,8,none,passed,,757531392,12,12,original,experiments/l40s/results/loop-baseline/training-fixed_depth-tensor-t08.json,,,,,,,,,,,,,,,,,,,,,,12,12,0,0,float32,213.22134399414062,16.754438877105713,213.25563700520433,211.4955851236979,16.755295276641846,26.19921875
training,fixed_depth,,tensor,9,ac,passed,,842466048,12,12,extension,experiments/l40s/results/loop-sweep/training-fixed_depth-tensor-r064-t09-ac.json,,,,,,,,,,,,,,,,,,,,,,12,12,0,0,float32,292.5978698730469,13.434962272644043,292.64583800249966,290.49684651692706,13.433862686157227,19.435546875
training,fixed_depth,,tensor,9,none,passed,,842466048,12,12,original,experiments/l40s/results/loop-baseline/training-fixed_depth-tensor-t09.json,,,,,,,,,,,,,,,,,,,,,,12,12,0,0,float32,237.5782470703125,18.569380283355713,237.61230300442548,235.45133463541666,18.569260120391846,28.8671875
training,fixed_depth,,tensor,10,ac,passed,,927400704,12,12,extension,experiments/l40s/results/loop-sweep/training-fixed_depth-tensor-r064-t10-ac.json,,,,,,,,,,,,,,,,,,,,,,12,12,0,0,float32,324.4921569824219,14.729154586791992,324.52646599995205,322.9475504557292,14.730252265930176,21.275390625
training,fixed_depth,,tensor,10,none,passed,,927400704,12,12,original,experiments/l40s/results/loop-baseline/training-fixed_depth-tensor-t10.json,,,,,,,,,,,,,,,,,,,,,,12,12,0,0,float32,261.5080871582031,20.314500331878662,261.54276599845616,260.8728841145833,20.314624309539795,31.41796875
training,fixed_depth,,tensor,11,ac,passed,,1012335360,12,12,extension,experiments/l40s/results/loop-sweep/training-fixed_depth-tensor-r064-t11-ac.json,,,,,,,,,,,,,,,,,,,,,,12,12,0,0,float32,375.0081481933594,16.094630241394043,375.0450030056527,371.0255940755208,16.094446182250977,22.974609375
training,fixed_depth,,tensor,11,none,passed,,1012335360,12,12,original,experiments/l40s/results/loop-baseline/training-fixed_depth-tensor-t11.json,,,,,,,,,,,,,,,,,,,,,,12,12,0,0,float32,302.1527099609375,22.102824687957764,302.1891839962336,300.1617024739583,22.102948665618896,34.18359375
training,fixed_depth,,tensor,12,ac,passed,,1097270016,12,12,extension,experiments/l40s/results/loop-sweep/training-fixed_depth-tensor-r064-t12-ac.json,,,,,,,,,,,,,,,,,,,,,,12,12,0,0,float32,389.5326843261719,17.495081901550293,389.56777999555925,386.6183268229167,17.493127822875977,25.68359375
training,fixed_depth,,tensor,12,none,passed,,1097270016,12,12,original,experiments/l40s/results/loop-baseline/training-fixed_depth-tensor-t12.json,,,,,,,,,,,,,,,,,,,,,,12,12,0,0,float32,314.38336181640625,23.925415992736816,314.4213519990444,313.53684488932294,23.92627239227295,37.9609375
training,fixed_depth,,tensor,13,ac,passed,,1182204672,12,12,extension,experiments/l40s/results/loop-sweep/training-fixed_depth-tensor-r064-t13-ac.json,,,,,,,,,,,,,,,,,,,,,,12,12,0,0,float32,449.8258056640625,18.893031120300293,449.864334994345,447.7969156901042,18.893518447875977,26.98828125
training,fixed_depth,,tensor,13,none,passed,,1182204672,12,12,original,experiments/l40s/results/loop-baseline/training-fixed_depth-tensor-t13.json,,,,,,,,,,,,,,,,,,,,,,12,12,0,0,float32,356.0652770996094,25.797544479370117,356.1044449961628,354.4224446614583,25.7974853515625,41.34375
training,fixed_depth,,tensor,14,ac,passed,,1267139328,12,12,extension,experiments/l40s/results/loop-sweep/training-fixed_depth-tensor-r064-t14-ac.json,,,,,,,,,,,,,,,,,,,,,,12,12,0,0,float32,560.2222290039062,20.187708854675293,560.2625660030753,560.5481770833334,20.187097549438477,29.091796875
training,fixed_depth,,tensor,14,none,passed,,1267139328,12,12,original,experiments/l40s/results/loop-baseline/training-fixed_depth-tensor-t14.json,,,,,,,,,,,,,,,,,,,,,,12,12,0,0,float32,430.2110595703125,27.599854469299316,430.28532400057884,429.2208658854167,27.59997844696045,37.638671875
training,fixed_depth,,tensor,15,ac,passed,,1352073984,12,12,extension,experiments/l40s/results/loop-sweep/training-fixed_depth-tensor-r064-t15-ac.json,,,,,,,,,,,,,,,,,,,,,,12,12,0,0,float32,629.0554809570312,21.554774284362793,629.0982959981193,628.1526692708334,21.550622940063477,30.984375
training,fixed_depth,,tensor,15,none,passed,,1352073984,12,12,original,experiments/l40s/results/loop-baseline/training-fixed_depth-tensor-t15.json,,,,,,,,,,,,,,,,,,,,,,12,12,0,0,float32,479.5699157714844,29.447996139526367,479.61186300381087,478.1704508463542,29.4482421875,39.828125
training,fixed_depth,,tensor,16,ac,passed,,1437008640,12,12,extension,experiments/l40s/results/loop-sweep/training-fixed_depth-tensor-r064-t16-ac.json,,,,,,,,,,,,,,,,,,,,,,12,12,0,0,float32,677.6094970703125,22.951258659362793,677.6700400005211,676.6785888671875,22.949548721313477,33.078125
training,fixed_depth,,tensor,16,none,passed,,1437008640,12,12,original,experiments/l40s/results/loop-baseline/training-fixed_depth-tensor-t16.json,,,,,,,,,,,,,,,,,,,,,,12,12,0,0,float32,514.3101196289062,31.317261695861816,514.3525000021327,513.00146484375,31.31811809539795,41.732421875
training,fixed_depth,,torch,1,ac,passed,,162988800,12,12,extension,experiments/l40s/results/loop-sweep/training-fixed_depth-torch-r064-t01-ac.json,,,,,,,,,,,,,,,,,,,,,,12,12,0,0,float32,63.46137619018555,4.3762969970703125,63.49356399732642,57.667582194010414,4.392473220825195,8.552734375
training,fixed_depth,,torch,1,none,passed,,162988800,12,12,original,experiments/l40s/results/loop-baseline/training-fixed_depth-torch-t01.json,,,,,,,,,,,,,,,,,,,,,,12,12,0,0,float32,52.959232330322266,5.9158477783203125,52.993898003478535,51.80518595377604,5.9278764724731445,11.1640625
training,fixed_depth,,torch,2,ac,passed,,247923456,12,12,extension,experiments/l40s/results/loop-sweep/training-fixed_depth-torch-r064-t02-ac.json,,,,,,,,,,,,,,,,,,,,,,12,12,0,0,float32,83.88813018798828,5.328680992126465,83.92097400064813,82.34222920735677,5.344857215881348,10.1171875
training,fixed_depth,,torch,2,none,passed,,247923456,12,12,original,experiments/l40s/results/loop-baseline/training-fixed_depth-torch-t02.json,,,,,,,,,,,,,,,,,,,,,,12,12,0,0,float32,73.49657440185547,7.867877006530762,73.52946699757013,72.35447692871094,7.899803161621094,14.267578125
training,fixed_depth,,torch,3,ac,passed,,332858112,12,12,extension,experiments/l40s/results/loop-sweep/training-fixed_depth-torch-r064-t03-ac.json,,,,,,,,,,,,,,,,,,,,,,12,12,0,0,float32,110.41190338134766,6.378485679626465,110.44415600190405,108.81092325846355,6.389107704162598,11.525390625
training,fixed_depth,,torch,3,none,passed,,332858112,12,12,original,experiments/l40s/results/loop-baseline/training-fixed_depth-torch-t03.json,,,,,,,,,,,,,,,,,,,,,,12,12,0,0,float32,94.38412475585938,9.812520980834961,94.41756899832399,93.32326253255208,9.826072692871094,16.88671875
training,fixed_depth,,torch,4,ac,passed,,417792768,12,12,extension,experiments/l40s/results/loop-sweep/training-fixed_depth-torch-r064-t04-ac.json,,,,,,,,,,,,,,,,,,,,,,12,12,0,0,float32,131.8850555419922,7.507269859313965,131.9178749981802,130.16439819335938,7.518996238708496,12.6875
training,fixed_depth,,torch,4,none,passed,,417792768,12,12,original,experiments/l40s/results/loop-baseline/training-fixed_depth-torch-t04.json,,,,,,,,,,,,,,,,,,,,,,12,12,0,0,float32,111.5330581665039,11.772845268249512,111.56972200114978,110.61383056640625,11.787626266479492,20.140625
training,fixed_depth,,torch,5,ac,passed,,502727424,12,12,extension,experiments/l40s/results/loop-sweep/training-fixed_depth-torch-r064-t05-ac.json,,,,,,,,,,,,,,,,,,,,,,12,12,0,0,float32,154.82470703125,8.640933990478516,154.85939800419146,154.59532674153647,8.651561737060547,14.30859375
training,fixed_depth,,torch,5,none,passed,,502727424,12,12,original,experiments/l40s/results/loop-baseline/training-fixed_depth-torch-t05.json,,,,,,,,,,,,,,,,,,,,,,12,12,0,0,float32,131.74887084960938,13.753011703491211,131.78362600228866,131.2696329752604,13.763572692871094,23.21484375
training,fixed_depth,,torch,6,ac,passed,,587662080,12,12,extension,experiments/l40s/results/loop-sweep/training-fixed_depth-torch-r064-t06-ac.json,,,,,,,,,,,,,,,,,,,,,,12,12,0,0,float32,183.00006103515625,9.707831382751465,183.0329019940109,183.28951009114584,9.715288162231445,16.037109375
training,fixed_depth,,torch,6,none,passed,,587662080,12,12,original,experiments/l40s/results/loop-baseline/training-fixed_depth-torch-t06.json,,,,,,,,,,,,,,,,,,,,,,12,12,0,0,float32,152.38143920898438,15.664446830749512,152.41565000178525,152.1063028971354,15.689603805541992,26.26171875
training,fixed_depth,,torch,7,ac,passed,,672596736,12,12,extension,experiments/l40s/results/loop-sweep/training-fixed_depth-torch-r064-t07-ac.json,,,,,,,,,,,,,,,,,,,,,,12,12,0,0,float32,206.79373168945312,10.808908462524414,206.82963799481513,207.71394856770834,10.819780349731445,17.529296875
training,fixed_depth,,torch,7,none,passed,,672596736,12,12,original,experiments/l40s/results/loop-baseline/training-fixed_depth-torch-t07.json,,,,,,,,,,,,,,,,,,,,,,12,12,0,0,float32,170.78271484375,17.64174461364746,170.81741999572841,170.27789306640625,17.656517028808594,29.404296875
training,fixed_depth,,torch,8,ac,passed,,757531392,12,12,extension,experiments/l40s/results/loop-sweep/training-fixed_depth-torch-r064-t08-ac.json,,,,,,,,,,,,,,,,,,,,,,12,12,0,0,float32,227.27264404296875,12.048667907714844,227.30713799683144,228.71073404947916,12.065030097961426,18.99609375
training,fixed_depth,,torch,8,none,passed,,757531392,12,12,original,experiments/l40s/results/loop-baseline/training-fixed_depth-torch-t08.json,,,,,,,,,,,,,,,,,,,,,,12,12,0,0,float32,188.10777282714844,19.59096336364746,188.1431430010707,187.94291178385416,19.603172302246094,32.2734375
training,fixed_depth,,torch,9,ac,passed,,842466048,12,12,extension,experiments/l40s/results/loop-sweep/training-fixed_depth-torch-r064-t09-ac.json,,,,,,,,,,,,,,,,,,,,,,12,12,0,0,float32,246.30374145507812,13.443812370300293,246.33937400358263,244.9052937825521,13.459927558898926,21.1328125
training,fixed_depth,,torch,9,none,passed,,842466048,12,12,original,experiments/l40s/results/loop-baseline/training-fixed_depth-torch-t09.json,,,,,,,,,,,,,,,,,,,,,,12,12,0,0,float32,208.49664306640625,21.55354595184326,208.5330720001366,207.45076497395834,21.569608688354492,35.42578125
training,fixed_depth,,torch,10,ac,passed,,927400704,12,12,extension,experiments/l40s/results/loop-sweep/training-fixed_depth-torch-r064-t10-ac.json,,,,,,,,,,,,,,,,,,,,,,12,12,0,0,float32,275.45086669921875,14.741294860839844,275.4857469990384,278.87274169921875,14.759854316711426,22.50390625
training,fixed_depth,,torch,10,none,passed,,927400704,12,12,original,experiments/l40s/results/loop-baseline/training-fixed_depth-torch-t10.json,,,,,,,,,,,,,,,,,,,,,,12,12,0,0,float32,232.56985473632812,23.48604106903076,232.60510600084672,233.7430216471354,23.503812789916992,38.23828125
training,fixed_depth,,torch,11,ac,passed,,1012335360,12,12,extension,experiments/l40s/results/loop-sweep/training-fixed_depth-torch-r064-t11-ac.json,,,,,,,,,,,,,,,,,,,,,,12,12,0,0,float32,297.638916015625,16.108848571777344,297.68169600720285,298.3813069661458,16.125823974609375,23.703125
training,fixed_depth,,torch,11,none,passed,,1012335360,12,12,original,experiments/l40s/results/loop-baseline/training-fixed_depth-torch-t11.json,,,,,,,,,,,,,,,,,,,,,,12,12,0,0,float32,252.832763671875,25.42452049255371,252.8708509998978,254.3431599934896,25.436668395996094,41.41015625
training,fixed_depth,,torch,12,ac,passed,,1097270016,12,12,extension,experiments/l40s/results/loop-sweep/training-fixed_depth-torch-r064-t12-ac.json,,,,,,,,,,,,,,,,,,,,,,12,12,0,0,float32,314.69769287109375,17.503743171691895,314.73275699681835,317.5082600911458,17.521326065063477,28.01171875
training,fixed_depth,,torch,12,none,passed,,1097270016,12,12,original,experiments/l40s/results/loop-baseline/training-fixed_depth-torch-t12.json,,,,,,,,,,,,,,,,,,,,,,12,12,0,0,float32,271.3373718261719,27.385818481445312,271.3742400010233,275.2105305989583,27.403834342956543,35.169921875
training,fixed_depth,,torch,13,ac,passed,,1182204672,12,12,extension,experiments/l40s/results/loop-sweep/training-fixed_depth-torch-r064-t13-ac.json,,,,,,,,,,,,,,,,,,,,,,12,12,0,0,float32,340.3816833496094,18.89975070953369,340.4166150066885,343.2167561848958,18.915743827819824,29.34765625
training,fixed_depth,,torch,13,none,passed,,1182204672,12,12,original,experiments/l40s/results/loop-baseline/training-fixed_depth-torch-t13.json,,,,,,,,,,,,,,,,,,,,,,12,12,0,0,float32,289.8503723144531,29.37618064880371,289.88672800187487,291.3966064453125,29.386863708496094,38.6484375
training,fixed_depth,,torch,14,ac,passed,,1267139328,12,12,extension,experiments/l40s/results/loop-sweep/training-fixed_depth-torch-r064-t14-ac.json,,,,,,,,,,,,,,,,,,,,,,12,12,0,0,float32,365.6990661621094,20.199064254760742,365.7501810012036,369.5001627604167,20.216403007507324,30.9140625
training,fixed_depth,,torch,14,none,passed,,1267139328,12,12,original,experiments/l40s/results/loop-baseline/training-fixed_depth-torch-t14.json,,,,,,,,,,,,,,,,,,,,,,12,12,0,0,float32,310.04364013671875,31.26875591278076,310.1071260025492,313.71059163411456,31.299589157104492,41.1015625
training,fixed_depth,,torch,15,ac,passed,,1352073984,12,12,extension,experiments/l40s/results/loop-sweep/training-fixed_depth-torch-r064-t15-ac.json,,,,,,,,,,,,,,,,,,,,,,12,12,0,0,float32,387.9924011230469,21.567957878112793,388.07072000054177,390.8509114583333,21.586758613586426,34.05859375
training,fixed_depth,,torch,15,none,passed,,1352073984,12,12,original,experiments/l40s/results/loop-baseline/training-fixed_depth-torch-t15.json,,,,,,,,,,,,,,,,,,,,,,12,12,0,0,float32,333.66839599609375,33.25301170349121,333.7320299979183,338.2633870442708,33.263572692871094,43.6171875
training,fixed_depth,,torch,16,ac,passed,,1437008640,12,12,extension,experiments/l40s/results/loop-sweep/training-fixed_depth-torch-r064-t16-ac.json,,,,,,,,,,,,,,,,,,,,,,12,12,0,0,float32,414.7413330078125,22.964930534362793,414.77971200220054,422.9539794921875,22.978482246398926,34.9921875
training,fixed_depth,,torch,16,none,out_of_memory,training_graph,1437008640,12,12,original,experiments/l40s/results/loop-baseline/training-fixed_depth-torch-t16.json,,,,,,,,,,,,,,,,,,,,,,12,12,0,0,float32,352.9809875488281,35.20564556121826,353.0763270027819,,,
training,llt,32,tensor,1,ac,passed,,149447424,12,12,extension,experiments/l40s/results/loop-sweep/training-llt-tensor-r032-t01-ac.json,,,,,,,,,,,,,,,,,,,,,,12,12,0,0,float32,73.86009979248047,2.665498733520508,73.89759000216145,43.3623046875,2.6655006408691406,4.265625
training,llt,32,tensor,1,lac,passed,,149447424,12,12,extension,experiments/l40s/results/loop-sweep/training-llt-tensor-r032-t01-lac.json,,,,,,,,,,,,,,,,,,,,,,12,12,0,0,float32,60.625919342041016,3.6961355209350586,60.64907000109088,38.97992451985677,3.695158004760742,5.982421875
training,llt,32,tensor,1,none,passed,,149447424,12,12,extension,experiments/l40s/results/loop-sweep/training-llt-tensor-r032-t01-none.json,,,,,,,,,,,,,,,,,,,,,,12,12,0,0,float32,55.1649284362793,3.7955007553100586,55.19007900147699,37.93885803222656,3.794034957885742,6.2421875
training,llt,32,tensor,2,ac,passed,,149447424,24,12,extension,experiments/l40s/results/loop-sweep/training-llt-tensor-r032-t02-ac.json,,,,,,,,,,,,,,,,,,,,,,24,24,0,0,float32,123.28038024902344,2.8053855895996094,123.3058380021248,70.60103352864583,2.805387496948242,4.421875
training,llt,32,tensor,2,lac,passed,,149447424,24,12,extension,experiments/l40s/results/loop-sweep/training-llt-tensor-r032-t02-lac.json,,,,,,,,,,,,,,,,,,,,,,24,24,0,0,float32,98.04390716552734,4.878630638122559,98.07187700062059,61.5926513671875,4.873258590698242,8.416015625
training,llt,32,tensor,2,none,passed,,149447424,24,12,extension,experiments/l40s/results/loop-sweep/training-llt-tensor-r032-t02-none.json,,,,,,,,,,,,,,,,,,,,,,24,24,0,0,float32,83.58697509765625,5.084685325622559,83.61012900422793,59.54798889160156,5.084931373596191,9.28125
training,llt,32,tensor,3,ac,passed,,149447424,36,12,extension,experiments/l40s/results/loop-sweep/training-llt-tensor-r032-t03-ac.json,,,,,,,,,,,,,,,,,,,,,,36,36,0,0,float32,172.1466827392578,2.9484548568725586,172.17410400189692,97.52402750651042,2.947477340698242,4.638671875
training,llt,32,tensor,3,lac,passed,,149447424,36,12,extension,experiments/l40s/results/loop-sweep/training-llt-tensor-r032-t03-lac.json,,,,,,,,,,,,,,,,,,,,,,36,36,0,0,float32,136.24217224121094,6.037688255310059,136.26395099709043,84.03558349609375,6.033781051635742,11.16796875
training,llt,32,tensor,3,none,passed,,149447424,36,12,extension,experiments/l40s/results/loop-sweep/training-llt-tensor-r032-t03-none.json,,,,,,,,,,,,,,,,,,,,,,36,36,0,0,float32,114.4238052368164,6.359465599060059,114.44882900104858,80.86355082194011,6.357270240783691,11.958984375
training,llt,32,tensor,4,ac,passed,,149447424,48,12,extension,experiments/l40s/results/loop-sweep/training-llt-tensor-r032-t04-ac.json,,,,,,,,,,,,,,,,,,,,,,48,48,0,0,float32,219.62547302246094,3.0885915756225586,219.65235599782318,124.9812520345052,3.087858200073242,4.923828125
training,llt,32,tensor,4,lac,passed,,149447424,48,12,extension,experiments/l40s/results/loop-sweep/training-llt-tensor-r032-t04-lac.json,,,,,,,,,,,,,,,,,,,,,,48,48,0,0,float32,173.75027465820312,7.198210716247559,173.77801199472742,107.04725138346355,7.194303512573242,13.53515625
training,llt,32,tensor,4,none,passed,,149447424,48,12,extension,experiments/l40s/results/loop-sweep/training-llt-tensor-r032-t04-none.json,,,,,,,,,,,,,,,,,,,,,,48,48,0,0,float32,147.61062622070312,7.627654075622559,147.6369260053616,102.67820231119792,7.625946998596191,14.623046875
training,llt,32,tensor,5,ac,passed,,149447424,60,12,extension,experiments/l40s/results/loop-sweep/training-llt-tensor-r032-t05-ac.json,,,,,,,,,,,,,,,,,,,,,,60,60,0,0,float32,269.4799499511719,3.2292165756225586,269.5064149957034,152.1251017252604,3.228483200073242,5.228515625
training,llt,32,tensor,5,lac,passed,,149447424,60,12,extension,experiments/l40s/results/loop-sweep/training-llt-tensor-r032-t05-lac.json,,,,,,,,,,,,,,,,,,,,,,60,60,0,0,float32,211.7734375,8.358733177185059,211.80336399993394,129.68037923177084,8.354825973510742,15.90234375
training,llt,32,tensor,5,none,passed,,149447424,60,12,extension,experiments/l40s/results/loop-sweep/training-llt-tensor-r032-t05-none.json,,,,,,,,,,,,,,,,,,,,,,60,60,0,0,float32,177.987548828125,8.895842552185059,178.0158709952957,124.3163350423177,8.894623756408691,17.2890625
training,llt,32,tensor,6,ac,passed,,149447424,72,12,extension,experiments/l40s/results/loop-sweep/training-llt-tensor-r032-t06-ac.json,,,,,,,,,,,,,,,,,,,,,,72,72,0,0,float32,317.1481628417969,3.3698415756225586,317.1769079999649,179.1535441080729,3.369108200073242,5.509765625
training,llt,32,tensor,6,lac,passed,,149447424,72,12,extension,experiments/l40s/results/loop-sweep/training-llt-tensor-r032-t06-lac.json,,,,,,,,,,,,,,,,,,,,,,72,72,0,0,float32,249.133056640625,9.519255638122559,249.15804999909597,152.05512491861978,9.515348434448242,18.28125
training,llt,32,tensor,6,none,passed,,149447424,72,12,extension,experiments/l40s/results/loop-sweep/training-llt-tensor-r032-t06-none.json,,,,,,,,,,,,,,,,,,,,,,72,72,0,0,float32,200.99685668945312,10.164031028747559,201.04017900303006,145.82715861002603,10.163300514221191,19.955078125
training,llt,32,tensor,7,ac,passed,,149447424,84,12,extension,experiments/l40s/results/loop-sweep/training-llt-tensor-r032-t07-ac.json,,,,,,,,,,,,,,,,,,,,,,84,84,0,0,float32,369.986572265625,3.5104665756225586,370.0186260030023,206.0233357747396,3.509733200073242,5.791015625
training,llt,32,tensor,7,lac,passed,,149447424,84,12,extension,experiments/l40s/results/loop-sweep/training-llt-tensor-r032-t07-lac.json,,,,,,,,,,,,,,,,,,,,,,84,84,0,0,float32,285.1153869628906,10.679778099060059,285.14456000266364,174.44966634114584,10.675870895385742,20.6484375
training,llt,32,tensor,7,none,passed,,149447424,84,12,extension,experiments/l40s/results/loop-sweep/training-llt-tensor-r032-t07-none.json,,,,,,,,,,,,,,,,,,,,,,84,84,0,0,float32,232.91375732421875,11.432219505310059,232.99176299769897,167.72095743815103,11.431977272033691,22.619140625
training,llt,32,tensor,8,ac,passed,,149447424,96,12,extension,experiments/l40s/results/loop-sweep/training-llt-tensor-r032-t08-ac.json,,,,,,,,,,,,,,,,,,,,,,96,96,0,0,float32,426.0628356933594,3.6510915756225586,426.0920420056209,232.47052001953125,3.650358200073242,6.072265625
training,llt,32,tensor,8,lac,passed,,149447424,96,12,extension,experiments/l40s/results/loop-sweep/training-llt-tensor-r032-t08-lac.json,,,,,,,,,,,,,,,,,,,,,,96,96,0,0,float32,319.5054016113281,11.840300559997559,319.5331160022761,196.24344889322916,11.836393356323242,23.02734375
training,llt,32,tensor,8,none,passed,,149447424,96,12,extension,experiments/l40s/results/loop-sweep/training-llt-tensor-r032-t08-none.json,,,,,,,,,,,,,,,,,,,,,,96,96,0,0,float32,262.59967041015625,12.700407981872559,262.62599600158865,191.40301513671875,12.700654029846191,25.28515625
training,llt,32,tensor,9,ac,passed,,149447424,108,12,extension,experiments/l40s/results/loop-sweep/training-llt-tensor-r032-t09-ac.json,,,,,,,,,,,,,,,,,,,,,,108,108,0,0,float32,462.4957580566406,3.7917165756225586,462.53637499467004,262.5423177083333,3.790983200073242,6.353515625
training,llt,32,tensor,9,lac,passed,,149447424,108,12,extension,experiments/l40s/results/loop-sweep/training-llt-tensor-r032-t09-lac.json,,,,,,,,,,,,,,,,,,,,,,108,108,0,0,float32,364.46514892578125,13.000823020935059,364.4920090009691,220.0428670247396,12.996915817260742,25.396484375
training,llt,32,tensor,9,none,passed,,149447424,108,12,extension,experiments/l40s/results/loop-sweep/training-llt-tensor-r032-t09-none.json,,,,,,,,,,,,,,,,,,,,,,108,108,0,0,float32,299.931640625,13.968596458435059,299.96150599617977,211.4583536783854,13.969330787658691,28.333984375
training,llt,32,tensor,10,ac,passed,,149447424,120,12,extension,experiments/l40s/results/loop-sweep/training-llt-tensor-r032-t10-ac.json,,,,,,,,,,,,,,,,,,,,,,120,120,0,0,float32,520.4869384765625,3.9323415756225586,520.5143229977693,286.08205159505206,3.931608200073242,6.634765625
training,llt,32,tensor,10,lac,passed,,149447424,120,12,extension,experiments/l40s/results/loop-sweep/training-llt-tensor-r032-t10-lac.json,,,,,,,,,,,,,,,,,,,,,,120,120,0,0,float32,401.3209533691406,14.161345481872559,401.3506569972378,241.26737467447916,14.157438278198242,27.7734375
training,llt,32,tensor,10,none,passed,,149447424,120,12,extension,experiments/l40s/results/loop-sweep/training-llt-tensor-r032-t10-none.json,,,,,,,,,,,,,,,,,,,,,,120,120,0,0,float32,327.12823486328125,15.236784934997559,327.157088999229,231.0546875,15.238007545471191,31.0
training,llt,32,tensor,11,ac,passed,,149447424,132,12,extension,experiments/l40s/results/loop-sweep/training-llt-tensor-r032-t11-ac.json,,,,,,,,,,,,,,,,,,,,,,132,132,0,0,float32,564.4246215820312,4.072966575622559,564.453622995643,315.7862141927083,4.072233200073242,6.916015625
training,llt,32,tensor,11,lac,passed,,149447424,132,12,extension,experiments/l40s/results/loop-sweep/training-llt-tensor-r032-t11-lac.json,,,,,,,,,,,,,,,,,,,,,,132,132,0,0,float32,428.5870056152344,15.321867942810059,428.620314996806,267.4984944661458,15.317960739135742,30.142578125
training,llt,32,tensor,11,none,passed,,149447424,132,12,extension,experiments/l40s/results/loop-sweep/training-llt-tensor-r032-t11-none.json,,,,,,,,,,,,,,,,,,,,,,132,132,0,0,float32,344.4029541015625,16.50497341156006,344.4300999981351,254.93572998046875,16.50668430328369,33.6640625
training,llt,32,tensor,12,ac,passed,,149447424,144,12,extension,experiments/l40s/results/loop-sweep/training-llt-tensor-r032-t12-ac.json,,,,,,,,,,,,,,,,,,,,,,144,144,0,0,float32,629.8079833984375,4.213591575622559,629.8356350016547,339.8543294270833,4.212858200073242,7.197265625
training,llt,32,tensor,12,lac,passed,,149447424,144,12,extension,experiments/l40s/results/loop-sweep/training-llt-tensor-r032-t12-lac.json,,,,,,,,,,,,,,,,,,,,,,144,144,0,0,float32,480.2191467285156,16.48239040374756,480.2507760032313,285.99159749348956,16.478483200073242,32.5234375
training,llt,32,tensor,12,none,passed,,149447424,144,12,extension,experiments/l40s/results/loop-sweep/training-llt-tensor-r032-t12-none.json,,,,,,,,,,,,,,,,,,,,,,144,144,0,0,float32,386.7697448730469,17.77316188812256,386.80160399962915,273.58310953776044,17.77536106109619,36.330078125
training,llt,32,tensor,13,ac,passed,,149447424,156,12,extension,experiments/l40s/results/loop-sweep/training-llt-tensor-r032-t13-ac.json,,,,,,,,,,,,,,,,,,,,,,156,156,0,0,float32,674.7728271484375,4.354216575622559,674.8023690015543,367.1388346354167,4.353483200073242,7.478515625
training,llt,32,tensor,13,lac,passed,,149447424,156,12,extension,experiments/l40s/results/loop-sweep/training-llt-tensor-r032-t13-lac.json,,,,,,,,,,,,,,,,,,,,,,156,156,0,0,float32,506.5349426269531,17.64291286468506,506.5674720026436,308.88238525390625,17.639005661010742,34.890625
training,llt,32,tensor,13,none,passed,,149447424,156,12,extension,experiments/l40s/results/loop-sweep/training-llt-tensor-r032-t13-none.json,,,,,,,,,,,,,,,,,,,,,,156,156,0,0,float32,414.54388427734375,19.04135036468506,414.572195004439,295.7022705078125,19.04403781890869,38.99609375
training,llt,32,tensor,14,ac,passed,,149447424,168,12,extension,experiments/l40s/results/loop-sweep/training-llt-tensor-r032-t14-ac.json,,,,,,,,,,,,,,,,,,,,,,168,168,0,0,float32,711.8233642578125,4.494841575622559,711.8538709983113,395.3568522135417,4.494108200073242,7.759765625
training,llt,32,tensor,14,lac,passed,,149447424,168,12,extension,experiments/l40s/results/loop-sweep/training-llt-tensor-r032-t14-lac.json,,,,,,,,,,,,,,,,,,,,,,168,168,0,0,float32,556.1774291992188,18.80343532562256,556.225596999866,331.97568766276044,18.799528121948242,37.26953125
training,llt,32,tensor,14,none,passed,,149447424,168,12,extension,experiments/l40s/results/loop-sweep/training-llt-tensor-r032-t14-none.json,,,,,,,,,,,,,,,,,,,,,,168,168,0,0,float32,449.1878356933594,20.30953884124756,449.21429300302407,316.9337972005208,20.31271457672119,41.66015625
training,llt,32,tensor,15,ac,passed,,149447424,180,12,extension,experiments/l40s/results/loop-sweep/training-llt-tensor-r032-t15-ac.json,,,,,,,,,,,,,,,,,,,,,,180,180,0,0,float32,771.8215942382812,4.635466575622559,771.860556997126,422.1296793619792,4.634733200073242,8.041015625
training,llt,32,tensor,15,lac,passed,,149447424,180,12,extension,experiments/l40s/results/loop-sweep/training-llt-tensor-r032-t15-lac.json,,,,,,,,,,,,,,,,,,,,,,180,180,0,0,float32,584.1785888671875,19.96395778656006,584.2115920022479,355.244384765625,19.960050582885742,39.638671875
training,llt,32,tensor,15,none,passed,,149447424,180,12,extension,experiments/l40s/results/loop-sweep/training-llt-tensor-r032-t15-none.json,,,,,,,,,,,,,,,,,,,,,,180,180,0,0,float32,477.2515869140625,21.57821559906006,477.2817480043159,339.56113688151044,21.58139133453369,23.619140625
training,llt,32,tensor,16,ac,passed,,149447424,192,12,extension,experiments/l40s/results/loop-sweep/training-llt-tensor-r032-t16-ac.json,,,,,,,,,,,,,,,,,,,,,,192,192,0,0,float32,822.0528564453125,4.776091575622559,822.0879010041244,448.6683349609375,4.775358200073242,8.322265625
training,llt,32,tensor,16,lac,passed,,149447424,192,12,extension,experiments/l40s/results/loop-sweep/training-llt-tensor-r032-t16-lac.json,,,,,,,,,,,,,,,,,,,,,,192,192,0,0,float32,630.6693115234375,21.12448024749756,630.7028180017369,377.3839518229167,21.120573043823242,42.40234375
training,llt,32,tensor,16,none,passed,,149447424,192,12,extension,experiments/l40s/results/loop-sweep/training-llt-tensor-r032-t16-none.json,,,,,,,,,,,,,,,,,,,,,,192,192,0,0,float32,517.897216796875,22.84591579437256,517.9291910026222,359.6031901041667,22.85006809234619,25.25390625
training,llt,32,torch,1,ac,passed,,149447424,12,12,extension,experiments/l40s/results/loop-sweep/training-llt-torch-r032-t01-ac.json,,,,,,,,,,,,,,,,,,,,,,12,12,0,0,float32,56.71833419799805,4.285562992095947,56.7816370021319,49.5639902750651,4.28843355178833,8.49609375
training,llt,32,torch,1,lac,passed,,149447424,12,12,extension,experiments/l40s/results/loop-sweep/training-llt-torch-r032-t01-lac.json,,,,,,,,,,,,,,,,,,,,,,12,12,0,0,float32,51.53590393066406,5.274448871612549,51.566357993579004,46.23699442545573,5.274886608123779,9.408203125
training,llt,32,torch,1,none,passed,,149447424,12,12,extension,experiments/l40s/results/loop-sweep/training-llt-torch-r032-t01-none.json,,,,,,,,,,,,,,,,,,,,,,12,12,0,0,float32,49.13151931762695,5.355517864227295,49.160921000293456,45.8260498046875,5.356441020965576,9.521484375
training,llt,32,torch,2,ac,passed,,149447424,24,12,extension,experiments/l40s/results/loop-sweep/training-llt-torch-r032-t02-ac.json,,,,,,,,,,,,,,,,,,,,,,24,24,0,0,float32,81.73158264160156,4.427280902862549,81.76115699461661,70.49181620279948,4.42979097366333,8.041015625
training,llt,32,torch,2,lac,passed,,149447424,24,12,extension,experiments/l40s/results/loop-sweep/training-llt-torch-r032-t02-lac.json,,,,,,,,,,,,,,,,,,,,,,24,24,0,0,float32,72.44493103027344,6.311194896697998,72.49638699431671,64.09518941243489,6.308084011077881,11.525390625
training,llt,32,torch,2,none,passed,,149447424,24,12,extension,experiments/l40s/results/loop-sweep/training-llt-torch-r032-t02-none.json,,,,,,,,,,,,,,,,,,,,,,24,24,0,0,float32,67.14057922363281,6.468563556671143,67.1715429998585,63.25384521484375,6.468390941619873,12.515625
training,llt,32,torch,3,ac,passed,,149447424,36,12,extension,experiments/l40s/results/loop-sweep/training-llt-torch-r032-t03-ac.json,,,,,,,,,,,,,,,,,,,,,,36,36,0,0,float32,111.2779541015625,4.563514232635498,111.3039550036774,91.60189819335938,4.56797456741333,8.322265625
training,llt,32,torch,3,lac,passed,,149447424,36,12,extension,experiments/l40s/results/loop-sweep/training-llt-torch-r032-t03-lac.json,,,,,,,,,,,,,,,,,,,,,,36,36,0,0,float32,93.12355041503906,7.341465473175049,93.1611689957208,82.05141194661458,7.343245983123779,14.35546875
training,llt,32,torch,3,none,passed,,149447424,36,12,extension,experiments/l40s/results/loop-sweep/training-llt-torch-r032-t03-none.json,,,,,,,,,,,,,,,,,,,,,,36,36,0,0,float32,85.95455932617188,7.5580525398254395,86.01051500590984,80.73352559407552,7.56080961227417,14.724609375
training,llt,32,torch,4,ac,passed,,149447424,48,12,extension,experiments/l40s/results/loop-sweep/training-llt-torch-r032-t04-ac.json,,,,,,,,,,,,,,,,,,,,,,48,48,0,0,float32,142.5232391357422,4.701697826385498,142.5525469967397,113.12503051757812,4.70859956741333,8.603515625
training,llt,32,torch,4,lac,passed,,149447424,48,12,extension,experiments/l40s/results/loop-sweep/training-llt-torch-r032-t04-lac.json,,,,,,,,,,,,,,,,,,,,,,48,48,0,0,float32,114.5947494506836,8.360386371612549,114.62375600240193,100.1547139485677,8.36314344406128,16.41796875
training,llt,32,torch,4,none,passed,,149447424,48,12,extension,experiments/l40s/results/loop-sweep/training-llt-torch-r032-t04-none.json,,,,,,,,,,,,,,,,,,,,,,48,48,0,0,float32,104.11724853515625,8.650471210479736,104.14669100282481,98.5163065592448,8.653228282928467,16.93359375
training,llt,32,torch,5,ac,passed,,149447424,60,12,extension,experiments/l40s/results/loop-sweep/training-llt-torch-r032-t05-ac.json,,,,,,,,,,,,,,,,,,,,,,60,60,0,0,float32,175.56991577148438,4.841590404510498,175.59921900101472,134.33036295572916,4.84922456741333,8.884765625
training,llt,32,torch,5,lac,passed,,149447424,60,12,extension,experiments/l40s/results/loop-sweep/training-llt-torch-r032-t05-lac.json,,,,,,,,,,,,,,,,,,,,,,60,60,0,0,float32,136.0957489013672,9.380283832550049,136.12558399472618,118.3819071451823,9.38304090499878,18.482421875
training,llt,32,torch,5,none,passed,,149447424,60,12,extension,experiments/l40s/results/loop-sweep/training-llt-torch-r032-t05-none.json,,,,,,,,,,,,,,,,,,,,,,60,60,0,0,float32,123.96953582763672,9.742889881134033,123.99933599954238,116.18656412760417,9.745646953582764,19.138671875
training,llt,32,torch,6,ac,passed,,149447424,72,12,extension,experiments/l40s/results/loop-sweep/training-llt-torch-r032-t06-ac.json,,,,,,,,,,,,,,,,,,,,,,72,72,0,0,float32,206.3297576904297,4.982215404510498,206.36289099638816,155.22918701171875,4.98984956741333,9.166015625
training,llt,32,torch,6,lac,passed,,149447424,72,12,extension,experiments/l40s/results/loop-sweep/training-llt-torch-r032-t06-lac.json,,,,,,,,,,,,,,,,,,,,,,72,72,0,0,float32,156.80099487304688,10.400181293487549,156.8324429972563,136.23193359375,10.40293836593628,20.544921875
training,llt,32,torch,6,none,passed,,149447424,72,12,extension,experiments/l40s/results/loop-sweep/training-llt-torch-r032-t06-none.json,,,,,,,,,,,,,,,,,,,,,,72,72,0,0,float32,143.1787567138672,10.83530855178833,143.20990400301525,133.65719604492188,10.83806562423706,21.34765625
training,llt,32,torch,7,ac,passed,,149447424,84,12,extension,experiments/l40s/results/loop-sweep/training-llt-torch-r032-t07-ac.json,,,,,,,,,,,,,,,,,,,,,,84,84,0,0,float32,238.87872314453125,5.122840404510498,238.9156639983412,177.0035196940104,5.13047456741333,9.447265625
training,llt,32,torch,7,lac,passed,,149447424,84,12,extension,experiments/l40s/results/loop-sweep/training-llt-torch-r032-t07-lac.json,,,,,,,,,,,,,,,,,,,,,,84,84,0,0,float32,177.56057739257812,11.420078754425049,177.6116959954379,154.14647420247397,11.42283582687378,22.609375
training,llt,32,torch,7,none,passed,,149447424,84,12,extension,experiments/l40s/results/loop-sweep/training-llt-torch-r032-t07-none.json,,,,,,,,,,,,,,,,,,,,,,84,84,0,0,float32,161.0240020751953,11.927727222442627,161.0609220006154,150.96695963541666,11.930484294891357,23.5546875
training,llt,32,torch,8,ac,passed,,149447424,96,12,extension,experiments/l40s/results/loop-sweep/training-llt-torch-r032-t08-ac.json,,,,,,,,,,,,,,,,,,,,,,96,96,0,0,float32,267.5302429199219,5.263465404510498,267.56108000699896,196.2031453450521,5.27109956741333,9.728515625
training,llt,32,torch,8,lac,passed,,149447424,96,12,extension,experiments/l40s/results/loop-sweep/training-llt-torch-r032-t08-lac.json,,,,,,,,,,,,,,,,,,,,,,96,96,0,0,float32,204.61158752441406,12.439976215362549,204.6656129969051,170.72503662109375,12.44273328781128,24.669921875
training,llt,32,torch,8,none,passed,,149447424,96,12,extension,experiments/l40s/results/loop-sweep/training-llt-torch-r032-t08-none.json,,,,,,,,,,,,,,,,,,,,,,96,96,0,0,float32,178.02342224121094,13.020145893096924,178.05663699982688,167.30760701497397,13.022902965545654,25.763671875
training,llt,32,torch,9,ac,passed,,149447424,108,12,extension,experiments/l40s/results/loop-sweep/training-llt-torch-r032-t09-ac.json,,,,,,,,,,,,,,,,,,,,,,108,108,0,0,float32,303.48394775390625,5.404090404510498,303.5144460009178,218.22900390625,5.41172456741333,10.009765625
training,llt,32,torch,9,lac,passed,,149447424,108,12,extension,experiments/l40s/results/loop-sweep/training-llt-torch-r032-t09-lac.json,,,,,,,,,,,,,,,,,,,,,,108,108,0,0,float32,220.7406005859375,13.459873676300049,220.77894300309708,189.4321492513021,13.46263074874878,26.734375
training,llt,32,torch,9,none,passed,,149447424,108,12,extension,experiments/l40s/results/loop-sweep/training-llt-torch-r032-t09-none.json,,,,,,,,,,,,,,,,,,,,,,108,108,0,0,float32,198.08460998535156,14.11256456375122,198.11648999893805,186.1918741861979,14.115321636199951,27.97265625
training,llt,32,torch,10,ac,passed,,149447424,120,12,extension,experiments/l40s/results/loop-sweep/training-llt-torch-r032-t10-ac.json,,,,,,,,,,,,,,,,,,,,,,120,120,0,0,float32,335.4880065917969,5.544715404510498,335.5260489988723,239.64739990234375,5.55234956741333,10.291015625
training,llt,32,torch,10,lac,passed,,149447424,120,12,extension,experiments/l40s/results/loop-sweep/training-llt-torch-r032-t10-lac.json,,,,,,,,,,,,,,,,,,,,,,120,120,0,0,float32,241.1345977783203,14.479771137237549,241.16588100150693,207.63374837239584,14.48252820968628,28.796875
training,llt,32,torch,10,none,passed,,149447424,120,12,extension,experiments/l40s/results/loop-sweep/training-llt-torch-r032-t10-none.json,,,,,,,,,,,,,,,,,,,,,,120,120,0,0,float32,215.56640625,15.204983234405518,215.60041500197258,202.6786092122396,15.207740306854248,30.1796875
training,llt,32,torch,11,ac,passed,,149447424,132,12,extension,experiments/l40s/results/loop-sweep/training-llt-torch-r032-t11-ac.json,,,,,,,,,,,,,,,,,,,,,,132,132,0,0,float32,363.789306640625,5.685340404510498,363.8249040013761,259.7126871744792,5.69297456741333,10.572265625
training,llt,32,torch,11,lac,passed,,149447424,132,12,extension,experiments/l40s/results/loop-sweep/training-llt-torch-r032-t11-lac.json,,,,,,,,,,,,,,,,,,,,,,132,132,0,0,float32,270.160888671875,15.499668598175049,270.19219499925384,224.03617350260416,15.50242567062378,30.859375
training,llt,32,torch,11,none,passed,,149447424,132,12,extension,experiments/l40s/results/loop-sweep/training-llt-torch-r032-t11-none.json,,,,,,,,,,,,,,,,,,,,,,132,132,0,0,float32,235.30393981933594,16.297401905059814,235.33962900546612,221.05804443359375,16.300158977508545,32.390625
training,llt,32,torch,12,ac,passed,,149447424,144,12,extension,experiments/l40s/results/loop-sweep/training-llt-torch-r032-t12-ac.json,,,,,,,,,,,,,,,,,,,,,,144,144,0,0,float32,402.64190673828125,5.825965404510498,402.6767999966978,280.8582763671875,5.83359956741333,10.853515625
training,llt,32,torch,12,lac,passed,,149447424,144,12,extension,experiments/l40s/results/loop-sweep/training-llt-torch-r032-t12-lac.json,,,,,,,,,,,,,,,,,,,,,,144,144,0,0,float32,286.7116394042969,16.51956605911255,286.7458800028544,242.7485555013021,16.52232313156128,32.923828125
training,llt,32,torch,12,none,passed,,149447424,144,12,extension,experiments/l40s/results/loop-sweep/training-llt-torch-r032-t12-none.json,,,,,,,,,,,,,,,,,,,,,,144,144,0,0,float32,252.69760131835938,17.38982057571411,252.72964499890804,236.8665568033854,17.392577648162842,34.59765625
training,llt,32,torch,13,ac,passed,,149447424,156,12,extension,experiments/l40s/results/loop-sweep/training-llt-torch-r032-t13-ac.json,,,,,,,,,,,,,,,,,,,,,,156,156,0,0,float32,422.4296875,5.966590404510498,422.462472000916,302.06805419921875,5.97422456741333,11.134765625
training,llt,32,torch,13,lac,passed,,149447424,156,12,extension,experiments/l40s/results/loop-sweep/training-llt-torch-r032-t13-lac.json,,,,,,,,,,,,,,,,,,,,,,156,156,0,0,float32,304.226318359375,17.53946352005005,304.26420400181087,260.11476643880206,17.54222059249878,34.986328125
training,llt,32,torch,13,none,passed,,149447424,156,12,extension,experiments/l40s/results/loop-sweep/training-llt-torch-r032-t13-none.json,,,,,,,,,,,,,,,,,,,,,,156,156,0,0,float32,273.4151611328125,18.482239246368408,273.4734400000889,254.8022257486979,18.48499631881714,36.8046875
training,llt,32,torch,14,ac,passed,,149447424,168,12,extension,experiments/l40s/results/loop-sweep/training-llt-torch-r032-t14-ac.json,,,,,,,,,,,,,,,,,,,,,,168,168,0,0,float32,461.6315002441406,6.107215404510498,461.6661510008271,324.599609375,6.11484956741333,11.416015625
training,llt,32,torch,14,lac,passed,,149447424,168,12,extension,experiments/l40s/results/loop-sweep/training-llt-torch-r032-t14-lac.json,,,,,,,,,,,,,,,,,,,,,,168,168,0,0,float32,332.4876708984375,18.55936098098755,332.52127300511347,279.94932047526044,18.56211805343628,37.05078125
training,llt,32,torch,14,none,passed,,149447424,168,12,extension,experiments/l40s/results/loop-sweep/training-llt-torch-r032-t14-none.json,,,,,,,,,,,,,,,,,,,,,,168,168,0,0,float32,291.1058044433594,19.574657917022705,291.1409900043509,273.763671875,19.577414989471436,39.015625
training,llt,32,torch,15,ac,passed,,149447424,180,12,extension,experiments/l40s/results/loop-sweep/training-llt-torch-r032-t15-ac.json,,,,,,,,,,,,,,,,,,,,,,180,180,0,0,float32,490.2236022949219,6.247840404510498,490.25885699666105,345.5624593098958,6.25547456741333,11.697265625
training,llt,32,torch,15,lac,passed,,149447424,180,12,extension,experiments/l40s/results/loop-sweep/training-llt-torch-r032-t15-lac.json,,,,,,,,,,,,,,,,,,,,,,180,180,0,0,float32,360.1653747558594,19.57925844192505,360.1995100034401,297.5634765625,19.58201551437378,39.11328125
training,llt,32,torch,15,none,passed,,149447424,180,12,extension,experiments/l40s/results/loop-sweep/training-llt-torch-r032-t15-none.json,,,,,,,,,,,,,,,,,,,,,,180,180,0,0,float32,309.72723388671875,20.667076587677002,309.78994900215184,290.89109293619794,20.669833660125732,41.22265625
training,llt,32,torch,16,ac,passed,,149447424,192,12,extension,experiments/l40s/results/loop-sweep/training-llt-torch-r032-t16-ac.json,,,,,,,,,,,,,,,,,,,,,,192,192,0,0,float32,531.4426879882812,6.388465404510498,531.4802700013388,367.1158447265625,6.39609956741333,11.978515625
training,llt,32,torch,16,lac,passed,,149447424,192,12,extension,experiments/l40s/results/loop-sweep/training-llt-torch-r032-t16-lac.json,,,,,,,,,,,,,,,,,,,,,,192,192,0,0,float32,383.2023010253906,20.59915590286255,383.2343719986966,316.2815755208333,20.60191297531128,41.17578125
training,llt,32,torch,16,none,passed,,149447424,192,12,extension,experiments/l40s/results/loop-sweep/training-llt-torch-r032-t16-none.json,,,,,,,,,,,,,,,,,,,,,,192,192,0,0,float32,329.196533203125,21.7594952583313,329.23236900387565,308.60288492838544,21.76225233078003,43.4296875
training,llt,64,tensor,1,ac,passed,,150061824,12,12,extension,experiments/l40s/results/loop-sweep/training-llt-tensor-r064-t01-ac.json,,,,,,,,,,,,,,,,,,,,,,12,12,0,0,float32,72.5370864868164,2.703606605529785,72.56152400077553,47.609171549479164,2.686033248901367,4.267578125
training,llt,64,tensor,1,lac,passed,,150061824,12,12,extension,experiments/l40s/results/loop-sweep/training-llt-tensor-r064-t01-lac.json,,,,,,,,,,,,,,,,,,,,,,12,12,0,0,float32,61.211647033691406,3.767937660217285,61.23867299902486,42.75165812174479,3.752317428588867,6.08984375
training,llt,64,tensor,1,none,passed,,150061824,12,12,original,experiments/l40s/results/loop-baseline/training-llt-tensor-t01.json,,,,,,,,,,,,,,,,,,,,,,12,12,0,0,float32,68.67865753173828,3.983025550842285,68.71257499733474,41.160021464029946,3.965452194213867,6.943359375
training,llt,64,tensor,2,ac,passed,,150061824,24,12,extension,experiments/l40s/results/loop-sweep/training-llt-tensor-r064-t02-ac.json,,,,,,,,,,,,,,,,,,,,,,24,24,0,0,float32,122.51545715332031,2.843499183654785,122.54127000051085,78.80157979329427,2.826411247253418,4.412109375
training,llt,64,tensor,2,lac,passed,,150061824,24,12,extension,experiments/l40s/results/loop-sweep/training-llt-tensor-r064-t02-lac.json,,,,,,,,,,,,,,,,,,,,,,24,24,0,0,float32,98.8978271484375,4.980340003967285,98.92304400273133,69.12066141764323,4.964841842651367,8.97265625
training,llt,64,tensor,2,none,passed,,150061824,24,12,original,experiments/l40s/results/loop-baseline/training-llt-tensor-t02.json,,,,,,,,,,,,,,,,,,,,,,24,24,0,0,float32,84.61414337158203,5.406609535217285,84.63868100079708,65.79877217610677,5.391111373901367,9.921875
training,llt,64,tensor,3,ac,passed,,150061824,36,12,extension,experiments/l40s/results/loop-sweep/training-llt-tensor-r064-t03-ac.json,,,,,,,,,,,,,,,,,,,,,,36,36,0,0,float32,171.50668334960938,2.978994369506836,171.5343589967233,109.8584696451823,2.966550827026367,4.6328125
training,llt,64,tensor,3,lac,passed,,150061824,36,12,extension,experiments/l40s/results/loop-sweep/training-llt-tensor-r064-t03-lac.json,,,,,,,,,,,,,,,,,,,,,,36,36,0,0,float32,135.9431610107422,6.174553871154785,135.97709799796576,95.06338500976562,6.160520553588867,11.4453125
training,llt,64,tensor,3,none,passed,,150061824,36,12,original,experiments/l40s/results/loop-baseline/training-llt-tensor-t03.json,,,,,,,,,,,,,,,,,,,,,,36,36,0,0,float32,114.83238220214844,6.813958168029785,114.86403700109804,90.26560465494792,6.799924850463867,12.892578125
training,llt,64,tensor,4,ac,passed,,150061824,48,12,extension,experiments/l40s/results/loop-sweep/training-llt-tensor-r064-t04-ac.json,,,,,,,,,,,,,,,,,,,,,,48,48,0,0,float32,219.78623962402344,3.116689682006836,219.8141629996826,140.9682820638021,3.106931686401367,4.9375
training,llt,64,tensor,4,lac,passed,,150061824,48,12,extension,experiments/l40s/results/loop-sweep/training-llt-tensor-r064-t04-lac.json,,,,,,,,,,,,,,,,,,,,,,48,48,0,0,float32,171.84959411621094,7.370232582092285,171.87374999775784,121.27880859375,7.356199264526367,13.927734375
training,llt,64,tensor,4,none,passed,,150061824,48,12,original,experiments/l40s/results/loop-baseline/training-llt-tensor-t04.json,,,,,,,,,,,,,,,,,,,,,,48,48,0,0,float32,145.0987548828125,8.222771644592285,145.12368600117043,114.77469889322917,8.208738327026367,15.873046875
training,llt,64,tensor,5,ac,passed,,150061824,60,12,extension,experiments/l40s/results/loop-sweep/training-llt-tensor-r064-t05-ac.json,,,,,,,,,,,,,,,,,,,,,,60,60,0,0,float32,270.2458190917969,3.257070541381836,270.2719400040223,172.62591552734375,3.247556686401367,5.21875
training,llt,64,tensor,5,lac,passed,,150061824,60,12,extension,experiments/l40s/results/loop-sweep/training-llt-tensor-r064-t05-lac.json,,,,,,,,,,,,,,,,,,,,,,60,60,0,0,float32,208.40138244628906,8.565911293029785,208.42749700386776,147.99564615885416,8.551877975463867,16.412109375
training,llt,64,tensor,5,none,passed,,150061824,60,12,original,experiments/l40s/results/loop-baseline/training-llt-tensor-t05.json,,,,,,,,,,,,,,,,,,,,,,60,60,0,0,float32,178.47705078125,9.631585121154785,178.50204199930886,139.4176025390625,9.617551803588867,18.853515625
training,llt,64,tensor,6,ac,passed,,150061824,72,12,extension,experiments/l40s/results/loop-sweep/training-llt-tensor-r064-t06-ac.json,,,,,,,,,,,,,,,,,,,,,,72,72,0,0,float32,317.2843322753906,3.397695541381836,317.31576599850086,202.56392415364584,3.388181686401367,5.5
training,llt,64,tensor,6,lac,passed,,150061824,72,12,extension,experiments/l40s/results/loop-sweep/training-llt-tensor-r064-t06-lac.json,,,,,,,,,,,,,,,,,,,,,,72,72,0,0,float32,248.6138916015625,9.761590003967285,248.64734800212318,174.18546549479166,9.747556686401367,18.896484375
training,llt,64,tensor,6,none,passed,,150061824,72,12,original,experiments/l40s/results/loop-baseline/training-llt-tensor-t06.json,,,,,,,,,,,,,,,,,,,,,,72,72,0,0,float32,210.1297607421875,11.040398597717285,210.1534939974954,163.83146158854166,11.026365280151367,21.837890625
training,llt,64,tensor,7,ac,passed,,150061824,84,12,extension,experiments/l40s/results/loop-sweep/training-llt-tensor-r064-t07-ac.json,,,,,,,,,,,,,,,,,,,,,,84,84,0,0,float32,365.0099182128906,3.538320541381836,365.0370169998496,233.8314208984375,3.528806686401367,5.78125
training,llt,64,tensor,7,lac,passed,,150061824,84,12,extension,experiments/l40s/results/loop-sweep/training-llt-tensor-r064-t07-lac.json,,,,,,,,,,,,,,,,,,,,,,84,84,0,0,float32,286.2213134765625,10.957268714904785,286.2482589989668,199.23388671875,10.943235397338867,21.380859375
training,llt,64,tensor,7,none,passed,,150061824,84,12,original,experiments/l40s/results/loop-baseline/training-llt-tensor-t07.json,,,,,,,,,,,,,,,,,,,,,,84,84,0,0,float32,235.90188598632812,12.449212074279785,235.92753300181357,188.31461588541666,12.435178756713867,25.203125
training,llt,64,tensor,8,ac,passed,,150061824,96,12,extension,experiments/l40s/results/loop-sweep/training-llt-tensor-r064-t08-ac.json,,,,,,,,,,,,,,,,,,,,,,96,96,0,0,float32,420.3878479003906,3.678945541381836,420.4174789992976,262.8679606119792,3.669431686401367,6.0625
training,llt,64,tensor,8,lac,passed,,150061824,96,12,extension,experiments/l40s/results/loop-sweep/training-llt-tensor-r064-t08-lac.json,,,,,,,,,,,,,,,,,,,,,,96,96,0,0,float32,328.0127868652344,12.152947425842285,328.03734900517156,224.1754353841146,12.138914108276367,23.865234375
training,llt,64,tensor,8,none,passed,,150061824,96,12,original,experiments/l40s/results/loop-baseline/training-llt-tensor-t08.json,,,,,,,,,,,,,,,,,,,,,,96,96,0,0,float32,260.43994140625,13.858025550842285,260.4639640048845,212.71687825520834,13.843992233276367,28.18359375
training,llt,64,tensor,9,ac,passed,,150061824,108,12,extension,experiments/l40s/results/loop-sweep/training-llt-tensor-r064-t09-ac.json,,,,,,,,,,,,,,,,,,,,,,108,108,0,0,float32,472.3006286621094,3.819570541381836,472.33461800351506,295.43731689453125,3.810056686401367,6.34375
training,llt,64,tensor,9,lac,passed,,150061824,108,12,extension,experiments/l40s/results/loop-sweep/training-llt-tensor-r064-t09-lac.json,,,,,,,,,,,,,,,,,,,,,,108,108,0,0,float32,353.1714782714844,13.348626136779785,353.2209269978921,251.70467122395834,13.334592819213867,26.349609375
training,llt,64,tensor,9,none,passed,,150061824,108,12,original,experiments/l40s/results/loop-baseline/training-llt-tensor-t09.json,,,,,,,,,,,,,,,,,,,,,,108,108,0,0,float32,299.7430725097656,15.266839027404785,299.76941399945645,237.6587931315104,15.252805709838867,31.166015625
training,llt,64,tensor,10,ac,passed,,150061824,120,12,extension,experiments/l40s/results/loop-sweep/training-llt-tensor-r064-t10-ac.json,,,,,,,,,,,,,,,,,,,,,,120,120,0,0,float32,520.8104858398438,3.960195541381836,520.8408759935992,326.0255533854167,3.950681686401367,6.625
training,llt,64,tensor,10,lac,passed,,150061824,120,12,extension,experiments/l40s/results/loop-sweep/training-llt-tensor-r064-t10-lac.json,,,,,,,,,,,,,,,,,,,,,,120,120,0,0,float32,394.77862548828125,14.544304847717285,394.80358899891144,277.90541585286456,14.530271530151367,29.220703125
training,llt,64,tensor,10,none,passed,,150061824,120,12,original,experiments/l40s/results/loop-baseline/training-llt-tensor-t10.json,,,,,,,,,,,,,,,,,,,,,,120,120,0,0,float32,329.02655029296875,16.675652503967285,329.06646999617806,262.7027587890625,16.661619186401367,34.1484375
training,llt,64,tensor,11,ac,passed,,150061824,132,12,extension,experiments/l40s/results/loop-sweep/training-llt-tensor-r064-t11-ac.json,,,,,,,,,,,,,,,,,,,,,,132,132,0,0,float32,571.2527465820312,4.100820541381836,571.2845789967105,355.4662272135417,4.091306686401367,6.90625
training,llt,64,tensor,11,lac,passed,,150061824,132,12,extension,experiments/l40s/results/loop-sweep/training-llt-tensor-r064-t11-lac.json,,,,,,,,,,,,,,,,,,,,,,132,132,0,0,float32,426.82470703125,15.739983558654785,426.8522899947129,302.27899169921875,15.725950241088867,31.705078125
training,llt,64,tensor,11,none,passed,,150061824,132,12,original,experiments/l40s/results/loop-baseline/training-llt-tensor-t11.json,,,,,,,,,,,,,,,,,,,,,,132,132,0,0,float32,354.9900817871094,18.084465980529785,355.0192859984236,288.13616943359375,18.070432662963867,37.201171875
training,llt,64,tensor,12,ac,passed,,150061824,144,12,extension,experiments/l40s/results/loop-sweep/training-llt-tensor-r064-t12-ac.json,,,,,,,,,,,,,,,,,,,,,,144,144,0,0,float32,617.7853393554688,4.241445541381836,617.8175149980234,387.7038167317708,4.231931686401367,7.1875
training,llt,64,tensor,12,lac,passed,,150061824,144,12,extension,experiments/l40s/results/loop-sweep/training-llt-tensor-r064-t12-lac.json,,,,,,,,,,,,,,,,,,,,,,144,144,0,0,float32,475.931640625,16.935662269592285,475.9622070050682,328.93438720703125,16.921628952026367,34.189453125
training,llt,64,tensor,12,none,passed,,150061824,144,12,original,experiments/l40s/results/loop-baseline/training-llt-tensor-t12.json,,,,,,,,,,,,,,,,,,,,,,144,144,0,0,float32,390.2771301269531,19.493279457092285,390.3049189975718,314.0232340494792,19.479246139526367,40.216796875
training,llt,64,tensor,13,ac,passed,,150061824,156,12,extension,experiments/l40s/results/loop-sweep/training-llt-tensor-r064-t13-ac.json,,,,,,,,,,,,,,,,,,,,,,156,156,0,0,float32,663.70458984375,4.382070541381836,663.7396859950968,418.3323974609375,4.372556686401367,7.46875
training,llt,64,tensor,13,lac,passed,,150061824,156,12,extension,experiments/l40s/results/loop-sweep/training-llt-tensor-r064-t13-lac.json,,,,,,,,,,,,,,,,,,,,,,156,156,0,0,float32,506.8031921386719,18.131340980529785,506.83308300358476,355.5450846354167,18.117307662963867,36.673828125
training,llt,64,tensor,13,none,passed,,150061824,156,12,original,experiments/l40s/results/loop-baseline/training-llt-tensor-t13.json,,,,,,,,,,,,,,,,,,,,,,156,156,0,0,float32,419.7447814941406,20.902092933654785,419.7741899988614,337.51206461588544,20.888059616088867,43.65625
training,llt,64,tensor,14,ac,passed,,150061824,168,12,extension,experiments/l40s/results/loop-sweep/training-llt-tensor-r064-t14-ac.json,,,,,,,,,,,,,,,,,,,,,,168,168,0,0,float32,710.7993774414062,4.522695541381836,710.8305059955455,451.3402913411458,4.513181686401367,7.75
training,llt,64,tensor,14,lac,passed,,150061824,168,12,extension,experiments/l40s/results/loop-sweep/training-llt-tensor-r064-t14-lac.json,,,,,,,,,,,,,,,,,,,,,,168,168,0,0,float32,558.149658203125,19.327019691467285,558.1824940018123,381.5106608072917,19.312986373901367,39.158203125
training,llt,64,tensor,14,none,passed,,150061824,168,12,original,experiments/l40s/results/loop-baseline/training-llt-tensor-t14.json,,,,,,,,,,,,,,,,,,,,,,168,168,0,0,float32,458.1560363769531,22.310906410217285,458.18489100201987,362.5118815104167,22.296873092651367,24.76171875
training,llt,64,tensor,15,ac,passed,,150061824,180,12,extension,experiments/l40s/results/loop-sweep/training-llt-tensor-r064-t15-ac.json,,,,,,,,,,,,,,,,,,,,,,180,180,0,0,float32,774.7224731445312,4.663320541381836,774.7547030012356,481.6407877604167,4.653806686401367,8.03125
training,llt,64,tensor,15,lac,passed,,150061824,180,12,extension,experiments/l40s/results/loop-sweep/training-llt-tensor-r064-t15-lac.json,,,,,,,,,,,,,,,,,,,,,,180,180,0,0,float32,595.072998046875,20.522698402404785,595.1038250059355,409.1603597005208,20.508665084838867,41.64453125
training,llt,64,tensor,15,none,passed,,150061824,180,12,original,experiments/l40s/results/loop-baseline/training-llt-tensor-t15.json,,,,,,,,,,,,,,,,,,,,,,180,180,0,0,float32,487.3226318359375,23.719719886779785,487.356423996971,390.409912109375,23.705686569213867,25.771484375
training,llt,64,tensor,16,ac,passed,,150061824,192,12,extension,experiments/l40s/results/loop-sweep/training-llt-tensor-r064-t16-ac.json,,,,,,,,,,,,,,,,,,,,,,192,192,0,0,float32,828.2622680664062,4.803945541381836,828.295375999005,518.5061442057291,4.794431686401367,8.3125
training,llt,64,tensor,16,lac,passed,,150061824,192,12,extension,experiments/l40s/results/loop-sweep/training-llt-tensor-r064-t16-lac.json,,,,,,,,,,,,,,,,,,,,,,192,192,0,0,float32,609.544189453125,21.718377113342285,609.5746670034714,432.8355712890625,21.704343795776367,23.12109375
training,llt,64,tensor,16,none,passed,,150061824,192,12,original,experiments/l40s/results/loop-baseline/training-llt-tensor-t16.json,,,,,,,,,,,,,,,,,,,,,,192,192,0,0,float32,517.2305908203125,25.128533363342285,517.2760759960511,411.7664388020833,25.114500045776367,27.294921875
training,llt,64,torch,1,ac,passed,,150061824,12,12,extension,experiments/l40s/results/loop-sweep/training-llt-torch-r064-t01-ac.json,,,,,,,,,,,,,,,,,,,,,,12,12,0,0,float32,59.10835266113281,4.3145670890808105,59.186640006373636,52.680704752604164,4.316344738006592,8.541015625
training,llt,64,torch,1,lac,passed,,150061824,12,12,extension,experiments/l40s/results/loop-sweep/training-llt-torch-r064-t01-lac.json,,,,,,,,,,,,,,,,,,,,,,12,12,0,0,float32,53.348350524902344,5.3428874015808105,53.38031899736961,48.803497314453125,5.332458019256592,9.51953125
training,llt,64,torch,1,none,passed,,150061824,12,12,original,experiments/l40s/results/loop-baseline/training-llt-torch-t01.json,,,,,,,,,,,,,,,,,,,,,,12,12,0,0,float32,51.311614990234375,5.501712322235107,51.341960999707226,48.19524129231771,5.503612041473389,9.826171875
training,llt,64,torch,2,ac,passed,,150061824,24,12,extension,experiments/l40s/results/loop-sweep/training-llt-torch-r064-t02-ac.json,,,,,,,,,,,,,,,,,,,,,,24,24,0,0,float32,87.42707061767578,4.45409631729126,87.4575760026346,76.9635009765625,4.451107501983643,8.078125
training,llt,64,torch,2,lac,passed,,150061824,24,12,extension,experiments/l40s/results/loop-sweep/training-llt-torch-r064-t02-lac.json,,,,,,,,,,,,,,,,,,,,,,24,24,0,0,float32,76.4405746459961,6.41015100479126,76.472578002722,69.39136250813802,6.405944347381592,12.443359375
training,llt,64,torch,2,none,passed,,150061824,24,12,original,experiments/l40s/results/loop-baseline/training-llt-torch-t02.json,,,,,,,,,,,,,,,,,,,,,,24,24,0,0,float32,71.76703643798828,6.700210094451904,71.79882399941562,67.7734375,6.702839374542236,13.048828125
training,llt,64,torch,3,ac,passed,,150061824,36,12,extension,experiments/l40s/results/loop-sweep/training-llt-torch-r064-t03-ac.json,,,,,,,,,,,,,,,,,,,,,,36,36,0,0,float32,115.7570571899414,4.5974040031433105,115.78691500471905,101.26063028971355,4.592217922210693,8.359375
training,llt,64,torch,3,lac,passed,,150061824,36,12,extension,experiments/l40s/results/loop-sweep/training-llt-torch-r064-t03-lac.json,,,,,,,,,,,,,,,,,,,,,,36,36,0,0,float32,99.44268798828125,7.4699625968933105,99.48243899998488,90.23143513997395,7.474178791046143,14.599609375
training,llt,64,torch,3,none,passed,,150061824,36,12,original,experiments/l40s/results/loop-baseline/training-llt-torch-t03.json,,,,,,,,,,,,,,,,,,,,,,36,36,0,0,float32,91.76579284667969,7.90127420425415,91.79824400052894,87.7953592936198,7.900976657867432,15.490234375
training,llt,64,torch,4,ac,passed,,150061824,48,12,extension,experiments/l40s/results/loop-sweep/training-llt-torch-r064-t04-ac.json,,,,,,,,,,,,,,,,,,,,,,48,48,0,0,float32,143.5125732421875,4.7363200187683105,143.54004400229314,125.76358032226562,4.732842922210693,8.640625
training,llt,64,torch,4,lac,passed,,150061824,48,12,extension,experiments/l40s/results/loop-sweep/training-llt-torch-r064-t04-lac.json,,,,,,,,,,,,,,,,,,,,,,48,48,0,0,float32,122.3403549194336,8.52501630783081,122.37322400324047,111.0159403483073,8.529232501983643,16.755859375
training,llt,64,torch,4,none,passed,,150061824,48,12,original,experiments/l40s/results/loop-baseline/training-llt-torch-t04.json,,,,,,,,,,,,,,,,,,,,,,48,48,0,0,float32,112.56729888916016,9.096720218658447,112.62387099850457,107.80023193359375,9.098742008209229,17.935546875
training,llt,64,torch,5,ac,passed,,150061824,60,12,extension,experiments/l40s/results/loop-sweep/training-llt-torch-r064-t05-ac.json,,,,,,,,,,,,,,,,,,,,,,60,60,0,0,float32,173.4481964111328,4.8773112297058105,173.47705999418395,150.5819295247396,4.873467922210693,8.921875
training,llt,64,torch,5,lac,passed,,150061824,60,12,extension,experiments/l40s/results/loop-sweep/training-llt-torch-r064-t05-lac.json,,,,,,,,,,,,,,,,,,,,,,60,60,0,0,float32,146.44224548339844,9.57958173751831,146.4711279986659,132.21231079101562,9.584286212921143,18.912109375
training,llt,64,torch,5,none,passed,,150061824,60,12,original,experiments/l40s/results/loop-baseline/training-llt-torch-t05.json,,,,,,,,,,,,,,,,,,,,,,60,60,0,0,float32,133.3790740966797,10.294607639312744,133.40986399998656,127.85868326822917,10.296629428863525,20.376953125
training,llt,64,torch,6,ac,passed,,150061824,72,12,extension,experiments/l40s/results/loop-sweep/training-llt-torch-r064-t06-ac.json,,,,,,,,,,,,,,,,,,,,,,72,72,0,0,float32,204.6021728515625,5.0179362297058105,204.63898999878438,173.76460774739584,5.014092922210693,9.203125
training,llt,64,torch,6,lac,passed,,150061824,72,12,extension,experiments/l40s/results/loop-sweep/training-llt-torch-r064-t06-lac.json,,,,,,,,,,,,,,,,,,,,,,72,72,0,0,float32,167.4924774169922,10.63463544845581,167.52226399694337,151.5888671875,10.639339923858643,21.0703125
training,llt,64,torch,6,none,passed,,150061824,72,12,original,experiments/l40s/results/loop-baseline/training-llt-torch-t06.json,,,,,,,,,,,,,,,,,,,,,,72,72,0,0,float32,153.44947814941406,11.492495059967041,153.48065700163716,147.1467488606771,11.494516849517822,22.818359375
training,llt,64,torch,7,ac,passed,,150061824,84,12,extension,experiments/l40s/results/loop-sweep/training-llt-torch-r064-t07-ac.json,,,,,,,,,,,,,,,,,,,,,,84,84,0,0,float32,239.0098876953125,5.1585612297058105,239.04327499622013,197.9890340169271,5.154717922210693,9.484375
training,llt,64,torch,7,lac,passed,,150061824,84,12,extension,experiments/l40s/results/loop-sweep/training-llt-torch-r064-t07-lac.json,,,,,,,,,,,,,,,,,,,,,,84,84,0,0,float32,193.59539794921875,11.68968915939331,193.6303559996304,172.17740885416666,11.694393634796143,23.2265625
training,llt,64,torch,7,none,passed,,150061824,84,12,original,experiments/l40s/results/loop-baseline/training-llt-torch-t07.json,,,,,,,,,,,,,,,,,,,,,,84,84,0,0,float32,173.8997802734375,12.690382480621338,173.9347819966497,167.59637451171875,12.69240427017212,25.263671875
training,llt,64,torch,8,ac,passed,,150061824,96,12,extension,experiments/l40s/results/loop-sweep/training-llt-torch-r064-t08-ac.json,,,,,,,,,,,,,,,,,,,,,,96,96,0,0,float32,265.970703125,5.2991862297058105,265.99982499465114,220.3633829752604,5.295342922210693,9.765625
training,llt,64,torch,8,lac,passed,,150061824,96,12,extension,experiments/l40s/results/loop-sweep/training-llt-torch-r064-t08-lac.json,,,,,,,,,,,,,,,,,,,,,,96,96,0,0,float32,213.56338500976562,12.74474287033081,213.62089199828915,191.7672119140625,12.749447345733643,25.3828125
training,llt,64,torch,8,none,passed,,150061824,96,12,original,experiments/l40s/results/loop-baseline/training-llt-torch-t08.json,,,,,,,,,,,,,,,,,,,,,,96,96,0,0,float32,194.63690185546875,13.888269901275635,194.6695849983371,187.1462198893229,13.890291690826416,27.705078125
training,llt,64,torch,9,ac,passed,,150061824,108,12,extension,experiments/l40s/results/loop-sweep/training-llt-torch-r064-t09-ac.json,,,,,,,,,,,,,,,,,,,,,,108,108,0,0,float32,293.5643310546875,5.4398112297058105,293.5982480048551,245.7613728841146,5.435967922210693,10.046875
training,llt,64,torch,9,lac,passed,,150061824,108,12,extension,experiments/l40s/results/loop-sweep/training-llt-torch-r064-t09-lac.json,,,,,,,,,,,,,,,,,,,,,,108,108,0,0,float32,238.19570922851562,13.79979658126831,238.22662299789954,214.2887166341146,13.804501056671143,27.5390625
training,llt,64,torch,9,none,passed,,150061824,108,12,original,experiments/l40s/results/loop-baseline/training-llt-torch-t09.json,,,,,,,,,,,,,,,,,,,,,,108,108,0,0,float32,215.05638122558594,15.086157321929932,215.091088997724,207.27433268229166,15.088179111480713,30.146484375
training,llt,64,torch,10,ac,passed,,150061824,120,12,extension,experiments/l40s/results/loop-sweep/training-llt-torch-r064-t10-ac.json,,,,,,,,,,,,,,,,,,,,,,120,120,0,0,float32,331.0704650878906,5.5804362297058105,331.10185799887404,270.74969482421875,5.576592922210693,10.328125
training,llt,64,torch,10,lac,passed,,150061824,120,12,extension,experiments/l40s/results/loop-sweep/training-llt-torch-r064-t10-lac.json,,,,,,,,,,,,,,,,,,,,,,120,120,0,0,float32,262.7060546875,14.85485029220581,262.741525999445,235.0411173502604,14.859554767608643,29.6953125
training,llt,64,torch,10,none,passed,,150061824,120,12,original,experiments/l40s/results/loop-baseline/training-llt-torch-t10.json,,,,,,,,,,,,,,,,,,,,,,120,120,0,0,float32,236.85939025878906,16.28404474258423,236.89485499926377,228.10591634114584,16.28606653213501,32.591796875
training,llt,64,torch,11,ac,passed,,150061824,132,12,extension,experiments/l40s/results/loop-sweep/training-llt-torch-r064-t11-ac.json,,,,,,,,,,,,,,,,,,,,,,132,132,0,0,float32,369.3752746582031,5.7210612297058105,369.41253099939786,291.726318359375,5.717217922210693,10.609375
training,llt,64,torch,11,lac,passed,,150061824,132,12,extension,experiments/l40s/results/loop-sweep/training-llt-torch-r064-t11-lac.json,,,,,,,,,,,,,,,,,,,,,,132,132,0,0,float32,282.2143859863281,15.90990400314331,282.26169999834383,252.60270182291666,15.914608478546143,31.8515625
training,llt,64,torch,11,none,passed,,150061824,132,12,original,experiments/l40s/results/loop-baseline/training-llt-torch-t11.json,,,,,,,,,,,,,,,,,,,,,,132,132,0,0,float32,257.9578857421875,17.481932163238525,257.9991499951575,249.2013142903646,17.483953952789307,35.033203125
training,llt,64,torch,12,ac,passed,,150061824,144,12,extension,experiments/l40s/results/loop-sweep/training-llt-torch-r064-t12-ac.json,,,,,,,,,,,,,,,,,,,,,,144,144,0,0,float32,399.3333740234375,5.8616862297058105,399.3655820013373,317.04030354817706,5.857842922210693,10.890625
training,llt,64,torch,12,lac,passed,,150061824,144,12,extension,experiments/l40s/results/loop-sweep/training-llt-torch-r064-t12-lac.json,,,,,,,,,,,,,,,,,,,,,,144,144,0,0,float32,307.3617858886719,16.96495771408081,307.39724199520424,273.71828206380206,16.969662189483643,34.009765625
training,llt,64,torch,12,none,passed,,150061824,144,12,original,experiments/l40s/results/loop-baseline/training-llt-torch-t12.json,,,,,,,,,,,,,,,,,,,,,,144,144,0,0,float32,278.8516540527344,18.679819583892822,278.88459100358887,269.4798990885417,18.681841373443604,37.474609375
training,llt,64,torch,13,ac,passed,,150061824,156,12,extension,experiments/l40s/results/loop-sweep/training-llt-torch-r064-t13-ac.json,,,,,,,,,,,,,,,,,,,,,,156,156,0,0,float32,438.8760070800781,6.0023112297058105,438.9342979993671,341.1128336588542,5.998467922210693,11.171875
training,llt,64,torch,13,lac,passed,,150061824,156,12,extension,experiments/l40s/results/loop-sweep/training-llt-torch-r064-t13-lac.json,,,,,,,,,,,,,,,,,,,,,,156,156,0,0,float32,333.259765625,18.02001142501831,333.2964709989028,294.1484781901042,18.024715900421143,36.166015625
training,llt,64,torch,13,none,passed,,150061824,156,12,original,experiments/l40s/results/loop-baseline/training-llt-torch-t13.json,,,,,,,,,,,,,,,,,,,,,,156,156,0,0,float32,299.54559326171875,19.87770700454712,299.58065500250086,287.9474283854167,19.8797287940979,39.91796875
training,llt,64,torch,14,ac,passed,,150061824,168,12,extension,experiments/l40s/results/loop-sweep/training-llt-torch-r064-t14-ac.json,,,,,,,,,,,,,,,,,,,,,,168,168,0,0,float32,459.08990478515625,6.1429362297058105,459.122453998134,366.1072998046875,6.139092922210693,11.453125
training,llt,64,torch,14,lac,passed,,150061824,168,12,extension,experiments/l40s/results/loop-sweep/training-llt-torch-r064-t14-lac.json,,,,,,,,,,,,,,,,,,,,,,168,168,0,0,float32,353.0147705078125,19.07506513595581,353.04943499795627,315.97021484375,19.079769611358643,38.322265625
training,llt,64,torch,14,none,passed,,150061824,168,12,original,experiments/l40s/results/loop-baseline/training-llt-torch-t14.json,,,,,,,,,,,,,,,,,,,,,,168,168,0,0,float32,319.83514404296875,21.075594425201416,319.8743579996517,309.58591715494794,21.077616214752197,42.361328125
training,llt,64,torch,15,ac,passed,,150061824,180,12,extension,experiments/l40s/results/loop-sweep/training-llt-torch-r064-t15-ac.json,,,,,,,,,,,,,,,,,,,,,,180,180,0,0,float32,491.13189697265625,6.2835612297058105,491.1712519970024,393.898681640625,6.279717922210693,11.734375
training,llt,64,torch,15,lac,passed,,150061824,180,12,extension,experiments/l40s/results/loop-sweep/training-llt-torch-r064-t15-lac.json,,,,,,,,,,,,,,,,,,,,,,180,180,0,0,float32,379.5310974121094,20.13011884689331,379.5648519953829,338.46095784505206,20.134823322296143,40.478515625
training,llt,64,torch,15,none,passed,,150061824,180,12,original,experiments/l40s/results/loop-baseline/training-llt-torch-t15.json,,,,,,,,,,,,,,,,,,,,,,180,180,0,0,float32,342.3262634277344,22.273481845855713,342.3735799951828,329.4897054036458,22.275503635406494,24.892578125
training,llt,64,torch,16,ac,passed,,150061824,192,12,extension,experiments/l40s/results/loop-sweep/training-llt-torch-r064-t16-ac.json,,,,,,,,,,,,,,,,,,,,,,192,192,0,0,float32,531.1365356445312,6.4241862297058105,531.1787539976649,411.9296061197917,6.420342922210693,12.015625
training,llt,64,torch,16,lac,passed,,150061824,192,12,extension,experiments/l40s/results/loop-sweep/training-llt-torch-r064-t16-lac.json,,,,,,,,,,,,,,,,,,,,,,192,192,0,0,float32,400.3298034667969,21.18517255783081,400.36669200344477,354.3534749348958,21.189877033233643,42.63671875
training,llt,64,torch,16,none,passed,,150061824,192,12,original,experiments/l40s/results/loop-baseline/training-llt-torch-t16.json,,,,,,,,,,,,,,,,,,,,,,192,192,0,0,float32,363.71044921875,23.47136926651001,363.7487570013036,350.487548828125,23.47339105606079,25.369140625
training,llt,128,tensor,1,ac,passed,,151290624,12,12,extension,experiments/l40s/results/loop-sweep/training-llt-tensor-r128-t01-ac.json,,,,,,,,,,,,,,,,,,,,,,12,12,0,0,float32,73.76691436767578,2.729546546936035,73.79179899726296,58.534515380859375,2.730402946472168,4.580078125
training,llt,128,tensor,1,lac,passed,,151290624,12,12,extension,experiments/l40s/results/loop-sweep/training-llt-tensor-r128-t01-lac.json,,,,,,,,,,,,,,,,,,,,,,12,12,0,0,float32,63.19804763793945,3.8790855407714844,63.22491400351282,53.11556498209635,3.879941940307617,6.314453125
training,llt,128,tensor,1,none,passed,,151290624,12,12,extension,experiments/l40s/results/loop-sweep/training-llt-tensor-r128-t01-none.json,,,,,,,,,,,,,,,,,,,,,,12,12,0,0,float32,58.4161262512207,4.307552337646484,58.44729600357823,50.56952412923177,4.304014205932617,7.169921875
training,llt,128,tensor,2,ac,passed,,151290624,24,12,extension,experiments/l40s/results/loop-sweep/training-llt-tensor-r128-t02-ac.json,,,,,,,,,,,,,,,,,,,,,,24,24,0,0,float32,122.40284729003906,2.8654165267944336,122.43085700174561,100.6793924967448,2.8640785217285156,4.5
training,llt,128,tensor,2,lac,passed,,151290624,24,12,extension,experiments/l40s/results/loop-sweep/training-llt-tensor-r128-t02-lac.json,,,,,,,,,,,,,,,,,,,,,,24,24,0,0,float32,103.84690856933594,5.148988723754883,103.87466599786421,89.73926798502605,5.144718170166016,8.845703125
training,llt,128,tensor,2,none,passed,,151290624,24,12,extension,experiments/l40s/results/loop-sweep/training-llt-tensor-r128-t02-none.json,,,,,,,,,,,,,,,,,,,,,,24,24,0,0,float32,94.94732666015625,5.998351097106934,94.97823700075969,84.66534423828125,5.992612838745117,10.556640625
training,llt,128,tensor,3,ac,passed,,151290624,36,12,extension,experiments/l40s/results/loop-sweep/training-llt-tensor-r128-t03-ac.json,,,,,,,,,,,,,,,,,,,,,,36,36,0,0,float32,174.00320434570312,3.006288528442383,174.02869600482518,142.56878662109375,3.0059242248535156,4.78125
training,llt,128,tensor,3,lac,passed,,151290624,36,12,extension,experiments/l40s/results/loop-sweep/training-llt-tensor-r128-t03-lac.json,,,,,,,,,,,,,,,,,,,,,,36,36,0,0,float32,145.25439453125,6.414982795715332,145.28383100696374,125.82877604166667,6.409244537353516,11.376953125
training,llt,128,tensor,3,none,passed,,151290624,36,12,extension,experiments/l40s/results/loop-sweep/training-llt-tensor-r128-t03-none.json,,,,,,,,,,,,,,,,,,,,,,36,36,0,0,float32,131.29420471191406,7.688414573669434,131.3251739993575,118.58704630533855,7.682676315307617,13.93359375
training,llt,128,tensor,4,ac,passed,,151290624,48,12,extension,experiments/l40s/results/loop-sweep/training-llt-tensor-r128-t04-ac.json,,,,,,,,,,,,,,,,,,,,,,48,48,0,0,float32,220.4803466796875,3.146913528442383,220.50381999724777,184.8603312174479,3.1465492248535156,5.0625
training,llt,128,tensor,4,lac,passed,,151290624,48,12,extension,experiments/l40s/results/loop-sweep/training-llt-tensor-r128-t04-lac.json,,,,,,,,,,,,,,,,,,,,,,48,48,0,0,float32,185.88467407226562,7.680974006652832,185.91590099822497,162.17680867513022,7.675235748291016,13.908203125
training,llt,128,tensor,4,none,passed,,151290624,48,12,extension,experiments/l40s/results/loop-sweep/training-llt-tensor-r128-t04-none.json,,,,,,,,,,,,,,,,,,,,,,48,48,0,0,float32,166.94476318359375,9.378478050231934,166.98099299537716,152.5479736328125,9.372739791870117,17.310546875
training,llt,128,tensor,5,ac,passed,,151290624,60,12,extension,experiments/l40s/results/loop-sweep/training-llt-tensor-r128-t05-ac.json,,,,,,,,,,,,,,,,,,,,,,60,60,0,0,float32,271.99078369140625,3.287538528442383,272.01950999733526,227.16654459635416,3.2871742248535156,5.34375
training,llt,128,tensor,5,lac,passed,,151290624,60,12,extension,experiments/l40s/results/loop-sweep/training-llt-tensor-r128-t05-lac.json,,,,,,,,,,,,,,,,,,,,,,60,60,0,0,float32,228.08575439453125,8.946965217590332,228.1169449997833,199.0345458984375,8.941226959228516,16.439453125
training,llt,128,tensor,5,none,passed,,151290624,60,12,extension,experiments/l40s/results/loop-sweep/training-llt-tensor-r128-t05-none.json,,,,,,,,,,,,,,,,,,,,,,60,60,0,0,float32,206.10662841796875,11.068541526794434,206.13860800222028,186.87066650390625,11.062803268432617,20.69140625
training,llt,128,tensor,6,ac,passed,,151290624,72,12,extension,experiments/l40s/results/loop-sweep/training-llt-tensor-r128-t06-ac.json,,,,,,,,,,,,,,,,,,,,,,72,72,0,0,float32,316.3658142089844,3.428163528442383,316.39521999750286,266.96466064453125,3.4277992248535156,5.625
training,llt,128,tensor,6,lac,passed,,151290624,72,12,extension,experiments/l40s/results/loop-sweep/training-llt-tensor-r128-t06-lac.json,,,,,,,,,,,,,,,,,,,,,,72,72,0,0,float32,267.8149108886719,10.212956428527832,267.915290001838,233.34468587239584,10.207218170166016,18.970703125
training,llt,128,tensor,6,none,passed,,151290624,72,12,extension,experiments/l40s/results/loop-sweep/training-llt-tensor-r128-t06-none.json,,,,,,,,,,,,,,,,,,,,,,72,72,0,0,float32,238.59814453125,12.758605003356934,238.63282099773642,219.40633138020834,12.752866744995117,24.0703125
training,llt,128,tensor,7,ac,passed,,151290624,84,12,extension,experiments/l40s/results/loop-sweep/training-llt-tensor-r128-t07-ac.json,,,,,,,,,,,,,,,,,,,,,,84,84,0,0,float32,376.1520690917969,3.568788528442383,376.183160005894,309.4842122395833,3.5684242248535156,5.90625
training,llt,128,tensor,7,lac,passed,,151290624,84,12,extension,experiments/l40s/results/loop-sweep/training-llt-tensor-r128-t07-lac.json,,,,,,,,,,,,,,,,,,,,,,84,84,0,0,float32,309.82861328125,11.478947639465332,309.87157900381135,270.17181396484375,11.473209381103516,21.501953125
training,llt,128,tensor,7,none,passed,,151290624,84,12,extension,experiments/l40s/results/loop-sweep/training-llt-tensor-r128-t07-none.json,,,,,,,,,,,,,,,,,,,,,,84,84,0,0,float32,274.8241882324219,14.448668479919434,274.8565609945217,253.693603515625,14.442930221557617,27.451171875
training,llt,128,tensor,8,ac,passed,,151290624,96,12,extension,experiments/l40s/results/loop-sweep/training-llt-tensor-r128-t08-ac.json,,,,,,,,,,,,,,,,,,,,,,96,96,0,0,float32,418.7832336425781,3.709413528442383,418.8101750041824,351.0230712890625,3.7090492248535156,6.1875
training,llt,128,tensor,8,lac,passed,,151290624,96,12,extension,experiments/l40s/results/loop-sweep/training-llt-tensor-r128-t08-lac.json,,,,,,,,,,,,,,,,,,,,,,96,96,0,0,float32,349.2668151855469,12.744938850402832,349.3010710008093,306.16001383463544,12.739200592041016,24.033203125
training,llt,128,tensor,8,none,passed,,151290624,96,12,extension,experiments/l40s/results/loop-sweep/training-llt-tensor-r128-t08-none.json,,,,,,,,,,,,,,,,,,,,,,96,96,0,0,float32,309.8081359863281,16.138731956481934,309.84174300101586,286.5097249348958,16.132993698120117,30.830078125
training,llt,128,tensor,9,ac,passed,,151290624,108,12,extension,experiments/l40s/results/loop-sweep/training-llt-tensor-r128-t09-ac.json,,,,,,,,,,,,,,,,,,,,,,108,108,0,0,float32,469.3892822265625,3.850038528442383,469.42370000033407,393.3811848958333,3.8496742248535156,6.46875
training,llt,128,tensor,9,lac,passed,,151290624,108,12,extension,experiments/l40s/results/loop-sweep/training-llt-tensor-r128-t09-lac.json,,,,,,,,,,,,,,,,,,,,,,108,108,0,0,float32,392.8186950683594,14.010930061340332,392.85623799514724,342.197265625,14.005191802978516,26.564453125
training,llt,128,tensor,9,none,passed,,151290624,108,12,extension,experiments/l40s/results/loop-sweep/training-llt-tensor-r128-t09-none.json,,,,,,,,,,,,,,,,,,,,,,108,108,0,0,float32,349.98272705078125,17.828795433044434,350.03229299763916,322.9248453776042,17.823057174682617,34.2109375
training,llt,128,tensor,10,ac,passed,,151290624,120,12,extension,experiments/l40s/results/loop-sweep/training-llt-tensor-r128-t10-ac.json,,,,,,,,,,,,,,,,,,,,,,120,120,0,0,float32,526.0369873046875,3.990663528442383,526.0717350029154,434.4777425130208,3.9902992248535156,6.75
training,llt,128,tensor,10,lac,passed,,151290624,120,12,extension,experiments/l40s/results/loop-sweep/training-llt-tensor-r128-t10-lac.json,,,,,,,,,,,,,,,,,,,,,,120,120,0,0,float32,430.7886047363281,15.276921272277832,430.82539299939526,378.07958984375,15.271183013916016,29.095703125
training,llt,128,tensor,10,none,passed,,151290624,120,12,extension,experiments/l40s/results/loop-sweep/training-llt-tensor-r128-t10-none.json,,,,,,,,,,,,,,,,,,,,,,120,120,0,0,float32,387.7099609375,19.518858909606934,387.75133899616776,354.7695719401042,19.513120651245117,37.591796875
training,llt,128,tensor,11,ac,passed,,151290624,132,12,extension,experiments/l40s/results/loop-sweep/training-llt-tensor-r128-t11-ac.json,,,,,,,,,,,,,,,,,,,,,,132,132,0,0,float32,579.1170654296875,4.131288528442383,579.1464680005447,476.1019694010417,4.130924224853516,7.03125
training,llt,128,tensor,11,lac,passed,,151290624,132,12,extension,experiments/l40s/results/loop-sweep/training-llt-tensor-r128-t11-lac.json,,,,,,,,,,,,,,,,,,,,,,132,132,0,0,float32,475.6643981933594,16.542912483215332,475.70673799782526,414.5727132161458,16.537174224853516,31.626953125
training,llt,128,tensor,11,none,passed,,151290624,132,12,extension,experiments/l40s/results/loop-sweep/training-llt-tensor-r128-t11-none.json,,,,,,,,,,,,,,,,,,,,,,132,132,0,0,float32,418.01727294921875,21.208922386169434,418.0534990009619,387.6406656901042,21.203184127807617,40.970703125
training,llt,128,tensor,12,ac,passed,,151290624,144,12,extension,experiments/l40s/results/loop-sweep/training-llt-tensor-r128-t12-ac.json,,,,,,,,,,,,,,,,,,,,,,144,144,0,0,float32,620.8829345703125,4.271913528442383,620.9126500034472,518.0712890625,4.271549224853516,7.3125
training,llt,128,tensor,12,lac,passed,,151290624,144,12,extension,experiments/l40s/results/loop-sweep/training-llt-tensor-r128-t12-lac.json,,,,,,,,,,,,,,,,,,,,,,144,144,0,0,float32,513.8042602539062,17.808903694152832,513.8537020029617,449.7397867838542,17.803165435791016,34.158203125
training,llt,128,tensor,12,none,passed,,151290624,144,12,extension,experiments/l40s/results/loop-sweep/training-llt-tensor-r128-t12-none.json,,,,,,,,,,,,,,,,,,,,,,144,144,0,0,float32,457.7832336425781,22.898985862731934,457.82397099537775,421.7544759114583,22.893247604370117,23.892578125
training,llt,128,tensor,13,ac,passed,,151290624,156,12,extension,experiments/l40s/results/loop-sweep/training-llt-tensor-r128-t13-ac.json,,,,,,,,,,,,,,,,,,,,,,156,156,0,0,float32,675.8143920898438,4.412538528442383,675.8457570031169,559.5989176432291,4.412174224853516,7.59375
training,llt,128,tensor,13,lac,passed,,151290624,156,12,extension,experiments/l40s/results/loop-sweep/training-llt-tensor-r128-t13-lac.json,,,,,,,,,,,,,,,,,,,,,,156,156,0,0,float32,558.8172607421875,19.074894905090332,558.8553519992274,485.6128743489583,19.069156646728516,36.689453125
training,llt,128,tensor,13,none,passed,,151290624,156,12,extension,experiments/l40s/results/loop-sweep/training-llt-tensor-r128-t13-none.json,,,,,,,,,,,,,,,,,,,,,,156,156,0,0,float32,497.4325866699219,24.589049339294434,497.4699669983238,455.6755777994792,24.583311080932617,25.583984375
training,llt,128,tensor,14,ac,passed,,151290624,168,12,extension,experiments/l40s/results/loop-sweep/training-llt-tensor-r128-t14-ac.json,,,,,,,,,,,,,,,,,,,,,,168,168,0,0,float32,716.6310424804688,4.553163528442383,716.6760399995837,604.3260091145834,4.552799224853516,7.875
training,llt,128,tensor,14,lac,passed,,151290624,168,12,extension,experiments/l40s/results/loop-sweep/training-llt-tensor-r128-t14-lac.json,,,,,,,,,,,,,,,,,,,,,,168,168,0,0,float32,597.1558227539062,20.340886116027832,597.192670997174,523.940185546875,20.335147857666016,39.220703125
training,llt,128,tensor,14,none,passed,,151290624,168,12,extension,experiments/l40s/results/loop-sweep/training-llt-tensor-r128-t14-none.json,,,,,,,,,,,,,,,,,,,,,,168,168,0,0,float32,532.9702758789062,26.279112815856934,533.0118560013943,490.0824788411458,26.273374557495117,27.2734375
training,llt,128,tensor,15,ac,passed,,151290624,180,12,extension,experiments/l40s/results/loop-sweep/training-llt-tensor-r128-t15-ac.json,,,,,,,,,,,,,,,,,,,,,,180,180,0,0,float32,754.96142578125,4.693788528442383,754.9924189952435,643.2198079427084,4.693424224853516,8.15625
training,llt,128,tensor,15,lac,passed,,151290624,180,12,extension,experiments/l40s/results/loop-sweep/training-llt-tensor-r128-t15-lac.json,,,,,,,,,,,,,,,,,,,,,,180,180,0,0,float32,642.6060791015625,21.606877326965332,642.6438349953969,557.8966471354166,21.601139068603516,41.751953125
training,llt,128,tensor,15,none,passed,,151290624,180,12,extension,experiments/l40s/results/loop-sweep/training-llt-tensor-r128-t15-none.json,,,,,,,,,,,,,,,,,,,,,,180,180,0,0,float32,565.9771118164062,27.969176292419434,566.0287569990032,524.5784912109375,27.963438034057617,28.962890625
training,llt,128,tensor,16,ac,passed,,151290624,192,12,extension,experiments/l40s/results/loop-sweep/training-llt-tensor-r128-t16-ac.json,,,,,,,,,,,,,,,,,,,,,,192,192,0,0,float32,830.350341796875,4.834413528442383,830.3982170036761,683.96337890625,4.834049224853516,8.4375
training,llt,128,tensor,16,lac,passed,,151290624,192,12,extension,experiments/l40s/results/loop-sweep/training-llt-tensor-r128-t16-lac.json,,,,,,,,,,,,,,,,,,,,,,192,192,0,0,float32,675.5451049804688,22.872868537902832,675.5871549976291,594.3087972005209,22.867130279541016,23.9609375
training,llt,128,tensor,16,none,passed,,151290624,192,12,extension,experiments/l40s/results/loop-sweep/training-llt-tensor-r128-t16-none.json,,,,,,,,,,,,,,,,,,,,,,192,192,0,0,float32,601.1002807617188,29.659239768981934,601.1395960013033,555.6548258463541,29.653501510620117,30.654296875
training,llt,128,torch,1,ac,passed,,151290624,12,12,extension,experiments/l40s/results/loop-sweep/training-llt-torch-r128-t01-ac.json,,,,,,,,,,,,,,,,,,,,,,12,12,0,0,float32,63.84431838989258,4.356836795806885,63.876433996483684,58.475860595703125,4.358736515045166,8.623046875
training,llt,128,torch,1,lac,passed,,151290624,12,12,extension,experiments/l40s/results/loop-sweep/training-llt-torch-r128-t01-lac.json,,,,,,,,,,,,,,,,,,,,,,12,12,0,0,float32,57.2938232421875,5.4661478996276855,57.34469800518127,54.10747782389323,5.468721866607666,9.70703125
training,llt,128,torch,1,none,passed,,151290624,12,12,extension,experiments/l40s/results/loop-sweep/training-llt-torch-r128-t01-none.json,,,,,,,,,,,,,,,,,,,,,,12,12,0,0,float32,56.204288482666016,5.752475261688232,56.23737600399181,53.19031270345052,5.752912998199463,10.361328125
training,llt,128,torch,2,ac,passed,,151290624,24,12,extension,experiments/l40s/results/loop-sweep/training-llt-torch-r128-t02-ac.json,,,,,,,,,,,,,,,,,,,,,,24,24,0,0,float32,97.06793975830078,4.488062381744385,97.1001529978821,89.24706013997395,4.494966983795166,8.18359375
training,llt,128,torch,2,lac,passed,,151290624,24,12,extension,experiments/l40s/results/loop-sweep/training-llt-torch-r128-t02-lac.json,,,,,,,,,,,,,,,,,,,,,,24,24,0,0,float32,84.24447631835938,6.6012187004089355,84.28593000280671,79.89895629882812,6.605068683624268,12.72265625
training,llt,128,torch,2,none,passed,,151290624,24,12,extension,experiments/l40s/results/loop-sweep/training-llt-torch-r128-t02-none.json,,,,,,,,,,,,,,,,,,,,,,24,24,0,0,float32,81.82272338867188,7.169234752655029,81.85346899699653,78.38822428385417,7.170032978057861,13.958984375
training,llt,128,torch,3,ac,passed,,151290624,36,12,extension,experiments/l40s/results/loop-sweep/training-llt-torch-r128-t03-ac.json,,,,,,,,,,,,,,,,,,,,,,36,36,0,0,float32,130.16064453125,4.630024433135986,130.19181299750926,119.82677205403645,4.638146877288818,8.46484375
training,llt,128,torch,3,lac,passed,,151290624,36,12,extension,experiments/l40s/results/loop-sweep/training-llt-torch-r128-t03-lac.json,,,,,,,,,,,,,,,,,,,,,,36,36,0,0,float32,111.05484771728516,7.7240214347839355,111.08770599821582,105.84814453125,7.729341983795166,14.974609375
training,llt,128,torch,3,none,passed,,151290624,36,12,extension,experiments/l40s/results/loop-sweep/training-llt-torch-r128-t03-none.json,,,,,,,,,,,,,,,,,,,,,,36,36,0,0,float32,107.15142059326172,8.574888706207275,107.1831410008599,103.16902669270833,8.578009128570557,16.783203125
training,llt,128,torch,4,ac,passed,,151290624,48,12,extension,experiments/l40s/results/loop-sweep/training-llt-torch-r128-t04-ac.json,,,,,,,,,,,,,,,,,,,,,,48,48,0,0,float32,163.5635223388672,4.768208026885986,163.59660900343442,150.32491048177084,4.778771877288818,8.74609375
training,llt,128,torch,4,lac,passed,,151290624,48,12,extension,experiments/l40s/results/loop-sweep/training-llt-torch-r128-t04-lac.json,,,,,,,,,,,,,,,,,,,,,,48,48,0,0,float32,138.2512664794922,8.849387645721436,138.2831949958927,131.68537394205728,8.854708194732666,17.224609375
training,llt,128,torch,4,none,passed,,151290624,48,12,extension,experiments/l40s/results/loop-sweep/training-llt-torch-r128-t04-none.json,,,,,,,,,,,,,,,,,,,,,,48,48,0,0,float32,133.07186889648438,9.984076976776123,133.1064449987025,127.99078369140625,9.985366344451904,19.609375
training,llt,128,torch,5,ac,passed,,151290624,60,12,extension,experiments/l40s/results/loop-sweep/training-llt-torch-r128-t05-ac.json,,,,,,,,,,,,,,,,,,,,,,60,60,0,0,float32,195.33926391601562,4.908833026885986,195.39089599857107,180.27213541666666,4.919396877288818,9.02734375
training,llt,128,torch,5,lac,passed,,151290624,60,12,extension,experiments/l40s/results/loop-sweep/training-llt-torch-r128-t05-lac.json,,,,,,,,,,,,,,,,,,,,,,60,60,0,0,float32,164.1634521484375,9.974753856658936,164.1977079998469,156.60196940104166,9.980074405670166,19.474609375
training,llt,128,torch,5,none,passed,,151290624,60,12,extension,experiments/l40s/results/loop-sweep/training-llt-torch-r128-t05-none.json,,,,,,,,,,,,,,,,,,,,,,60,60,0,0,float32,158.5807342529297,11.39290189743042,158.61120599583955,152.94532267252603,11.394191265106201,22.43359375
training,llt,128,torch,6,ac,passed,,151290624,72,12,extension,experiments/l40s/results/loop-sweep/training-llt-torch-r128-t06-ac.json,,,,,,,,,,,,,,,,,,,,,,72,72,0,0,float32,228.36537170410156,5.049458026885986,228.40192999865394,209.11922200520834,5.060021877288818,9.30859375
training,llt,128,torch,6,lac,passed,,151290624,72,12,extension,experiments/l40s/results/loop-sweep/training-llt-torch-r128-t06-lac.json,,,,,,,,,,,,,,,,,,,,,,72,72,0,0,float32,190.80703735351562,11.100120067596436,190.83847400179366,181.6053670247396,11.105440616607666,21.724609375
training,llt,128,torch,6,none,passed,,151290624,72,12,extension,experiments/l40s/results/loop-sweep/training-llt-torch-r128-t06-none.json,,,,,,,,,,,,,,,,,,,,,,72,72,0,0,float32,182.90687561035156,12.801726818084717,182.9396370012546,176.28399658203125,12.803016185760498,25.259765625
training,llt,128,torch,7,ac,passed,,151290624,84,12,extension,experiments/l40s/results/loop-sweep/training-llt-torch-r128-t07-ac.json,,,,,,,,,,,,,,,,,,,,,,84,84,0,0,float32,261.3605651855469,5.190083026885986,261.39820499520283,240.86869303385416,5.200646877288818,9.58984375
training,llt,128,torch,7,lac,passed,,151290624,84,12,extension,experiments/l40s/results/loop-sweep/training-llt-torch-r128-t07-lac.json,,,,,,,,,,,,,,,,,,,,,,84,84,0,0,float32,218.3249969482422,12.225486278533936,218.3806979955989,208.2184041341146,12.230806827545166,23.974609375
training,llt,128,torch,7,none,passed,,151290624,84,12,extension,experiments/l40s/results/loop-sweep/training-llt-torch-r128-t07-none.json,,,,,,,,,,,,,,,,,,,,,,84,84,0,0,float32,208.90829467773438,14.210551738739014,208.9433899964206,201.98673502604166,14.211841106414795,28.083984375
training,llt,128,torch,8,ac,passed,,151290624,96,12,extension,experiments/l40s/results/loop-sweep/training-llt-torch-r128-t08-ac.json,,,,,,,,,,,,,,,,,,,,,,96,96,0,0,float32,293.2920227050781,5.330708026885986,293.32710100425174,270.7550862630208,5.341271877288818,9.87109375
training,llt,128,torch,8,lac,passed,,151290624,96,12,extension,experiments/l40s/results/loop-sweep/training-llt-torch-r128-t08-lac.json,,,,,,,,,,,,,,,,,,,,,,96,96,0,0,float32,243.9034881591797,13.350852489471436,243.96021899883635,232.8265380859375,13.356173038482666,26.224609375
training,llt,128,torch,8,none,passed,,151290624,96,12,extension,experiments/l40s/results/loop-sweep/training-llt-torch-r128-t08-none.json,,,,,,,,,,,,,,,,,,,,,,96,96,0,0,float32,234.96592712402344,15.61937665939331,235.001683999144,226.6381632486979,15.620666027069092,30.91015625
training,llt,128,torch,9,ac,passed,,151290624,108,12,extension,experiments/l40s/results/loop-sweep/training-llt-torch-r128-t09-ac.json,,,,,,,,,,,,,,,,,,,,,,108,108,0,0,float32,330.4233093261719,5.471333026885986,330.46773100068094,301.39186604817706,5.481896877288818,10.15234375
training,llt,128,torch,9,lac,passed,,151290624,108,12,extension,experiments/l40s/results/loop-sweep/training-llt-torch-r128-t09-lac.json,,,,,,,,,,,,,,,,,,,,,,108,108,0,0,float32,272.7413635253906,14.476218700408936,272.77381800377043,261.1691487630208,14.481539249420166,28.474609375
training,llt,128,torch,9,none,passed,,151290624,108,12,extension,experiments/l40s/results/loop-sweep/training-llt-torch-r128-t09-none.json,,,,,,,,,,,,,,,,,,,,,,108,108,0,0,float32,261.0257873535156,17.028201580047607,261.0855639941292,251.33807373046875,17.02949094772339,33.734375
training,llt,128,torch,10,ac,passed,,151290624,120,12,extension,experiments/l40s/results/loop-sweep/training-llt-torch-r128-t10-ac.json,,,,,,,,,,,,,,,,,,,,,,120,120,0,0,float32,362.8697509765625,5.611958026885986,362.9066909998073,331.91595458984375,5.622521877288818,10.43359375
training,llt,128,torch,10,lac,passed,,151290624,120,12,extension,experiments/l40s/results/loop-sweep/training-llt-torch-r128-t10-lac.json,,,,,,,,,,,,,,,,,,,,,,120,120,0,0,float32,300.1241455078125,15.601584911346436,300.1578640032676,288.39731852213544,15.606905460357666,30.724609375
training,llt,128,torch,10,none,passed,,151290624,120,12,extension,experiments/l40s/results/loop-sweep/training-llt-torch-r128-t10-none.json,,,,,,,,,,,,,,,,,,,,,,120,120,0,0,float32,284.58905029296875,18.437026500701904,284.62307900190353,275.8016764322917,18.438315868377686,36.560546875
training,llt,128,torch,11,ac,passed,,151290624,132,12,extension,experiments/l40s/results/loop-sweep/training-llt-torch-r128-t11-ac.json,,,,,,,,,,,,,,,,,,,,,,132,132,0,0,float32,395.76788330078125,5.752583026885986,395.8037909978884,359.78955078125,5.763146877288818,10.71484375
training,llt,128,torch,11,lac,passed,,151290624,132,12,extension,experiments/l40s/results/loop-sweep/training-llt-torch-r128-t11-lac.json,,,,,,,,,,,,,,,,,,,,,,132,132,0,0,float32,325.2489929199219,16.726951122283936,325.2842590009095,308.7325846354167,16.732271671295166,32.974609375
training,llt,128,torch,11,none,passed,,151290624,132,12,extension,experiments/l40s/results/loop-sweep/training-llt-torch-r128-t11-none.json,,,,,,,,,,,,,,,,,,,,,,132,132,0,0,float32,310.582275390625,19.8458514213562,310.61762900208123,301.17384847005206,19.847140789031982,39.38671875
training,llt,128,torch,12,ac,passed,,151290624,144,12,extension,experiments/l40s/results/loop-sweep/training-llt-torch-r128-t12-ac.json,,,,,,,,,,,,,,,,,,,,,,144,144,0,0,float32,429.6559143066406,5.893208026885986,429.69171699951403,390.5614420572917,5.903771877288818,10.99609375
training,llt,128,torch,12,lac,passed,,151290624,144,12,extension,experiments/l40s/results/loop-sweep/training-llt-torch-r128-t12-lac.json,,,,,,,,,,,,,,,,,,,,,,144,144,0,0,float32,354.4167785644531,17.852317333221436,354.47501000453485,335.8900960286458,17.857637882232666,35.224609375
training,llt,128,torch,12,none,passed,,151290624,144,12,extension,experiments/l40s/results/loop-sweep/training-llt-torch-r128-t12-none.json,,,,,,,,,,,,,,,,,,,,,,144,144,0,0,float32,333.739013671875,21.254676342010498,333.7981349977781,324.44728597005206,21.25596570968628,42.2109375
training,llt,128,torch,13,ac,passed,,151290624,156,12,extension,experiments/l40s/results/loop-sweep/training-llt-torch-r128-t13-ac.json,,,,,,,,,,,,,,,,,,,,,,156,156,0,0,float32,458.78680419921875,6.033833026885986,458.8249220032594,421.0968017578125,6.044396877288818,11.27734375
training,llt,128,torch,13,lac,passed,,151290624,156,12,extension,experiments/l40s/results/loop-sweep/training-llt-torch-r128-t13-lac.json,,,,,,,,,,,,,,,,,,,,,,156,156,0,0,float32,380.35150146484375,18.977683544158936,380.3865570007474,361.9894612630208,18.983004093170166,37.474609375
training,llt,128,torch,13,none,passed,,151290624,156,12,extension,experiments/l40s/results/loop-sweep/training-llt-torch-r128-t13-none.json,,,,,,,,,,,,,,,,,,,,,,156,156,0,0,float32,360.4736022949219,22.663501262664795,360.5126620022929,349.1686197916667,22.664790630340576,25.009765625
training,llt,128,torch,14,ac,passed,,151290624,168,12,extension,experiments/l40s/results/loop-sweep/training-llt-torch-r128-t14-ac.json,,,,,,,,,,,,,,,,,,,,,,168,168,0,0,float32,497.25543212890625,6.174458026885986,497.29164900054457,454.8027750651042,6.185021877288818,11.55859375
training,llt,128,torch,14,lac,passed,,151290624,168,12,extension,experiments/l40s/results/loop-sweep/training-llt-torch-r128-t14-lac.json,,,,,,,,,,,,,,,,,,,,,,168,168,0,0,float32,410.5944519042969,20.103049755096436,410.6323119995068,389.59716796875,20.108370304107666,39.7265625
training,llt,128,torch,14,none,passed,,151290624,168,12,extension,experiments/l40s/results/loop-sweep/training-llt-torch-r128-t14-none.json,,,,,,,,,,,,,,,,,,,,,,168,168,0,0,float32,389.30535888671875,24.072326183319092,389.34489299572306,376.6896565755208,24.073615550994873,26.466796875
training,llt,128,torch,15,ac,passed,,151290624,180,12,extension,experiments/l40s/results/loop-sweep/training-llt-torch-r128-t15-ac.json,,,,,,,,,,,,,,,,,,,,,,180,180,0,0,float32,525.390869140625,6.315083026885986,525.4311410026276,481.62646484375,6.325646877288818,11.83984375
training,llt,128,torch,15,lac,passed,,151290624,180,12,extension,experiments/l40s/results/loop-sweep/training-llt-torch-r128-t15-lac.json,,,,,,,,,,,,,,,,,,,,,,180,180,0,0,float32,432.8006591796875,21.228415966033936,432.83945599978324,412.942626953125,21.233736515045166,41.974609375
training,llt,128,torch,15,none,passed,,151290624,180,12,extension,experiments/l40s/results/loop-sweep/training-llt-torch-r128-t15-none.json,,,,,,,,,,,,,,,,,,,,,,180,180,0,0,float32,411.01312255859375,25.48115110397339,411.0505729986471,398.624755859375,25.48244047164917,27.8984375
training,llt,128,torch,16,ac,passed,,151290624,192,12,extension,experiments/l40s/results/loop-sweep/training-llt-torch-r128-t16-ac.json,,,,,,,,,,,,,,,,,,,,,,192,192,0,0,float32,565.1128540039062,6.455708026885986,565.1577789976727,515.7556966145834,6.466271877288818,12.12109375
training,llt,128,torch,16,lac,passed,,151290624,192,12,extension,experiments/l40s/results/loop-sweep/training-llt-torch-r128-t16-lac.json,,,,,,,,,,,,,,,,,,,,,,192,192,0,0,float32,460.2685546875,22.353782176971436,460.30330599751323,439.265625,22.359102725982666,24.26171875
training,llt,128,torch,16,none,passed,,151290624,192,12,extension,experiments/l40s/results/loop-sweep/training-llt-torch-r128-t16-none.json,,,,,,,,,,,,,,,,,,,,,,192,192,0,0,float32,435.4384765625,26.889976024627686,435.47639600001276,424.596435546875,26.891265392303467,29.29296875
training,naive_loop,,tensor,1,ac,passed,,162988800,12,12,extension,experiments/l40s/results/loop-sweep/training-naive_loop-tensor-r064-t01-ac.json,,,,,,,,,,,,,,,,,,,,,,12,12,0,0,float32,82.91020965576172,2.7666430473327637,82.95002399972873,52.9087168375651,2.7666449546813965,4.544921875
training,naive_loop,,tensor,1,none,passed,,162988800,12,12,original,experiments/l40s/results/loop-baseline/training-naive_loop-tensor-t01.json,,,,,,,,,,,,,,,,,,,,,,12,12,0,0,float32,57.825279235839844,4.192183017730713,57.85002400079975,45.03142293294271,4.193039417266846,6.880859375
training,naive_loop,,tensor,2,ac,passed,,162988800,24,12,extension,experiments/l40s/results/loop-sweep/training-naive_loop-tensor-r064-t02-ac.json,,,,,,,,,,,,,,,,,,,,,,24,24,0,0,float32,157.99398803710938,2.9072680473327637,158.01778100285446,90.7151387532552,2.9072699546813965,4.796875
training,naive_loop,,tensor,2,none,passed,,162988800,24,12,original,experiments/l40s/results/loop-baseline/training-naive_loop-tensor-t02.json,,,,,,,,,,,,,,,,,,,,,,24,24,0,0,float32,104.44374084472656,5.759196758270264,104.46757599856937,74.93802897135417,5.7600531578063965,10.076171875
training,naive_loop,,tensor,3,ac,passed,,162988800,36,12,extension,experiments/l40s/results/loop-sweep/training-naive_loop-tensor-r064-t03-ac.json,,,,,,,,,,,,,,,,,,,,,,36,36,0,0,float32,228.67149353027344,3.0493578910827637,228.70810000313213,128.79462687174478,3.0493569374084473,4.98046875
training,naive_loop,,tensor,3,none,passed,,162988800,36,12,original,experiments/l40s/results/loop-baseline/training-naive_loop-tensor-t03.json,,,,,,,,,,,,,,,,,,,,,,36,36,0,0,float32,149.0482177734375,7.3083882331848145,149.0765669987013,104.85589599609375,7.3085150718688965,13.279296875
training,naive_loop,,tensor,4,ac,passed,,162988800,48,12,extension,experiments/l40s/results/loop-sweep/training-naive_loop-tensor-r064-t04-ac.json,,,,,,,,,,,,,,,,,,,,,,48,48,0,0,float32,298.5410461425781,3.1897387504577637,298.56775700318394,166.49522908528647,3.1897377967834473,5.203125
training,naive_loop,,tensor,4,none,passed,,162988800,48,12,original,experiments/l40s/results/loop-baseline/training-naive_loop-tensor-t04.json,,,,,,,,,,,,,,,,,,,,,,48,48,0,0,float32,198.84544372558594,8.857826709747314,198.88864699896658,134.68399047851562,8.857953548431396,16.85546875
training,naive_loop,,tensor,5,ac,passed,,162988800,60,12,extension,experiments/l40s/results/loop-sweep/training-naive_loop-tensor-r064-t05-ac.json,,,,,,,,,,,,,,,,,,,,,,60,60,0,0,float32,380.8860168457031,3.3303637504577637,380.9249030018691,203.1500040690104,3.3303627967834473,5.4609375
training,naive_loop,,tensor,5,none,passed,,162988800,60,12,original,experiments/l40s/results/loop-baseline/training-naive_loop-tensor-t05.json,,,,,,,,,,,,,,,,,,,,,,60,60,0,0,float32,246.6815948486328,10.407265186309814,246.71088399918517,164.4096883138021,10.407392024993896,20.046875
training,naive_loop,,tensor,6,ac,passed,,162988800,72,12,extension,experiments/l40s/results/loop-sweep/training-naive_loop-tensor-r064-t06-ac.json,,,,,,,,,,,,,,,,,,,,,,72,72,0,0,float32,444.6709289550781,3.4709887504577637,444.69752599979984,240.93766276041666,3.4709877967834473,5.6015625
training,naive_loop,,tensor,6,none,passed,,162988800,72,12,original,experiments/l40s/results/loop-baseline/training-naive_loop-tensor-t06.json,,,,,,,,,,,,,,,,,,,,,,72,72,0,0,float32,289.44384765625,11.956703662872314,289.46821199861006,194.409423828125,11.956830501556396,23.240234375
training,naive_loop,,tensor,7,ac,passed,,162988800,84,12,extension,experiments/l40s/results/loop-sweep/training-naive_loop-tensor-r064-t07-ac.json,,,,,,,,,,,,,,,,,,,,,,84,84,0,0,float32,525.4093017578125,3.6116137504577637,525.438116004807,279.31512451171875,3.6116127967834473,5.87890625
training,naive_loop,,tensor,7,none,passed,,162988800,84,12,original,experiments/l40s/results/loop-baseline/training-naive_loop-tensor-t07.json,,,,,,,,,,,,,,,,,,,,,,84,84,0,0,float32,336.4761657714844,13.506142139434814,336.5005040031974,224.2508748372396,13.506268978118896,26.43359375
training,naive_loop,,tensor,8,ac,passed,,162988800,96,12,extension,experiments/l40s/results/loop-sweep/training-naive_loop-tensor-r064-t08-ac.json,,,,,,,,,,,,,,,,,,,,,,96,96,0,0,float32,591.3199462890625,3.7522387504577637,591.3486440040288,316.12620035807294,3.7522377967834473,6.16015625
training,naive_loop,,tensor,8,none,passed,,162988800,96,12,original,experiments/l40s/results/loop-baseline/training-naive_loop-tensor-t08.json,,,,,,,,,,,,,,,,,,,,,,96,96,0,0,float32,388.08172607421875,15.055580615997314,388.1110369984526,253.99979654947916,15.055707454681396,29.625
training,naive_loop,,tensor,9,ac,passed,,162988800,108,12,extension,experiments/l40s/results/loop-sweep/training-naive_loop-tensor-r064-t09-ac.json,,,,,,,,,,,,,,,,,,,,,,108,108,0,0,float32,658.1145629882812,3.8928637504577637,658.1474529957632,355.9925944010417,3.8928627967834473,6.44140625
training,naive_loop,,tensor,9,none,passed,,162988800,108,12,original,experiments/l40s/results/loop-baseline/training-naive_loop-tensor-t09.json,,,,,,,,,,,,,,,,,,,,,,108,108,0,0,float32,433.8636779785156,16.605019092559814,433.8925099946209,283.89581298828125,16.605145931243896,32.8125
training,naive_loop,,tensor,10,ac,passed,,162988800,120,12,extension,experiments/l40s/results/loop-sweep/training-naive_loop-tensor-r064-t10-ac.json,,,,,,,,,,,,,,,,,,,,,,120,120,0,0,float32,738.77587890625,4.033488750457764,738.8053539980319,394.0123291015625,4.033487796783447,6.72265625
training,naive_loop,,tensor,10,none,passed,,162988800,120,12,original,experiments/l40s/results/loop-baseline/training-naive_loop-tensor-t10.json,,,,,,,,,,,,,,,,,,,,,,120,120,0,0,float32,470.245361328125,18.154457569122314,470.2797729987651,314.85540771484375,18.154584407806396,36.01953125
training,naive_loop,,tensor,11,ac,passed,,162988800,132,12,extension,experiments/l40s/results/loop-sweep/training-naive_loop-tensor-r064-t11-ac.json,,,,,,,,,,,,,,,,,,,,,,132,132,0,0,float32,814.3626098632812,4.174113750457764,814.3961790046887,428.4265950520833,4.174112796783447,7.00390625
training,naive_loop,,tensor,11,none,passed,,162988800,132,12,original,experiments/l40s/results/loop-baseline/training-naive_loop-tensor-t11.json,,,,,,,,,,,,,,,,,,,,,,132,132,0,0,float32,524.0975341796875,19.703896045684814,524.1260289985803,344.7237955729167,19.704022884368896,39.234375
training,naive_loop,,tensor,12,ac,passed,,162988800,144,12,extension,experiments/l40s/results/loop-sweep/training-naive_loop-tensor-r064-t12-ac.json,,,,,,,,,,,,,,,,,,,,,,144,144,0,0,float32,872.2360229492188,4.314738750457764,872.2701500009862,466.693115234375,4.314737796783447,7.28515625
training,naive_loop,,tensor,12,none,passed,,162988800,144,12,original,experiments/l40s/results/loop-baseline/training-naive_loop-tensor-t12.json,,,,,,,,,,,,,,,,,,,,,,144,144,0,0,float32,571.2772827148438,21.253334522247314,571.3086920004571,375.323974609375,21.253461360931396,42.44921875
training,naive_loop,,tensor,13,ac,passed,,162988800,156,12,extension,experiments/l40s/results/loop-sweep/training-naive_loop-tensor-r064-t13-ac.json,,,,,,,,,,,,,,,,,,,,,,156,156,0,0,float32,957.9345703125,4.455363750457764,957.9693129999214,504.9901529947917,4.455362796783447,7.56640625
training,naive_loop,,tensor,13,none,passed,,162988800,156,12,original,experiments/l40s/results/loop-baseline/training-naive_loop-tensor-t13.json,,,,,,,,,,,,,,,,,,,,,,156,156,0,0,float32,618.4633178710938,22.802772998809814,618.5007300009602,404.4424641927083,22.802899837493896,24.91015625
training,naive_loop,,tensor,14,ac,passed,,162988800,168,12,extension,experiments/l40s/results/loop-sweep/training-naive_loop-tensor-r064-t14-ac.json,,,,,,,,,,,,,,,,,,,,,,168,168,0,0,float32,1021.787109375,4.595988750457764,1021.8231940016267,544.2792154947916,4.595987796783447,7.84765625
training,naive_loop,,tensor,14,none,passed,,162988800,168,12,original,experiments/l40s/results/loop-baseline/training-naive_loop-tensor-t14.json,,,,,,,,,,,,,,,,,,,,,,168,168,0,0,float32,670.74560546875,24.352211475372314,670.7851570026833,432.1679280598958,24.352338314056396,26.125
training,naive_loop,,tensor,15,ac,passed,,162988800,180,12,extension,experiments/l40s/results/loop-sweep/training-naive_loop-tensor-r064-t15-ac.json,,,,,,,,,,,,,,,,,,,,,,180,180,0,0,float32,1101.5465087890625,4.736613750457764,1101.5827430019272,582.3505045572916,4.736612796783447,8.12890625
training,naive_loop,,tensor,15,none,passed,,162988800,180,12,original,experiments/l40s/results/loop-baseline/training-naive_loop-tensor-t15.json,,,,,,,,,,,,,,,,,,,,,,180,180,0,0,float32,701.1481323242188,25.901649951934814,701.1825540030259,464.6434326171875,25.901776790618896,28.20703125
training,naive_loop,,tensor,16,ac,passed,,162988800,192,12,extension,experiments/l40s/results/loop-sweep/training-naive_loop-tensor-r064-t16-ac.json,,,,,,,,,,,,,,,,,,,,,,192,192,0,0,float32,1180.475341796875,4.877238750457764,1180.510513993795,617.4061279296875,4.877237796783447,8.41015625
training,naive_loop,,tensor,16,none,passed,,162988800,192,12,original,experiments/l40s/results/loop-baseline/training-naive_loop-tensor-t16.json,,,,,,,,,,,,,,,,,,,,,,192,192,0,0,float32,757.865478515625,27.451088428497314,757.8985919972183,492.0736490885417,27.451215267181396,29.74609375
training,naive_loop,,torch,1,ac,passed,,162988800,12,12,extension,experiments/l40s/results/loop-sweep/training-naive_loop-torch-r064-t01-ac.json,,,,,,,,,,,,,,,,,,,,,,12,12,0,0,float32,63.312896728515625,4.3762969970703125,63.345057002152316,57.75326029459635,4.392473220825195,8.552734375
training,naive_loop,,torch,1,none,passed,,162988800,12,12,original,experiments/l40s/results/loop-baseline/training-naive_loop-torch-t01.json,,,,,,,,,,,,,,,,,,,,,,12,12,0,0,float32,53.60732650756836,5.9158477783203125,53.67617099909694,51.81985982259115,5.9278764724731445,11.1640625
training,naive_loop,,torch,2,ac,passed,,162988800,24,12,extension,experiments/l40s/results/loop-sweep/training-naive_loop-torch-r064-t02-ac.json,,,,,,,,,,,,,,,,,,,,,,24,24,0,0,float32,97.46841430664062,4.520209312438965,97.49767400353448,86.2245585123698,4.536385536193848,8.833984375
training,naive_loop,,torch,2,none,passed,,162988800,24,12,original,experiments/l40s/results/loop-baseline/training-naive_loop-torch-t02.json,,,,,,,,,,,,,,,,,,,,,,24,24,0,0,float32,76.84492492675781,7.415737152099609,76.8752480034891,74.59055074055989,7.432651519775391,14.22265625
training,naive_loop,,torch,3,ac,passed,,162988800,36,12,extension,experiments/l40s/results/loop-sweep/training-naive_loop-torch-r064-t03-ac.json,,,,,,,,,,,,,,,,,,,,,,36,36,0,0,float32,132.527099609375,4.659738540649414,132.55806699453387,115.39077758789062,4.675911903381348,9.115234375
training,naive_loop,,torch,3,none,passed,,162988800,36,12,original,experiments/l40s/results/loop-baseline/training-naive_loop-torch-t03.json,,,,,,,,,,,,,,,,,,,,,,36,36,0,0,float32,100.84352111816406,8.900858879089355,100.87528000076418,97.65922037760417,8.915573120117188,17.28515625
training,naive_loop,,torch,4,ac,passed,,162988800,48,12,extension,experiments/l40s/results/loop-sweep/training-naive_loop-torch-r064-t04-ac.json,,,,,,,,,,,,,,,,,,,,,,48,48,0,0,float32,169.10336303710938,4.800363540649414,169.13212499639485,144.60307820638022,4.816536903381348,9.396484375
training,naive_loop,,torch,4,none,passed,,162988800,48,12,original,experiments/l40s/results/loop-baseline/training-naive_loop-torch-t04.json,,,,,,,,,,,,,,,,,,,,,,48,48,0,0,float32,125.35193634033203,10.373648643493652,125.38613899960183,120.8651123046875,10.394713401794434,20.34375
training,naive_loop,,torch,5,ac,passed,,162988800,60,12,extension,experiments/l40s/results/loop-sweep/training-naive_loop-torch-r064-t05-ac.json,,,,,,,,,,,,,,,,,,,,,,60,60,0,0,float32,208.542724609375,4.940744400024414,208.57798799988814,172.212890625,4.956917762756348,9.677734375
training,naive_loop,,torch,5,none,passed,,162988800,60,12,original,experiments/l40s/results/loop-baseline/training-naive_loop-torch-t05.json,,,,,,,,,,,,,,,,,,,,,,60,60,0,0,float32,149.47532653808594,11.85278606414795,149.50613899782184,143.86414591471353,11.87385082244873,23.40234375
training,naive_loop,,torch,6,ac,passed,,162988800,72,12,extension,experiments/l40s/results/loop-sweep/training-naive_loop-torch-r064-t06-ac.json,,,,,,,,,,,,,,,,,,,,,,72,72,0,0,float32,245.0145263671875,5.081369400024414,245.04459500167286,202.1751505533854,5.097542762756348,9.958984375
training,naive_loop,,torch,6,none,passed,,162988800,72,12,original,experiments/l40s/results/loop-baseline/training-naive_loop-torch-t06.json,,,,,,,,,,,,,,,,,,,,,,72,72,0,0,float32,173.7379913330078,13.331923484802246,173.77230000056443,167.13864135742188,13.352988243103027,26.46484375
training,naive_loop,,torch,7,ac,passed,,162988800,84,12,extension,experiments/l40s/results/loop-sweep/training-naive_loop-torch-r064-t07-ac.json,,,,,,,,,,,,,,,,,,,,,,84,84,0,0,float32,291.48773193359375,5.221994400024414,291.51835599623155,231.5598347981771,5.238167762756348,10.240234375
training,naive_loop,,torch,7,none,passed,,162988800,84,12,original,experiments/l40s/results/loop-baseline/training-naive_loop-torch-t07.json,,,,,,,,,,,,,,,,,,,,,,84,84,0,0,float32,198.44915771484375,14.811060905456543,198.4823899983894,190.42610677083334,14.832125663757324,29.5234375
training,naive_loop,,torch,8,ac,passed,,162988800,96,12,extension,experiments/l40s/results/loop-sweep/training-naive_loop-torch-r064-t08-ac.json,,,,,,,,,,,,,,,,,,,,,,96,96,0,0,float32,330.29937744140625,5.362619400024414,330.3332279974711,259.99086507161456,5.378792762756348,10.521484375
training,naive_loop,,torch,8,none,passed,,162988800,96,12,original,experiments/l40s/results/loop-baseline/training-naive_loop-torch-t08.json,,,,,,,,,,,,,,,,,,,,,,96,96,0,0,float32,222.46707153320312,16.29019832611084,222.52455599664245,213.55279541015625,16.31126308441162,32.58203125
training,naive_loop,,torch,9,ac,passed,,162988800,108,12,extension,experiments/l40s/results/loop-sweep/training-naive_loop-torch-r064-t09-ac.json,,,,,,,,,,,,,,,,,,,,,,108,108,0,0,float32,370.9787292480469,5.503244400024414,371.0344540013466,291.02968343098956,5.519417762756348,10.802734375
training,naive_loop,,torch,9,none,passed,,162988800,108,12,original,experiments/l40s/results/loop-baseline/training-naive_loop-torch-t09.json,,,,,,,,,,,,,,,,,,,,,,108,108,0,0,float32,248.06605529785156,17.769335746765137,248.0988739989698,236.67985026041666,17.790400505065918,35.642578125
training,naive_loop,,torch,10,ac,passed,,162988800,120,12,extension,experiments/l40s/results/loop-sweep/training-naive_loop-torch-r064-t10-ac.json,,,,,,,,,,,,,,,,,,,,,,120,120,0,0,float32,414.236572265625,5.643869400024414,414.2721600001096,321.5926513671875,5.660042762756348,11.083984375
training,naive_loop,,torch,10,none,passed,,162988800,120,12,original,experiments/l40s/results/loop-baseline/training-naive_loop-torch-t10.json,,,,,,,,,,,,,,,,,,,,,,120,120,0,0,float32,272.29901123046875,19.248473167419434,272.33592200354906,260.924072265625,19.269537925720215,38.703125
training,naive_loop,,torch,11,ac,passed,,162988800,132,12,extension,experiments/l40s/results/loop-sweep/training-naive_loop-torch-r064-t11-ac.json,,,,,,,,,,,,,,,,,,,,,,132,132,0,0,float32,442.3864440917969,5.784494400024414,442.41939899802674,346.1297607421875,5.800667762756348,11.365234375
training,naive_loop,,torch,11,none,passed,,162988800,132,12,original,experiments/l40s/results/loop-baseline/training-naive_loop-torch-t11.json,,,,,,,,,,,,,,,,,,,,,,132,132,0,0,float32,295.67181396484375,20.72761058807373,295.7063259964343,283.2738444010417,20.74867534637451,41.76171875
training,naive_loop,,torch,12,ac,passed,,162988800,144,12,extension,experiments/l40s/results/loop-sweep/training-naive_loop-torch-r064-t12-ac.json,,,,,,,,,,,,,,,,,,,,,,144,144,0,0,float32,502.1051025390625,5.925119400024414,502.142620003724,375.0423990885417,5.941292762756348,11.646484375
training,naive_loop,,torch,12,none,passed,,162988800,144,12,original,experiments/l40s/results/loop-baseline/training-naive_loop-torch-t12.json,,,,,,,,,,,,,,,,,,,,,,144,144,0,0,float32,324.0110168457031,22.206748008728027,324.07789299759315,307.68434651692706,22.22781276702881,25.0859375
training,naive_loop,,torch,13,ac,passed,,162988800,156,12,extension,experiments/l40s/results/loop-sweep/training-naive_loop-torch-r064-t13-ac.json,,,,,,,,,,,,,,,,,,,,,,156,156,0,0,float32,527.9324340820312,6.065744400024414,527.9669840019778,405.742919921875,6.081917762756348,11.927734375
training,naive_loop,,torch,13,none,passed,,162988800,156,12,original,experiments/l40s/results/loop-baseline/training-naive_loop-torch-t13.json,,,,,,,,,,,,,,,,,,,,,,156,156,0,0,float32,344.72039794921875,23.685885429382324,344.75918200041633,330.27960205078125,23.706950187683105,25.875
training,naive_loop,,torch,14,ac,passed,,162988800,168,12,extension,experiments/l40s/results/loop-sweep/training-naive_loop-torch-r064-t14-ac.json,,,,,,,,,,,,,,,,,,,,,,168,168,0,0,float32,569.11572265625,6.206369400024414,569.1480800014688,435.012939453125,6.222542762756348,12.208984375
training,naive_loop,,torch,14,none,passed,,162988800,168,12,original,experiments/l40s/results/loop-baseline/training-naive_loop-torch-t14.json,,,,,,,,,,,,,,,,,,,,,,168,168,0,0,float32,369.8861999511719,25.16502285003662,369.9303079993115,353.4093424479167,25.186087608337402,27.404296875
training,naive_loop,,torch,15,ac,passed,,162988800,180,12,extension,experiments/l40s/results/loop-sweep/training-naive_loop-torch-r064-t15-ac.json,,,,,,,,,,,,,,,,,,,,,,180,180,0,0,float32,612.4195556640625,6.346994400024414,612.4584569988656,463.4784342447917,6.363167762756348,12.490234375
training,naive_loop,,torch,15,none,passed,,162988800,180,12,original,experiments/l40s/results/loop-baseline/training-naive_loop-torch-t15.json,,,,,,,,,,,,,,,,,,,,,,180,180,0,0,float32,394.8677062988281,26.644160270690918,394.927216002543,378.0064697265625,26.6652250289917,28.935546875
training,naive_loop,,torch,16,ac,passed,,162988800,192,12,extension,experiments/l40s/results/loop-sweep/training-naive_loop-torch-r064-t16-ac.json,,,,,,,,,,,,,,,,,,,,,,192,192,0,0,float32,647.5919189453125,6.487619400024414,647.6351879973663,492.849853515625,6.503792762756348,12.771484375
training,naive_loop,,torch,16,none,passed,,162988800,192,12,original,experiments/l40s/results/loop-baseline/training-naive_loop-torch-t16.json,,,,,,,,,,,,,,,,,,,,,,192,192,0,0,float32,419.2614440917969,28.123297691345215,419.30503500043415,400.778564453125,28.144362449645996,30.466796875
training,stacked,,tensor,1,ac,passed,,162988800,12,12,extension,experiments/l40s/results/loop-sweep/training-stacked-tensor-r064-t01-ac.json,,,,,,,,,,,,,,,,,,,,,,12,12,0,0,float32,82.52108764648438,2.7666430473327637,82.54556899919407,52.91827392578125,2.7666449546813965,4.544921875
training,stacked,,tensor,1,none,passed,,162988800,12,12,original,experiments/l40s/results/loop-baseline/training-stacked-tensor-t01.json,,,,,,,,,,,,,,,,,,,,,,12,12,0,0,float32,57.63993453979492,4.192183017730713,57.66631500227959,45.06726582845052,4.193039417266846,6.880859375
training,stacked,,tensor,2,ac,passed,,247923456,24,24,extension,experiments/l40s/results/loop-sweep/training-stacked-tensor-r064-t02-ac.json,,,,,,,,,,,,,,,,,,,,,,24,24,0,0,float32,159.42860412597656,3.857494831085205,159.4532849994721,93.5553690592448,3.857496738433838,6.140625
training,stacked,,tensor,2,none,passed,,247923456,24,24,original,experiments/l40s/results/loop-baseline/training-stacked-tensor-t02.json,,,,,,,,,,,,,,,,,,,,,,24,24,0,0,float32,107.82105255126953,6.7143120765686035,107.84699199939496,77.8987528483073,6.715168476104736,11.099609375
training,stacked,,tensor,3,ac,passed,,332858112,36,36,extension,experiments/l40s/results/loop-sweep/training-stacked-tensor-r064-t03-ac.json,,,,,,,,,,,,,,,,,,,,,,36,36,0,0,float32,236.70579528808594,5.010557174682617,236.73028099437943,134.37435913085938,5.007016181945801,7.40234375
training,stacked,,tensor,3,none,passed,,332858112,36,36,original,experiments/l40s/results/loop-baseline/training-stacked-tensor-t03.json,,,,,,,,,,,,,,,,,,,,,,36,36,0,0,float32,158.8633575439453,9.236441135406494,158.8889909980935,110.7814432779948,9.237297534942627,15.322265625
training,stacked,,tensor,4,ac,passed,,417792768,48,48,extension,experiments/l40s/results/loop-sweep/training-stacked-tensor-r064-t04-ac.json,,,,,,,,,,,,,,,,,,,,,,48,48,0,0,float32,324.48199462890625,6.286717414855957,324.5244540012209,174.85481770833334,6.280735015869141,9.23046875
training,stacked,,tensor,4,none,passed,,417792768,48,48,original,experiments/l40s/results/loop-baseline/training-stacked-tensor-t04.json,,,,,,,,,,,,,,,,,,,,,,48,48,0,0,float32,213.03091430664062,11.758570194244385,213.05567799936398,143.82455444335938,11.759426593780518,19.92578125
training,stacked,,tensor,5,ac,passed,,502727424,60,60,extension,experiments/l40s/results/loop-sweep/training-stacked-tensor-r064-t05-ac.json,,,,,,,,,,,,,,,,,,,,,,60,60,0,0,float32,401.86163330078125,7.561895370483398,401.89075699890964,214.6109415690104,7.552495002746582,10.810546875
training,stacked,,tensor,5,none,passed,,502727424,60,60,original,experiments/l40s/results/loop-baseline/training-stacked-tensor-t05.json,,,,,,,,,,,,,,,,,,,,,,60,60,0,0,float32,268.3945007324219,14.280699253082275,268.4212340027443,176.760498046875,14.281555652618408,24.14453125
training,stacked,,tensor,6,ac,passed,,587662080,72,72,extension,experiments/l40s/results/loop-sweep/training-stacked-tensor-r064-t06-ac.json,,,,,,,,,,,,,,,,,,,,,,72,72,0,0,float32,481.0926208496094,8.839761734008789,481.1226629972225,256.1418050130208,8.827431678771973,12.53515625
training,stacked,,tensor,6,none,passed,,587662080,72,72,original,experiments/l40s/results/loop-baseline/training-stacked-tensor-t06.json,,,,,,,,,,,,,,,,,,,,,,72,72,0,0,float32,326.72357177734375,16.802828311920166,326.74943399979384,209.80183919270834,16.8036847114563,28.365234375
training,stacked,,tensor,7,ac,passed,,672596736,84,84,extension,experiments/l40s/results/loop-sweep/training-stacked-tensor-r064-t07-ac.json,,,,,,,,,,,,,,,,,,,,,,84,84,0,0,float32,552.3230590820312,10.106888771057129,552.3536760010757,297.99151611328125,10.098953247070312,14.30859375
training,stacked,,tensor,7,none,passed,,672596736,84,84,original,experiments/l40s/results/loop-baseline/training-stacked-tensor-t07.json,,,,,,,,,,,,,,,,,,,,,,84,84,0,0,float32,374.41741943359375,19.324957370758057,374.44607200450264,242.7183837890625,19.32581377029419,32.5859375
training,stacked,,tensor,8,ac,passed,,757531392,96,96,extension,experiments/l40s/results/loop-sweep/training-stacked-tensor-r064-t08-ac.json,,,,,,,,,,,,,,,,,,,,,,96,96,0,0,float32,632.63232421875,11.38182544708252,632.6624759967672,337.02195231119794,11.375843048095703,16.041015625
training,stacked,,tensor,8,none,passed,,757531392,96,96,original,experiments/l40s/results/loop-baseline/training-stacked-tensor-t08.json,,,,,,,,,,,,,,,,,,,,,,96,96,0,0,float32,432.3399658203125,21.847086429595947,432.3692800026038,275.842529296875,21.84794282913208,36.8046875
training,stacked,,tensor,9,ac,passed,,842466048,108,108,extension,experiments/l40s/results/loop-sweep/training-stacked-tensor-r064-t09-ac.json,,,,,,,,,,,,,,,,,,,,,,108,108,0,0,float32,701.4891357421875,12.654806137084961,701.5212690021144,382.59130859375,12.648091316223145,17.783203125
training,stacked,,tensor,9,none,passed,,842466048,108,108,original,experiments/l40s/results/loop-baseline/training-stacked-tensor-t09.json,,,,,,,,,,,,,,,,,,,,,,108,108,0,0,float32,482.9593505859375,24.369215488433838,483.0026249983348,309.72654215494794,24.37007188796997,41.025390625
training,stacked,,tensor,10,ac,passed,,927400704,120,120,extension,experiments/l40s/results/loop-sweep/training-stacked-tensor-r064-t10-ac.json,,,,,,,,,,,,,,,,,,,,,,120,120,0,0,float32,785.6333618164062,13.939264297485352,785.6690700064064,418.6760660807292,13.921807289123535,19.576171875
training,stacked,,tensor,10,none,passed,,927400704,120,120,original,experiments/l40s/results/loop-baseline/training-stacked-tensor-t10.json,,,,,,,,,,,,,,,,,,,,,,120,120,0,0,float32,532.5393676757812,26.89134454727173,532.5697439984651,343.2591552734375,26.89220094680786,33.29296875
training,stacked,,tensor,11,ac,passed,,1012335360,132,132,extension,experiments/l40s/results/loop-sweep/training-stacked-tensor-r064-t11-ac.json,,,,,,,,,,,,,,,,,,,,,,132,132,0,0,float32,870.7901611328125,15.200773239135742,870.8223569992697,457.6204833984375,15.192349433898926,21.33984375
training,stacked,,tensor,11,none,passed,,1012335360,132,132,original,experiments/l40s/results/loop-baseline/training-stacked-tensor-t11.json,,,,,,,,,,,,,,,,,,,,,,132,132,0,0,float32,580.4298095703125,29.41347360610962,580.4620599956252,375.3212483723958,29.414330005645752,36.310546875
training,stacked,,tensor,12,ac,passed,,1097270016,144,144,extension,experiments/l40s/results/loop-sweep/training-stacked-tensor-r064-t12-ac.json,,,,,,,,,,,,,,,,,,,,,,144,144,0,0,float32,965.6627197265625,16.483766555786133,965.6989110007999,497.8070068359375,16.467774391174316,23.0703125
training,stacked,,tensor,12,none,passed,,1097270016,144,144,original,experiments/l40s/results/loop-baseline/training-stacked-tensor-t12.json,,,,,,,,,,,,,,,,,,,,,,144,144,0,0,float32,628.864013671875,31.93560266494751,628.9049090046319,408.7671305338542,31.936459064483643,39.306640625
training,stacked,,tensor,13,ac,passed,,1182204672,156,156,extension,experiments/l40s/results/loop-sweep/training-stacked-tensor-r064-t13-ac.json,,,,,,,,,,,,,,,,,,,,,,156,156,0,0,float32,1040.83251953125,17.755285263061523,1040.8650239987765,538.693603515625,17.742711067199707,24.806640625
training,stacked,,tensor,13,none,passed,,1182204672,156,156,original,experiments/l40s/results/loop-baseline/training-stacked-tensor-t13.json,,,,,,,,,,,,,,,,,,,,,,156,156,0,0,float32,673.8984985351562,34.4577317237854,673.9478180024889,443.0796712239583,34.45858812332153,42.298828125
training,stacked,,tensor,14,ac,passed,,1267139328,168,168,extension,experiments/l40s/results/loop-sweep/training-stacked-tensor-r064-t14-ac.json,,,,,,,,,,,,,,,,,,,,,,168,168,0,0,float32,1098.0107421875,19.032422065734863,1098.0555420028395,581.7436116536459,19.01508617401123,26.580078125
training,stacked,,tensor,14,none,out_of_memory,training_graph,1267139328,168,168,original,experiments/l40s/results/loop-baseline/training-stacked-tensor-t14.json,,,,,,,,,,,,,,,,,,,,,,168,168,0,0,float32,734.3331298828125,36.97986078262329,734.3833479972091,,,
training,stacked,,tensor,15,ac,passed,,1352073984,180,180,extension,experiments/l40s/results/loop-sweep/training-stacked-tensor-r064-t15-ac.json,,,,,,,,,,,,,,,,,,,,,,180,180,0,0,float32,1190.2177734375,20.305405616760254,1190.254137996817,620.2845458984375,20.291122436523438,28.349609375
training,stacked,,tensor,15,none,out_of_memory,training_graph,1352073984,180,180,original,experiments/l40s/results/loop-baseline/training-stacked-tensor-t15.json,,,,,,,,,,,,,,,,,,,,,,180,180,0,0,float32,791.81005859375,39.50198984146118,791.843131002679,,,
training,stacked,,tensor,16,ac,passed,,1437008640,192,192,extension,experiments/l40s/results/loop-sweep/training-stacked-tensor-r064-t16-ac.json,,,,,,,,,,,,,,,,,,,,,,192,192,0,0,float32,1273.891845703125,21.576677322387695,1273.9340390035068,663.7468668619791,21.56337070465088,30.09375
training,stacked,,tensor,16,none,out_of_memory,training_graph,1437008640,192,192,original,experiments/l40s/results/loop-baseline/training-stacked-tensor-t16.json,,,,,,,,,,,,,,,,,,,,,,192,192,0,0,float32,853.275634765625,42.02411890029907,853.3083369984524,,,
training,stacked,,torch,1,ac,passed,,162988800,12,12,extension,experiments/l40s/results/loop-sweep/training-stacked-torch-r064-t01-ac.json,,,,,,,,,,,,,,,,,,,,,,12,12,0,0,float32,63.45420837402344,4.3762969970703125,63.48414099920774,57.731414794921875,4.392473220825195,8.552734375
training,stacked,,torch,1,none,passed,,162988800,12,12,original,experiments/l40s/results/loop-baseline/training-stacked-torch-t01.json,,,,,,,,,,,,,,,,,,,,,,12,12,0,0,float32,52.962303161621094,5.9158477783203125,52.99423499673139,51.82190958658854,5.9278764724731445,11.1640625
training,stacked,,torch,2,ac,passed,,247923456,24,24,extension,experiments/l40s/results/loop-sweep/training-stacked-torch-r064-t02-ac.json,,,,,,,,,,,,,,,,,,,,,,24,24,0,0,float32,104.20941162109375,5.466169357299805,104.23748600442195,92.64260864257812,5.4823455810546875,10.234375
training,stacked,,torch,2,none,passed,,247923456,24,24,original,experiments/l40s/results/loop-baseline/training-stacked-torch-t02.json,,,,,,,,,,,,,,,,,,,,,,24,24,0,0,float32,83.37100982666016,8.53759765625,83.40356099870405,81.0608622233073,8.549626350402832,14.89453125
training,stacked,,torch,3,ac,passed,,332858112,36,36,extension,experiments/l40s/results/loop-sweep/training-stacked-torch-r064-t03-ac.json,,,,,,,,,,,,,,,,,,,,,,36,36,0,0,float32,144.47299194335938,6.720109939575195,144.5027539957664,128.01872762044272,6.696002960205078,11.724609375
training,stacked,,torch,3,none,passed,,332858112,36,36,original,experiments/l40s/results/loop-baseline/training-stacked-torch-t03.json,,,,,,,,,,,,,,,,,,,,,,36,36,0,0,float32,113.83808135986328,11.159835815429688,113.87493099755375,110.5244140625,11.17137622833252,19.78125
training,stacked,,torch,4,ac,passed,,417792768,48,48,extension,experiments/l40s/results/loop-sweep/training-stacked-torch-r064-t04-ac.json,,,,,,,,,,,,,,,,,,,,,,48,48,0,0,float32,193.8492431640625,8.012807846069336,193.88041400088696,163.0379638671875,7.955314636230469,13.376953125
training,stacked,,torch,4,none,passed,,417792768,48,48,original,experiments/l40s/results/loop-baseline/training-stacked-torch-t04.json,,,,,,,,,,,,,,,,,,,,,,48,48,0,0,float32,144.321533203125,13.783050537109375,144.35588999913307,140.02278645833334,13.793126106262207,24.041015625
training,stacked,,torch,5,ac,passed,,502727424,60,60,extension,experiments/l40s/results/loop-sweep/training-stacked-torch-r064-t05-ac.json,,,,,,,,,,,,,,,,,,,,,,60,60,0,0,float32,244.5823974609375,9.298480987548828,244.61442699976033,197.6224161783854,9.216460227966309,15.095703125
training,stacked,,torch,5,none,passed,,502727424,60,60,original,experiments/l40s/results/loop-baseline/training-stacked-torch-t05.json,,,,,,,,,,,,,,,,,,,,,,60,60,0,0,float32,174.5366973876953,16.407730102539062,174.57976099831285,169.41158040364584,16.414875984191895,28.443359375
training,stacked,,torch,6,ac,passed,,587662080,72,72,extension,experiments/l40s/results/loop-sweep/training-stacked-torch-r064-t06-ac.json,,,,,,,,,,,,,,,,,,,,,,72,72,0,0,float32,287.6159973144531,10.577332496643066,287.64959100226406,233.81538899739584,10.4749174118042,16.818359375
training,stacked,,torch,6,none,passed,,587662080,72,72,original,experiments/l40s/results/loop-baseline/training-stacked-torch-t06.json,,,,,,,,,,,,,,,,,,,,,,72,72,0,0,float32,205.73388671875,19.02899169921875,205.77052299995557,199.09906005859375,19.036625862121582,32.857421875
training,stacked,,torch,7,ac,passed,,672596736,84,84,extension,experiments/l40s/results/loop-sweep/training-stacked-torch-r064-t07-ac.json,,,,,,,,,,,,,,,,,,,,,,84,84,0,0,float32,334.0308532714844,11.896574974060059,334.08944999973755,270.1185709635417,11.732522964477539,18.537109375
training,stacked,,torch,7,none,passed,,672596736,84,84,original,experiments/l40s/results/loop-baseline/training-stacked-torch-t07.json,,,,,,,,,,,,,,,,,,,,,,84,84,0,0,float32,236.24082946777344,21.652206420898438,236.27991799730808,228.6206258138021,21.65837574005127,37.251953125
training,stacked,,torch,8,ac,passed,,757531392,96,96,extension,experiments/l40s/results/loop-sweep/training-stacked-torch-r064-t08-ac.json,,,,,,,,,,,,,,,,,,,,,,96,96,0,0,float32,377.808837890625,13.13098430633545,377.8651520042331,304.30930582682294,12.991950988769531,19.8515625
training,stacked,,torch,8,none,passed,,757531392,96,96,original,experiments/l40s/results/loop-baseline/training-stacked-torch-t08.json,,,,,,,,,,,,,,,,,,,,,,96,96,0,0,float32,266.4171447753906,24.276397705078125,266.4545729930978,257.9650472005208,24.280125617980957,41.669921875
training,stacked,,torch,9,ac,passed,,842466048,108,108,extension,experiments/l40s/results/loop-sweep/training-stacked-torch-r064-t09-ac.json,,,,,,,,,,,,,,,,,,,,,,108,108,0,0,float32,433.6896057128906,14.40787410736084,433.7270090036327,341.5186767578125,14.250652313232422,21.59375
training,stacked,,torch,9,none,passed,,842466048,108,108,original,experiments/l40s/results/loop-baseline/training-stacked-torch-t09.json,,,,,,,,,,,,,,,,,,,,,,108,108,0,0,float32,297.7423400878906,26.900588989257812,297.7839329978451,289.0970458984375,26.901875495910645,33.537109375
training,stacked,,torch,10,ac,passed,,927400704,120,120,extension,experiments/l40s/results/loop-sweep/training-stacked-torch-r064-t10-ac.json,,,,,,,,,,,,,,,,,,,,,,120,120,0,0,float32,477.1194763183594,15.777168273925781,477.1631650000927,374.5587158203125,15.508252143859863,23.296875
training,stacked,,torch,10,none,passed,,927400704,120,120,original,experiments/l40s/results/loop-baseline/training-stacked-torch-t10.json,,,,,,,,,,,,,,,,,,,,,,120,120,0,0,float32,329.662353515625,29.5081787109375,329.72228199651,319.1050211588542,29.523625373840332,37.375
training,stacked,,torch,11,ac,passed,,1012335360,132,132,extension,experiments/l40s/results/loop-sweep/training-stacked-torch-r064-t11-ac.json,,,,,,,,,,,,,,,,,,,,,,132,132,0,0,float32,535.5693969726562,16.961650848388672,535.6079109988059,408.8343912760417,16.766956329345703,25.0
training,stacked,,torch,11,none,passed,,1012335360,132,132,original,experiments/l40s/results/loop-baseline/training-stacked-torch-t11.json,,,,,,,,,,,,,,,,,,,,,,132,132,0,0,float32,358.6529235839844,32.13334655761719,358.7097130002803,347.3636881510417,32.14537525177002,39.408203125
training,stacked,,torch,12,ac,passed,,1097270016,144,144,extension,experiments/l40s/results/loop-sweep/training-stacked-torch-r064-t12-ac.json,,,,,,,,,,,,,,,,,,,,,,144,144,0,0,float32,584.0137939453125,18.36708354949951,584.0516220050631,443.4261474609375,18.026392936706543,27.099609375
training,stacked,,torch,12,none,passed,,1097270016,144,144,original,experiments/l40s/results/loop-baseline/training-stacked-torch-t12.json,,,,,,,,,,,,,,,,,,,,,,144,144,0,0,float32,390.8884582519531,34.754119873046875,390.9315519995289,377.7204996744792,34.76712512969971,43.041015625
training,stacked,,torch,13,ac,passed,,1182204672,156,156,extension,experiments/l40s/results/loop-sweep/training-stacked-torch-r064-t13-ac.json,,,,,,,,,,,,,,,,,,,,,,156,156,0,0,float32,627.7181396484375,19.659476280212402,627.7602550035226,478.9643147786458,19.284364700317383,28.841796875
training,stacked,,torch,13,none,out_of_memory,training_graph,1182204672,156,156,original,experiments/l40s/results/loop-baseline/training-stacked-torch-t13.json,,,,,,,,,,,,,,,,,,,,,,156,156,0,0,float32,420.8650207519531,37.37440490722656,420.90445599751547,,,
training,stacked,,torch,14,ac,passed,,1267139328,168,168,extension,experiments/l40s/results/loop-sweep/training-stacked-torch-r064-t14-ac.json,,,,,,,,,,,,,,,,,,,,,,168,168,0,0,float32,672.8018188476562,20.95248508453369,672.8475669951877,516.841796875,20.543063163757324,30.1796875
training,stacked,,torch,14,none,out_of_memory,training_graph,1267139328,168,168,original,experiments/l40s/results/loop-baseline/training-stacked-torch-t14.json,,,,,,,,,,,,,,,,,,,,,,168,168,0,0,float32,450.1174621582031,39.99761962890625,450.1582149969181,,,
training,stacked,,torch,15,ac,passed,,1352073984,180,180,extension,experiments/l40s/results/loop-sweep/training-stacked-torch-r064-t15-ac.json,,,,,,,,,,,,,,,,,,,,,,180,180,0,0,float32,729.18017578125,22.076048851013184,729.2242069961503,549.0790201822916,21.803958892822266,31.8984375
training,stacked,,torch,15,none,out_of_memory,training_eager,1352073984,180,180,original,experiments/l40s/results/loop-baseline/training-stacked-torch-t15.json,,,,,,,,,,,,,,,,,,,,,,180,180,0,0,float32,,,,,,
training,stacked,,torch,16,ac,passed,,1437008640,192,192,extension,experiments/l40s/results/loop-sweep/training-stacked-torch-r064-t16-ac.json,,,,,,,,,,,,,,,,,,,,,,192,192,0,0,float32,766.5631713867188,23.348541259765625,766.6049779945752,584.958984375,23.060096740722656,33.58203125
training,stacked,,torch,16,none,out_of_memory,training_eager,1437008640,192,192,original,experiments/l40s/results/loop-baseline/training-stacked-torch-t16.json,,,,,,,,,,,,,,,,,,,,,,192,192,0,0,float32,,,,,,
inference,attention_only,,tensor,1,none,passed,,162988800,12,12,research-baseline,experiments/l40s/results/research-baselines/inference-attention_only-tensor-t01-none.json,12.894207954406738,0.9314603805541992,12.921437999466434,7.836671829223633,0.9314603805541992,1.099609375,14.721216201782227,1.1429214477539062,14.744321997568477,8.230229059855143,1.1429214477539062,1.587890625,12.554240226745605,1.0027203559875488,12.577881003380753,0.9738240242004395,1.0027203559875488,1.208984375,144.1409912109375,0.0,235.6875,12,12,0,0,float32,,,,,,
inference,attention_only,,tensor,2,none,passed,,162988800,24,12,research-baseline,experiments/l40s/results/research-baselines/inference-attention_only-tensor-t02-none.json,21.040128707885742,0.9318265914916992,21.062031999463215,11.613812764485678,0.9318265914916992,1.099609375,24.49203109741211,1.4250526428222656,24.5156879973365,12.398250579833984,1.4246864318847656,2.263671875,20.596736907958984,1.1438603401184082,20.61802199750673,1.484458605448405,1.1438603401184082,1.486328125,288.281982421875,0.0,235.6875,24,12,0,0,float32,,,,,,
inference,attention_only,,tensor,3,none,passed,,162988800,36,12,research-baseline,experiments/l40s/results/research-baselines/inference-attention_only-tensor-t03-none.json,28.628992080688477,0.9314603805541992,28.655734000494704,15.316309611002604,0.9314603805541992,1.099609375,33.716224670410156,1.705718994140625,33.739641003194265,16.644437154134113,1.705718994140625,2.904296875,28.022783279418945,1.2842679023742676,28.043999001965858,1.9923307100931804,1.2842679023742676,1.810546875,432.4229736328125,0.0,235.6875,36,12,0,0,float32,,,,,,
inference,attention_only,,tensor,4,none,passed,,162988800,48,12,research-baseline,experiments/l40s/results/research-baselines/inference-attention_only-tensor-t04-none.json,37.23161697387695,0.9318265914916992,37.25293900060933,19.09043248494466,0.9318265914916992,1.099609375,43.45036697387695,1.9878501892089844,43.47390199836809,20.875946044921875,1.9874839782714844,3.490234375,36.005889892578125,1.425407886505127,36.02741199574666,2.501973311106364,1.425407886505127,2.080078125,576.56396484375,0.0,235.6875,48,12,0,0,float32,,,,,,
inference,attention_only,,tensor,5,none,passed,,162988800,60,12,research-baseline,experiments/l40s/results/research-baselines/inference-attention_only-tensor-t05-none.json,46.256126403808594,0.9314603805541992,46.28323599899886,22.681599934895832,0.9314603805541992,1.099609375,53.984256744384766,2.2685165405273438,54.01092499960214,25.0350824991862,2.2685165405273438,4.173828125,44.205055236816406,1.5658154487609863,44.2348399956245,3.0091946919759116,1.5658154487609863,2.404296875,720.7049560546875,0.0,235.6875,60,12,0,0,float32,,,,,,
inference,attention_only,,tensor,6,none,passed,,162988800,72,12,research-baseline,experiments/l40s/results/research-baselines/inference-attention_only-tensor-t06-none.json,53.84601593017578,0.9318265914916992,53.86886600172147,26.502100626627605,0.9318265914916992,1.099609375,64.19369506835938,2.550647735595703,64.21596599830082,29.346817016601562,2.550281524658203,4.763671875,52.59452819824219,1.7069554328918457,52.61633000191068,3.5225601196289062,1.7069554328918457,2.697265625,864.845947265625,0.0,235.6875,72,12,0,0,float32,,,,,,
inference,attention_only,,tensor,7,none,passed,,162988800,84,12,research-baseline,experiments/l40s/results/research-baselines/inference-attention_only-tensor-t07-none.json,63.59142303466797,0.9314603805541992,63.61739899875829,30.287872314453125,0.9314603805541992,1.099609375,76.40064239501953,2.8313140869140625,76.42285399924731,33.64897155761719,2.8313140869140625,5.361328125,61.59052658081055,1.847362995147705,61.61424799938686,4.028415997823079,1.847362995147705,2.998046875,1008.9869384765625,0.0,235.6875,84,12,0,0,float32,,,,,,
inference,attention_only,,tensor,8,none,passed,,162988800,96,12,research-baseline,experiments/l40s/results/research-baselines/inference-attention_only-tensor-t08-none.json,70.81974029541016,0.9318265914916992,70.84683500579558,33.84045918782552,0.9318265914916992,1.099609375,83.44780731201172,3.113445281982422,83.47302699985448,37.61186218261719,3.113079071044922,5.951171875,68.2988510131836,1.9885029792785645,68.32330400357023,4.535296122233073,1.9885029792785645,3.291015625,1153.1279296875,0.0,235.6875,96,12,0,0,float32,,,,,,
inference,attention_only,,tensor,9,none,passed,,162988800,108,12,research-baseline,experiments/l40s/results/research-baselines/inference-attention_only-tensor-t09-none.json,80.06246185302734,0.9314603805541992,80.0870590028353,37.494102478027344,0.9314603805541992,1.099609375,94.62169647216797,3.3941116333007812,94.64478000154486,41.76486460367838,3.3941116333007812,6.568359375,76.48051452636719,2.128910541534424,76.50447099877056,5.0418345133463545,2.128910541534424,3.591796875,1297.2689208984375,0.0,235.6875,108,12,0,0,float32,,,,,,
inference,attention_only,,tensor,10,none,passed,,162988800,120,12,research-baseline,experiments/l40s/results/research-baselines/inference-attention_only-tensor-t10-none.json,85.25414276123047,0.9318265914916992,85.2757600005134,41.108479817708336,0.9318265914916992,1.099609375,100.99100494384766,3.6762428283691406,101.01793200010434,46.19161478678385,3.6758766174316406,7.138671875,84.52301025390625,2.270050525665283,84.55121899896767,5.554858525594075,2.270050525665283,3.884765625,1441.409912109375,0.0,235.6875,120,12,0,0,float32,,,,,,
inference,attention_only,,tensor,11,none,passed,,162988800,132,12,research-baseline,experiments/l40s/results/research-baselines/inference-attention_only-tensor-t11-none.json,94.93708801269531,0.9314603805541992,94.96111999760615,44.91605122884115,0.9314603805541992,1.099609375,111.34982299804688,3.9569091796875,111.39298700436484,50.12373352050781,3.9569091796875,7.736328125,91.56607818603516,2.4104580879211426,91.58921500056749,6.061397552490234,2.4104580879211426,4.185546875,1585.5509033203125,0.0,235.6875,132,12,0,0,float32,,,,,,
inference,attention_only,,tensor,12,none,passed,,162988800,144,12,research-baseline,experiments/l40s/results/research-baselines/inference-attention_only-tensor-t12-none.json,105.39225769042969,0.9318265914916992,105.41432299942244,48.66082255045573,0.9318265914916992,1.099609375,125.00889587402344,4.239040374755859,125.04040200292366,54.410176595052086,4.238674163818359,8.326171875,106.51667022705078,2.551598072052002,106.54081300162943,6.570325215657552,2.551598072052002,4.478515625,1729.69189453125,0.0,235.6875,144,12,0,0,float32,,,,,,
inference,attention_only,,tensor,13,none,passed,,162988800,156,12,research-baseline,experiments/l40s/results/research-baselines/inference-attention_only-tensor-t13-none.json,115.81132507324219,0.9314603805541992,115.83353499736404,52.3697509765625,0.9314603805541992,1.099609375,134.2607421875,4.519706726074219,134.29121800436405,58.63867696126302,4.519706726074219,8.923828125,108.0791015625,2.6920056343078613,108.10875600145664,7.0795949300130205,2.6920056343078613,4.779296875,1873.8328857421875,0.0,235.6875,156,12,0,0,float32,,,,,,
inference,attention_only,,tensor,14,none,passed,,162988800,168,12,research-baseline,experiments/l40s/results/research-baselines/inference-attention_only-tensor-t14-none.json,117.87468719482422,0.9318265914916992,117.90169500454795,56.27631123860677,0.9318265914916992,1.099609375,140.57472229003906,4.801837921142578,140.6220559947542,63.184855143229164,4.801471710205078,9.513671875,120.44204711914062,2.8331456184387207,120.4654280008981,7.591882705688477,2.8331456184387207,5.072265625,2017.973876953125,0.0,235.6875,168,12,0,0,float32,,,,,,
inference,attention_only,,tensor,15,none,passed,,162988800,180,12,research-baseline,experiments/l40s/results/research-baselines/inference-attention_only-tensor-t15-none.json,135.88890075683594,0.9314603805541992,135.91650200396543,60.163411458333336,0.9314603805541992,1.099609375,152.27392578125,5.0825042724609375,152.3150600041845,67.71063232421875,5.0825042724609375,10.130859375,121.79145812988281,2.97355318069458,121.81469300412573,8.113834381103516,2.97355318069458,5.373046875,2162.1148681640625,0.0,235.6875,180,12,0,0,float32,,,,,,
inference,attention_only,,tensor,16,none,passed,,162988800,192,12,research-baseline,experiments/l40s/results/research-baselines/inference-attention_only-tensor-t16-none.json,140.62489318847656,0.9318265914916992,140.64708599471487,63.465474446614586,0.9318265914916992,1.099609375,164.52928161621094,5.364635467529297,164.56177399959415,71.08164469401042,5.364269256591797,10.701171875,134.90074157714844,3.1146931648254395,134.92372501059435,8.601941426595053,3.1146931648254395,5.666015625,2306.255859375,0.0,235.6875,192,12,0,0,float32,,,,,,
inference,attention_only,,torch,1,none,passed,,162988800,12,12,research-baseline,experiments/l40s/results/research-baselines/inference-attention_only-torch-t01-none.json,7.446688175201416,0.9382963180541992,7.475599006284028,7.003136316935222,0.9462308883666992,1.130859375,7.972864151000977,1.1497459411621094,8.005720999790356,7.4386240641276045,1.1576805114746094,1.615234375,6.281216144561768,1.0095248222351074,6.3031099998624995,1.3271040121714275,1.0174593925476074,1.240234375,144.140625,0.0,235.6875,12,12,0,0,float32,,,,,,
inference,attention_only,,torch,2,none,passed,,162988800,24,12,research-baseline,experiments/l40s/results/research-baselines/inference-attention_only-torch-t02-none.json,10.891263961791992,0.9390287399291992,10.913631995208561,10.28334935506185,0.9469633102416992,1.107421875,11.933695793151855,1.4318656921386719,11.957678994804155,11.010389963785807,1.4398002624511719,2.294921875,10.24512004852295,1.15101957321167,10.274125997966621,2.0753067334493003,1.15895414352417,1.541015625,288.28125,0.0,235.6875,24,12,0,0,float32,,,,,,
inference,attention_only,,torch,3,none,passed,,162988800,36,12,research-baseline,experiments/l40s/results/research-baselines/inference-attention_only-torch-t03-none.json,14.734335899353027,0.9382963180541992,14.754512994841207,13.593940734863281,0.9462308883666992,1.130859375,16.234495162963867,1.7125205993652344,16.25660600257106,14.866090138753256,1.7204551696777344,2.927734375,14.566304206848145,1.2910494804382324,14.58770599856507,2.8170239130655923,1.2989840507507324,1.818359375,432.421875,0.0,235.6875,36,12,0,0,float32,,,,,,
inference,attention_only,,torch,4,none,passed,,162988800,48,12,research-baseline,experiments/l40s/results/research-baselines/inference-attention_only-torch-t04-none.json,18.287616729736328,0.9390287399291992,18.33319199795369,16.974165598551433,0.9469633102416992,1.107421875,20.563968658447266,1.9946403503417969,20.58557300188113,18.672640482584637,2.002574920654297,3.560546875,18.23744010925293,1.432544231414795,18.258178999531083,3.5618133544921875,1.440478801727295,2.134765625,576.5625,0.0,235.6875,48,12,0,0,float32,,,,,,
inference,attention_only,,torch,5,none,passed,,162988800,60,12,research-baseline,experiments/l40s/results/research-baselines/inference-attention_only-torch-t05-none.json,22.26790428161621,0.9382963180541992,22.289114000159316,20.030804951985676,0.9462308883666992,1.130859375,25.350143432617188,2.2752952575683594,25.385364999237936,22.15355682373047,2.2832298278808594,4.201171875,22.384607315063477,1.5725741386413574,22.406746000342537,4.304554621378581,1.5805087089538574,2.435546875,720.703125,0.0,235.6875,60,12,0,0,float32,,,,,,
inference,attention_only,,torch,6,none,passed,,162988800,72,12,research-baseline,experiments/l40s/results/research-baselines/inference-attention_only-torch-t06-none.json,25.74233627319336,0.9390287399291992,25.788858001760673,23.317161560058594,0.9469633102416992,1.107421875,29.271039962768555,2.557415008544922,29.292894003447145,26.032127380371094,2.565349578857422,4.830078125,25.602048873901367,1.71406888961792,25.622692999604624,5.058218638102214,1.72200345993042,2.728515625,864.84375,0.0,235.6875,72,12,0,0,float32,,,,,,
inference,attention_only,,torch,7,none,passed,,162988800,84,12,research-baseline,experiments/l40s/results/research-baselines/inference-attention_only-torch-t07-none.json,31.006752014160156,0.9382963180541992,31.029222001961898,26.64208984375,0.9462308883666992,1.130859375,33.85036849975586,2.8380699157714844,33.874123997520655,29.912747701009113,2.8460044860839844,5.388671875,29.603839874267578,1.8540987968444824,29.627226998854894,5.799253463745117,1.8620333671569824,3.029296875,1008.984375,0.0,235.6875,84,12,0,0,float32,,,,,,
inference,attention_only,,torch,8,none,passed,,162988800,96,12,research-baseline,experiments/l40s/results/research-baselines/inference-attention_only-torch-t08-none.json,35.86764907836914,0.9390287399291992,35.90991500095697,29.6802978515625,0.9469633102416992,1.107421875,40.434688568115234,3.120189666748047,40.463374003593344,33.26976013183594,3.128124237060547,5.978515625,34.139007568359375,1.995593547821045,34.16096599539742,6.54097048441569,2.003528118133545,3.322265625,1153.125,0.0,235.6875,96,12,0,0,float32,,,,,,
inference,attention_only,,torch,9,none,passed,,162988800,108,12,research-baseline,experiments/l40s/results/research-baselines/inference-attention_only-torch-t09-none.json,38.53721618652344,0.9382963180541992,38.561171997571364,32.81168111165365,0.9462308883666992,1.130859375,42.78681564331055,3.4008445739746094,42.816243003471754,36.87867736816406,3.4087791442871094,6.615234375,37.3309440612793,2.1356234550476074,37.3542239976814,7.28541882832845,2.1435580253601074,3.623046875,1297.265625,0.0,235.6875,108,12,0,0,float32,,,,,,
inference,attention_only,,torch,10,none,passed,,162988800,120,12,research-baseline,experiments/l40s/results/research-baselines/inference-attention_only-torch-t10-none.json,42.35059356689453,0.9390287399291992,42.37169000407448,36.49263000488281,0.9469633102416992,1.107421875,49.562625885009766,3.682964324951172,49.59755899471929,41.050793965657554,3.690898895263672,7.166015625,42.53184127807617,2.27711820602417,42.57033400062937,8.030143737792969,2.28505277633667,3.916015625,1441.40625,0.0,235.6875,120,12,0,0,float32,,,,,,
inference,attention_only,,torch,11,none,passed,,162988800,132,12,research-baseline,experiments/l40s/results/research-baselines/inference-attention_only-torch-t11-none.json,48.071678161621094,0.9382963180541992,48.093492005136795,39.30077870686849,0.9462308883666992,1.130859375,53.195777893066406,3.9636192321777344,53.22640200029127,44.282877604166664,3.9715538024902344,7.763671875,47.085567474365234,2.4171481132507324,47.10996900394093,8.77294921875,2.4250826835632324,4.216796875,1585.546875,0.0,235.6875,132,12,0,0,float32,,,,,,
inference,attention_only,,torch,12,none,passed,,162988800,144,12,research-baseline,experiments/l40s/results/research-baselines/inference-attention_only-torch-t12-none.json,50.41459274291992,0.9390287399291992,50.43933499837294,42.692606608072914,0.9469633102416992,1.107421875,56.590335845947266,4.245738983154297,56.62374800158432,48.149495442708336,4.253673553466797,8.392578125,50.7770881652832,2.558642864227295,50.80036399886012,9.519765218098959,2.566577434539795,4.509765625,1729.6875,0.0,235.6875,144,12,0,0,float32,,,,,,
inference,attention_only,,torch,13,none,passed,,162988800,156,12,research-baseline,experiments/l40s/results/research-baselines/inference-attention_only-torch-t13-none.json,54.381568908691406,0.9382963180541992,54.40328300028341,45.91718546549479,0.9462308883666992,1.130859375,60.732574462890625,4.526393890380859,60.772053999244235,52.001790364583336,4.534328460693359,8.951171875,53.06470489501953,2.6986727714538574,53.10344899771735,10.26146125793457,2.7066073417663574,4.810546875,1873.828125,0.0,235.6875,156,12,0,0,float32,,,,,,
inference,attention_only,,torch,14,none,passed,,162988800,168,12,research-baseline,experiments/l40s/results/research-baselines/inference-attention_only-torch-t14-none.json,56.41932678222656,0.9390287399291992,56.44237099477323,49.617919921875,0.9469633102416992,1.107421875,64.86822509765625,4.808513641357422,64.90810800460167,56.086527506510414,4.816448211669922,9.541015625,56.720542907714844,2.84016752243042,56.743330002063885,11.017898559570312,2.84810209274292,5.103515625,2017.96875,0.0,235.6875,168,12,0,0,float32,,,,,,
inference,attention_only,,torch,15,none,passed,,162988800,180,12,research-baseline,experiments/l40s/results/research-baselines/inference-attention_only-torch-t15-none.json,62.5346565246582,0.9382963180541992,62.556886005040724,52.9090576171875,0.9462308883666992,1.130859375,70.77069091796875,5.089168548583984,70.80398600373883,59.7947743733724,5.097103118896484,10.177734375,67.14559936523438,2.9801974296569824,67.16829199285712,11.760981241861979,2.9881319999694824,5.404296875,2162.109375,0.0,235.6875,180,12,0,0,float32,,,,,,
inference,attention_only,,torch,16,none,passed,,162988800,192,12,research-baseline,experiments/l40s/results/research-baselines/inference-attention_only-torch-t16-none.json,70.60070037841797,0.9390287399291992,70.62934500572737,55.53868611653646,0.9469633102416992,1.107421875,74.72838592529297,5.371288299560547,74.7594980057329,63.115946451822914,5.379222869873047,10.728515625,68.8199691772461,3.121692180633545,68.84586499654688,12.496554056803385,3.129626750946045,5.697265625,2306.25,0.0,235.6875,192,12,0,0,float32,,,,,,
inference,grt,,tensor,1,none,passed,,165960960,12,12,research-baseline,experiments/l40s/results/research-baselines/inference-grt-tensor-t01-none.json,12.44979190826416,1.0245723724365234,12.473276001401246,8.014506657918295,1.0245723724365234,1.201171875,14.18841552734375,1.1598615646362305,14.210139997885562,8.461311976114908,1.1598615646362305,1.603515625,12.037152290344238,1.0196833610534668,12.06337999610696,0.9878186384836832,1.0196833610534668,1.228515625,144.1409912109375,0.0,241.3125,12,12,1,1,bfloat16,,,,,,
inference,grt,,tensor,2,none,passed,,165960960,20,12,research-baseline,experiments/l40s/results/research-baselines/inference-grt-tensor-t02-none.json,19.787776947021484,1.0362911224365234,19.80990800075233,13.266591389973959,1.0362911224365234,1.236328125,22.75209617614746,1.3474607467651367,22.777455997129437,14.044843037923178,1.3474607467651367,2.087890625,19.352575302124023,1.11354398727417,19.3755290019908,1.5366826057434082,1.11354398727417,1.443359375,240.2349853515625,0.0,241.3125,20,20,2,2,bfloat16,,,,,,
inference,grt,,tensor,3,none,passed,,165960960,28,12,research-baseline,experiments/l40s/results/research-baselines/inference-grt-tensor-t03-none.json,28.057472229003906,1.0362911224365234,28.07930099515943,18.457258860270183,1.0362911224365234,1.236328125,31.905792236328125,1.535059928894043,31.930862001900095,19.590794881184895,1.535059928894043,2.529296875,26.93836784362793,1.2073931694030762,26.963932999933604,2.0882773399353027,1.2073931694030762,1.634765625,336.3289794921875,0.0,241.3125,28,28,3,3,bfloat16,,,,,,
inference,grt,,tensor,4,none,passed,,165960960,36,12,research-baseline,experiments/l40s/results/research-baselines/inference-grt-tensor-t04-none.json,35.25734329223633,1.0362911224365234,35.28061199904187,23.533182779947918,1.0362911224365234,1.236328125,39.87968063354492,1.7226591110229492,39.903501005028374,24.97638448079427,1.7226591110229492,2.951171875,34.52617645263672,1.3012423515319824,34.54827400128124,2.637824058532715,1.3012423515319824,1.826171875,432.4229736328125,0.0,241.3125,36,36,4,4,bfloat16,,,,,,
inference,grt,,tensor,5,none,passed,,165960960,44,12,research-baseline,experiments/l40s/results/research-baselines/inference-grt-tensor-t05-none.json,41.5365104675293,1.0362911224365234,41.56121800042456,28.838218688964844,1.0362911224365234,1.236328125,47.543296813964844,1.9102582931518555,47.567742003593594,30.62749989827474,1.9102582931518555,3.412109375,40.21964645385742,1.3950915336608887,40.244415002234746,3.189077377319336,1.3950915336608887,2.037109375,528.5169677734375,0.0,241.3125,44,44,5,5,bfloat16,,,,,,
inference,grt,,tensor,6,none,passed,,165960960,52,12,research-baseline,experiments/l40s/results/research-baselines/inference-grt-tensor-t06-none.json,50.58969497680664,1.0362911224365234,50.61286099953577,34.28010559082031,1.0362911224365234,1.236328125,57.797630310058594,2.0978574752807617,57.82213200291153,36.40968577067057,2.0978574752807617,3.873046875,49.537025451660156,1.488940715789795,49.566944006073754,3.736234664916992,1.488940715789795,2.228515625,624.6109619140625,0.0,241.3125,52,52,6,6,bfloat16,,,,,,
inference,grt,,tensor,7,none,passed,,165960960,60,12,research-baseline,experiments/l40s/results/research-baselines/inference-grt-tensor-t07-none.json,59.10835266113281,1.0362911224365234,59.13814600353362,39.532203674316406,1.0362911224365234,1.236328125,65.002685546875,2.285456657409668,65.02789500518702,42.007893880208336,2.285456657409668,4.314453125,57.8232307434082,1.5827898979187012,57.84564100031275,4.286805470784505,1.5827898979187012,2.419921875,720.7049560546875,0.0,241.3125,60,60,7,7,bfloat16,,,,,,
inference,grt,,tensor,8,none,passed,,165960960,68,12,research-baseline,experiments/l40s/results/research-baselines/inference-grt-tensor-t08-none.json,66.25273895263672,1.0362911224365234,66.27892299729865,44.84539794921875,1.0362911224365234,1.236328125,77.27922821044922,2.473055839538574,77.30111999990186,47.59347025553385,2.473055839538574,4.775390625,63.289344787597656,1.6766390800476074,63.31862099614227,4.842154820760091,1.6766390800476074,2.630859375,816.7989501953125,0.0,241.3125,68,68,8,8,bfloat16,,,,,,
inference,grt,,tensor,9,none,passed,,165960960,76,12,research-baseline,experiments/l40s/results/research-baselines/inference-grt-tensor-t09-none.json,71.26214599609375,1.0362911224365234,71.2872910007718,49.816914876302086,1.0362911224365234,1.236328125,80.30719757080078,2.6606550216674805,80.32981999713229,52.972147623697914,2.6606550216674805,5.216796875,68.16563415527344,1.7704882621765137,68.18779899913352,5.381120045979817,1.7704882621765137,2.822265625,912.8929443359375,0.0,241.3125,76,76,9,9,bfloat16,,,,,,
inference,grt,,tensor,10,none,passed,,165960960,84,12,research-baseline,experiments/l40s/results/research-baselines/inference-grt-tensor-t10-none.json,81.85343933105469,1.0362911224365234,81.87592000467703,55.07515970865885,1.0362911224365234,1.236328125,93.77792358398438,2.8482542037963867,93.79960499791196,58.50760396321615,2.8482542037963867,5.658203125,79.61190032958984,1.86433744430542,79.63573600136442,5.928618748982747,1.86433744430542,3.013671875,1008.9869384765625,0.0,241.3125,84,84,10,10,bfloat16,,,,,,
inference,grt,,tensor,11,none,passed,,165960960,92,12,research-baseline,experiments/l40s/results/research-baselines/inference-grt-tensor-t11-none.json,87.05433654785156,1.0362911224365234,87.07960799802095,60.27946472167969,1.0362911224365234,1.236328125,102.32332611083984,3.035853385925293,102.34787000081269,64.09314982096355,3.035853385925293,6.119140625,89.25389099121094,1.9581866264343262,89.27980000589741,6.483285268147786,1.9581866264343262,3.224609375,1105.0809326171875,0.0,241.3125,92,92,11,11,bfloat16,,,,,,
inference,grt,,tensor,12,none,passed,,165960960,100,12,research-baseline,experiments/l40s/results/research-baselines/inference-grt-tensor-t12-none.json,93.49427032470703,1.0362911224365234,93.51520999916829,65.45271301269531,1.0362911224365234,1.236328125,105.03167724609375,3.223452568054199,105.05470700445585,69.60810852050781,3.223452568054199,6.560546875,89.07673645019531,2.0520358085632324,89.09953400143422,7.026325225830078,2.0520358085632324,3.416015625,1201.1749267578125,0.0,241.3125,100,100,12,12,bfloat16,,,,,,
inference,grt,,tensor,13,none,passed,,165960960,108,12,research-baseline,experiments/l40s/results/research-baselines/inference-grt-tensor-t13-none.json,104.57804870605469,1.0362911224365234,104.59960000298452,70.77000427246094,1.0362911224365234,1.236328125,118.71539306640625,3.4110517501831055,118.76551399473101,75.30393473307292,3.4110517501831055,7.001953125,101.27359771728516,2.1458849906921387,101.297645996965,7.576576232910156,2.1458849906921387,3.607421875,1297.2689208984375,0.0,241.3125,108,108,13,13,bfloat16,,,,,,
inference,grt,,tensor,14,none,passed,,165960960,116,12,research-baseline,experiments/l40s/results/research-baselines/inference-grt-tensor-t14-none.json,114.66342163085938,1.0362911224365234,114.68633400363615,76.05623372395833,1.0362911224365234,1.236328125,129.64959716796875,3.5986509323120117,129.67367799865315,80.94822184244792,3.5986509323120117,7.462890625,105.55084991455078,2.239734172821045,105.57413300557528,8.130559921264648,2.239734172821045,3.818359375,1393.3629150390625,0.0,241.3125,116,116,14,14,bfloat16,,,,,,
inference,grt,,tensor,15,none,passed,,165960960,124,12,research-baseline,experiments/l40s/results/research-baselines/inference-grt-tensor-t15-none.json,118.64969635009766,1.0362911224365234,118.6712519993307,83.97341918945312,1.0362911224365234,1.236328125,136.2677764892578,3.786250114440918,136.2899939995259,87.8376973470052,3.786250114440918,7.904296875,115.54303741455078,2.333583354949951,115.57015099970158,8.69102923075358,2.333583354949951,4.009765625,1489.4569091796875,0.0,241.3125,124,124,15,15,bfloat16,,,,,,
inference,grt,,tensor,16,none,passed,,165960960,132,12,research-baseline,experiments/l40s/results/research-baselines/inference-grt-tensor-t16-none.json,131.35360717773438,1.0362911224365234,131.38579099904746,89.07468668619792,1.0362911224365234,1.236328125,157.7646026611328,3.973849296569824,157.81401499407366,94.15469360351562,3.973849296569824,8.345703125,125.72978973388672,2.4274325370788574,125.7569129957119,9.240234375,2.4274325370788574,4.201171875,1585.5509033203125,0.0,241.3125,132,132,16,16,bfloat16,,,,,,
inference,grt,,torch,1,none,passed,,165960960,12,12,research-baseline,experiments/l40s/results/research-baselines/inference-grt-torch-t01-none.json,7.616511821746826,1.0343379974365234,7.640041003469378,7.255722681681315,1.0422725677490234,1.244140625,8.128671646118164,1.1696157455444336,8.156431998941116,7.670442581176758,1.1775503158569336,1.642578125,5.891071796417236,1.0294175148010254,5.912817003263626,1.2980906963348389,1.0373520851135254,1.255859375,144.140625,0.0,241.3125,12,12,1,1,bfloat16,,,,,,
inference,grt,,torch,2,none,passed,,165960960,20,12,research-baseline,experiments/l40s/results/research-baselines/inference-grt-torch-t02-none.json,12.80508804321289,1.0453243255615234,12.831220003135968,12.269908905029297,1.0532588958740234,1.267578125,13.606911659240723,1.3564748764038086,13.629517001390923,12.92629369099935,1.3644094467163086,2.076171875,9.612288475036621,1.1225380897521973,9.632955006964039,2.1015893618265786,1.1304726600646973,1.455078125,240.234375,0.0,241.3125,20,20,2,2,bfloat16,,,,,,
inference,grt,,torch,3,none,passed,,165960960,28,12,research-baseline,experiments/l40s/results/research-baselines/inference-grt-torch-t03-none.json,17.843008041381836,1.0453243255615234,17.870190997200552,17.054720560709637,1.0532588958740234,1.267578125,18.910144805908203,1.5440664291381836,18.93953900435008,17.99679946899414,1.5520009994506836,2.517578125,13.015040397644043,1.2163796424865723,13.036112999543548,2.904063860575358,1.2243142127990723,1.666015625,336.328125,0.0,241.3125,28,28,3,3,bfloat16,,,,,,
inference,grt,,torch,4,none,passed,,165960960,36,12,research-baseline,experiments/l40s/results/research-baselines/inference-grt-torch-t04-none.json,22.907840728759766,1.0453243255615234,22.934282998903655,21.917012532552082,1.0532588958740234,1.267578125,24.27903938293457,1.7316579818725586,24.31032699678326,23.1724370320638,1.7395925521850586,2.978515625,16.98099136352539,1.3102211952209473,17.002423002850264,3.7068799336751304,1.3181557655334473,1.857421875,432.421875,0.0,241.3125,36,36,4,4,bfloat16,,,,,,
inference,grt,,torch,5,none,passed,,165960960,44,12,research-baseline,experiments/l40s/results/research-baselines/inference-grt-torch-t05-none.json,27.777023315429688,1.0453243255615234,27.807321996078826,26.64618682861328,1.0532588958740234,1.267578125,29.452224731445312,1.9192495346069336,29.482573001587298,28.162729899088543,1.9271841049194336,3.439453125,20.729856491088867,1.4040627479553223,20.750260999193415,4.508330663045247,1.4119973182678223,2.068359375,528.515625,0.0,241.3125,44,44,5,5,bfloat16,,,,,,
inference,grt,,torch,6,none,passed,,165960960,52,12,research-baseline,experiments/l40s/results/research-baselines/inference-grt-torch-t06-none.json,33.08134460449219,1.0453243255615234,33.11545099859359,31.831380208333332,1.0532588958740234,1.267578125,35.148799896240234,2.1068410873413086,35.19450200110441,33.633280436197914,2.1147756576538086,3.880859375,23.377887725830078,1.4979043006896973,23.41282799898181,5.315925280253093,1.5058388710021973,2.259765625,624.609375,0.0,241.3125,52,52,6,6,bfloat16,,,,,,
inference,grt,,torch,7,none,passed,,165960960,60,12,research-baseline,experiments/l40s/results/research-baselines/inference-grt-torch-t07-none.json,38.23923110961914,1.0453243255615234,38.267891002760734,36.78173828125,1.0532588958740234,1.267578125,40.56576156616211,2.2944326400756836,40.59460800635861,38.96080017089844,2.3023672103881836,4.341796875,27.73504066467285,1.5917458534240723,27.75903500150889,6.118399937947591,1.5996804237365723,2.451171875,720.703125,0.0,241.3125,60,60,7,7,bfloat16,,,,,,
inference,grt,,torch,8,none,passed,,165960960,68,12,research-baseline,experiments/l40s/results/research-baselines/inference-grt-torch-t08-none.json,43.23628616333008,1.0453243255615234,43.2662250022986,41.43274688720703,1.0532588958740234,1.267578125,45.690879821777344,2.4820241928100586,45.72176500369096,43.76507568359375,2.4899587631225586,4.802734375,32.95232009887695,1.6855874061584473,32.97346700128401,6.914389292399089,1.6935219764709473,2.662109375,816.796875,0.0,241.3125,68,68,8,8,bfloat16,,,,,,
inference,grt,,torch,9,none,passed,,165960960,76,12,research-baseline,experiments/l40s/results/research-baselines/inference-grt-torch-t09-none.json,47.980350494384766,1.0453243255615234,48.00784699909855,46.21721394856771,1.0532588958740234,1.267578125,50.91932678222656,2.6696157455444336,50.949254000443034,48.76731872558594,2.6775503158569336,5.224609375,35.77558517456055,1.7794289588928223,35.800903002382256,7.715840021769206,1.7873635292053223,2.853515625,912.890625,0.0,241.3125,76,76,9,9,bfloat16,,,,,,
inference,grt,,torch,10,none,passed,,165960960,84,12,research-baseline,experiments/l40s/results/research-baselines/inference-grt-torch-t10-none.json,53.27769470214844,1.0453243255615234,53.31731700425735,51.2300059000651,1.0532588958740234,1.267578125,56.52703857421875,2.8572072982788086,56.55904499872122,54.14702860514323,2.8651418685913086,5.685546875,38.573055267333984,1.8732705116271973,38.59439799998654,8.520992279052734,1.8812050819396973,3.044921875,1008.984375,0.0,241.3125,84,84,10,10,bfloat16,,,,,,
inference,grt,,torch,11,none,passed,,165960960,92,12,research-baseline,experiments/l40s/results/research-baselines/inference-grt-torch-t11-none.json,65.4755859375,1.0453243255615234,65.5135579945636,55.81585184733073,1.0532588958740234,1.267578125,61.504512786865234,3.0447988510131836,61.54576500557596,59.00458780924479,3.0527334213256836,6.146484375,41.422847747802734,1.9671120643615723,41.44533799990313,9.326250712076822,1.9750466346740723,3.255859375,1105.078125,0.0,241.3125,92,92,11,11,bfloat16,,,,,,
inference,grt,,torch,12,none,passed,,165960960,100,12,research-baseline,experiments/l40s/results/research-baselines/inference-grt-torch-t12-none.json,63.41007995605469,1.0453243255615234,63.4391260027769,60.91226704915365,1.0532588958740234,1.267578125,67.17142486572266,3.2323904037475586,67.2043209997355,64.45977783203125,3.2403249740600586,6.568359375,45.84038543701172,2.0609536170959473,45.86338499939302,10.12940788269043,2.0688881874084473,3.447265625,1201.171875,0.0,241.3125,100,100,12,12,bfloat16,,,,,,
inference,grt,,torch,13,none,passed,,165960960,108,12,research-baseline,experiments/l40s/results/research-baselines/inference-grt-torch-t13-none.json,68.38179016113281,1.0453243255615234,68.41136300499784,65.82886250813802,1.0532588958740234,1.267578125,72.57894134521484,3.4199819564819336,72.61012600065442,69.7139180501302,3.4279165267944336,7.029296875,48.119808197021484,2.1547951698303223,48.141264996957034,10.93014399210612,2.1627297401428223,3.638671875,1297.265625,0.0,241.3125,108,108,13,13,bfloat16,,,,,,
inference,grt,,torch,14,none,passed,,165960960,116,12,research-baseline,experiments/l40s/results/research-baselines/inference-grt-torch-t14-none.json,73.38700866699219,1.0453243255615234,73.43908999609994,70.82734680175781,1.0532588958740234,1.267578125,77.9130859375,3.6075735092163086,77.94407800247427,74.75677998860677,3.6155080795288086,7.490234375,53.733375549316406,2.2486367225646973,53.757064997626,11.729237874348959,2.2565712928771973,3.849609375,1393.359375,0.0,241.3125,116,116,14,14,bfloat16,,,,,,
inference,grt,,torch,15,none,passed,,165960960,124,12,research-baseline,experiments/l40s/results/research-baselines/inference-grt-torch-t15-none.json,78.84595489501953,1.0453243255615234,78.88323899533134,75.91560363769531,1.0532588958740234,1.267578125,83.42015838623047,3.7951650619506836,83.46998199704103,80.32836405436198,3.8030996322631836,7.912109375,57.659393310546875,2.3424782752990723,57.682161997945514,12.538495381673178,2.3504128456115723,4.041015625,1489.453125,0.0,241.3125,124,124,15,15,bfloat16,,,,,,
inference,grt,,torch,16,none,passed,,165960960,132,12,research-baseline,experiments/l40s/results/research-baselines/inference-grt-torch-t16-none.json,84.12876892089844,1.0453243255615234,84.16231800219975,80.89122009277344,1.0532588958740234,1.267578125,89.26617431640625,3.9827566146850586,89.29663000162691,85.84499104817708,3.9906911849975586,8.373046875,61.34681701660156,2.4363198280334473,61.38391199056059,13.346815745035807,2.4442543983459473,4.232421875,1585.546875,0.0,241.3125,132,132,16,16,bfloat16,,,,,,
inference,lpt,,tensor,1,none,passed,,162988800,12,12,research-baseline,experiments/l40s/results/research-baselines/inference-lpt-tensor-t01-none.json,12.698464393615723,1.1128568649291992,12.720052000076976,7.827114741007487,1.1128568649291992,1.400390625,14.172160148620605,1.1426773071289062,14.193597999110352,8.258218765258789,1.1426773071289062,1.556640625,12.444512367248535,1.0024762153625488,12.46453700150596,0.976213296254476,1.0024762153625488,1.205078125,144.1409912109375,0.0,235.6875,12,12,0,0,float32,,,,,,
inference,lpt,,tensor,2,none,passed,,162988800,24,12,research-baseline,experiments/l40s/results/research-baselines/inference-lpt-tensor-t02-none.json,24.888320922851562,1.1245756149291992,24.909250998462085,16.022869110107422,1.1245756149291992,1.423828125,28.97305679321289,1.2929725646972656,28.997332003200427,16.676522572835285,1.2929725646972656,1.857421875,24.143871307373047,1.0114140510559082,24.169559001165908,1.8148694038391113,1.0114140510559082,1.35546875,153.281982421875,0.0,235.6875,24,24,0,0,float32,,,,,,
inference,lpt,,tensor,3,none,passed,,162988800,36,12,research-baseline,experiments/l40s/results/research-baselines/inference-lpt-tensor-t03-none.json,36.50969696044922,1.1245756149291992,36.53229199699126,24.247296651204426,1.1245756149291992,1.423828125,42.61062240600586,1.442535400390625,42.63891899609007,25.081514994303387,1.442535400390625,2.158203125,35.766143798828125,1.0203518867492676,35.788200999377295,2.6466986338297525,1.0203518867492676,1.505859375,162.4229736328125,0.0,235.6875,36,36,0,0,float32,,,,,,
inference,lpt,,tensor,4,none,passed,,162988800,48,12,research-baseline,experiments/l40s/results/research-baselines/inference-lpt-tensor-t04-none.json,48.91340637207031,1.1245756149291992,48.93452000396792,32.501078287760414,1.1245756149291992,1.423828125,57.336830139160156,1.5920982360839844,57.36896199960029,33.57559458414713,1.5920982360839844,2.458984375,47.025150299072266,1.029289722442627,47.0568570017349,3.4802347819010415,1.029289722442627,1.65625,171.56396484375,0.0,235.6875,48,48,0,0,float32,,,,,,
inference,lpt,,tensor,5,none,passed,,162988800,60,12,research-baseline,experiments/l40s/results/research-baselines/inference-lpt-tensor-t05-none.json,62.0503044128418,1.1245756149291992,62.072299006104004,40.93948872884115,1.1245756149291992,1.423828125,72.24422454833984,1.7416610717773438,72.26883700059261,42.206207275390625,1.7416610717773438,2.755859375,58.97520065307617,1.0382275581359863,58.997920001274906,4.321621259053548,1.0382275581359863,1.8046875,180.7049560546875,0.0,235.6875,60,60,0,0,float32,,,,,,
inference,lpt,,tensor,6,none,passed,,162988800,72,12,research-baseline,experiments/l40s/results/research-baselines/inference-lpt-tensor-t06-none.json,74.38642883300781,1.1245756149291992,74.41074499365641,49.163604736328125,1.1245756149291992,1.423828125,86.24639892578125,1.8912239074707031,86.27126600185875,50.69721476236979,1.8912239074707031,3.056640625,70.02623748779297,1.0471653938293457,70.04940500337398,5.151061375935872,1.0471653938293457,1.955078125,189.845947265625,0.0,235.6875,72,72,0,0,float32,,,,,,
inference,lpt,,tensor,7,none,passed,,162988800,84,12,research-baseline,experiments/l40s/results/research-baselines/inference-lpt-tensor-t07-none.json,85.36473846435547,1.1245756149291992,85.38846600276884,57.48872375488281,1.1245756149291992,1.423828125,98.5169906616211,2.0407867431640625,98.54268100025365,59.25751241048177,2.0407867431640625,3.357421875,81.21548461914062,1.056103229522705,81.23802600312047,5.985962549845378,1.056103229522705,2.10546875,198.9869384765625,0.0,235.6875,84,84,0,0,float32,,,,,,
inference,lpt,,tensor,8,none,passed,,162988800,96,12,research-baseline,experiments/l40s/results/research-baselines/inference-lpt-tensor-t08-none.json,101.82950592041016,1.1245756149291992,101.85230399656575,65.87358093261719,1.1245756149291992,1.423828125,117.94534301757812,2.190349578857422,117.9721119988244,67.77477518717448,2.190349578857422,3.658203125,100.95820617675781,1.0650410652160645,100.98302199912723,6.82154655456543,1.0650410652160645,2.255859375,208.1279296875,0.0,235.6875,96,96,0,0,float32,,,,,,
inference,lpt,,tensor,9,none,passed,,162988800,108,12,research-baseline,experiments/l40s/results/research-baselines/inference-lpt-tensor-t09-none.json,111.46752166748047,1.1245756149291992,111.5003889935906,73.3450215657552,1.1245756149291992,1.423828125,129.62815856933594,2.3399124145507812,129.6546980011044,75.46566263834636,2.3399124145507812,3.958984375,104.48387145996094,1.0739789009094238,104.51053699944168,7.636650721232097,1.0739789009094238,2.40625,217.2689208984375,0.0,235.6875,108,108,0,0,float32,,,,,,
inference,lpt,,tensor,10,none,passed,,162988800,120,12,research-baseline,experiments/l40s/results/research-baselines/inference-lpt-tensor-t10-none.json,126.35443115234375,1.1245756149291992,126.37799300136976,81.63601175944011,1.1245756149291992,1.423828125,147.19879150390625,2.4894752502441406,147.22530400467804,83.93250020345052,2.4894752502441406,4.255859375,119.36870574951172,1.0829167366027832,119.39372699998785,8.472234725952148,1.0829167366027832,2.5546875,226.409912109375,0.0,235.6875,120,120,0,0,float32,,,,,,
inference,lpt,,tensor,11,none,passed,,162988800,132,12,research-baseline,experiments/l40s/results/research-baselines/inference-lpt-tensor-t11-none.json,137.30508422851562,1.1245756149291992,137.33807800599607,90.1570536295573,1.1245756149291992,1.423828125,161.9978485107422,2.6390380859375,162.02600600081496,93.02425130208333,2.6390380859375,4.556640625,129.30047607421875,1.0918545722961426,129.32575099694077,9.320074717203775,1.0918545722961426,2.705078125,235.5509033203125,0.0,235.6875,132,132,0,0,float32,,,,,,
inference,lpt,,tensor,12,none,passed,,162988800,144,12,research-baseline,experiments/l40s/results/research-baselines/inference-lpt-tensor-t12-none.json,152.7132110595703,1.1245756149291992,152.74144500290276,102.50171915690105,1.1245756149291992,1.423828125,177.41311645507812,2.7886009216308594,177.4374610031373,104.08174641927083,2.7886009216308594,4.857421875,150.97549438476562,1.100792407989502,151.0031549987616,10.159786860148111,1.100792407989502,2.85546875,244.69189453125,0.0,235.6875,144,144,0,0,float32,,,,,,
inference,lpt,,tensor,13,none,passed,,162988800,156,12,research-baseline,experiments/l40s/results/research-baselines/inference-lpt-tensor-t13-none.json,168.48486328125,1.1245756149291992,168.50799499661662,106.55641682942708,1.1245756149291992,1.423828125,187.30496215820312,2.9381637573242188,187.33350500406232,109.40210978190105,2.9381637573242188,5.158203125,162.55999755859375,1.1097302436828613,162.58464899874525,10.971818288167318,1.1097302436828613,3.005859375,253.8328857421875,0.0,235.6875,156,156,0,0,float32,,,,,,
inference,lpt,,tensor,14,none,passed,,162988800,168,12,research-baseline,experiments/l40s/results/research-baselines/inference-lpt-tensor-t14-none.json,180.3837432861328,1.1245756149291992,180.41182599699823,114.57877604166667,1.1245756149291992,1.423828125,213.9166717529297,3.087726593017578,213.9446439978201,117.5521240234375,3.087726593017578,5.458984375,170.38131713867188,1.1186680793762207,170.40589100361103,11.800576527913412,1.1186680793762207,3.15625,262.973876953125,0.0,235.6875,168,168,0,0,float32,,,,,,
inference,lpt,,tensor,15,none,passed,,162988800,180,12,research-baseline,experiments/l40s/results/research-baselines/inference-lpt-tensor-t15-none.json,189.59872436523438,1.1245756149291992,189.62180099333636,122.98922729492188,1.1245756149291992,1.423828125,223.59039306640625,3.2372894287109375,223.6174130011932,125.7154541015625,3.2372894287109375,5.755859375,189.51065063476562,1.12760591506958,189.53482199867722,12.630699157714844,1.12760591506958,3.3046875,272.1148681640625,0.0,235.6875,180,180,0,0,float32,,,,,,
inference,lpt,,tensor,16,none,passed,,162988800,192,12,research-baseline,experiments/l40s/results/research-baselines/inference-lpt-tensor-t16-none.json,201.50064086914062,1.1245756149291992,201.52444599807495,132.38579305013022,1.1245756149291992,1.423828125,232.9712677001953,3.386852264404297,233.00156099867309,135.7479248046875,3.386852264404297,6.056640625,190.023681640625,1.1365437507629395,190.0537749970681,13.549908955891928,1.1365437507629395,3.455078125,281.255859375,0.0,235.6875,192,192,0,0,float32,,,,,,
inference,lpt,,torch,1,none,passed,,162988800,12,12,research-baseline,experiments/l40s/results/research-baselines/inference-lpt-torch-t01-none.json,7.522304058074951,1.1215238571166992,7.545448999735527,6.975146611531575,1.1294584274291992,1.427734375,7.99948787689209,1.1513328552246094,8.023451002372894,7.436277389526367,1.1592674255371094,1.623046875,6.194176197052002,1.0111117362976074,6.23080600053072,1.3294400374094646,1.0190463066101074,1.240234375,144.140625,0.0,235.6875,12,12,0,0,float32,,,,,,
inference,lpt,,torch,2,none,passed,,162988800,24,12,research-baseline,experiments/l40s/results/research-baselines/inference-lpt-torch-t02-none.json,15.446944236755371,1.1332464218139648,15.474088002520148,14.357504526774088,1.1411809921264648,1.474609375,16.374784469604492,1.3016204833984375,16.399398999055848,15.048362731933594,1.3095550537109375,1.943359375,13.384703636169434,1.0322327613830566,13.407492995611392,2.683221181233724,1.0401673316955566,1.41015625,153.28125,0.0,235.6875,24,24,0,0,float32,,,,,,
inference,lpt,,torch,3,none,passed,,162988800,36,12,research-baseline,experiments/l40s/results/research-baselines/inference-lpt-torch-t03-none.json,23.86742401123047,1.1332464218139648,23.92031099589076,21.681803385416668,1.1411809921264648,1.474609375,24.560543060302734,1.451171875,24.588238004071172,22.62664540608724,1.4591064453125,2.244140625,18.731008529663086,1.0411591529846191,18.753354001091793,4.013738632202148,1.0490937232971191,1.560546875,162.421875,0.0,235.6875,36,36,0,0,float32,,,,,,
inference,lpt,,torch,4,none,passed,,162988800,48,12,research-baseline,experiments/l40s/results/research-baselines/inference-lpt-torch-t04-none.json,31.19820785522461,1.1332464218139648,31.229970001732,29.102762858072918,1.1411809921264648,1.474609375,32.81817626953125,1.6007232666015625,32.84356099902652,30.246912638346355,1.6086578369140625,2.544921875,25.05523109436035,1.0500855445861816,25.07678300025873,5.3459625244140625,1.0580201148986816,1.7109375,171.5625,0.0,235.6875,48,48,0,0,float32,,,,,,
inference,lpt,,torch,5,none,passed,,162988800,60,12,research-baseline,experiments/l40s/results/research-baselines/inference-lpt-torch-t05-none.json,38.77580642700195,1.1332464218139648,38.80124200077262,36.32025655110677,1.1411809921264648,1.474609375,40.996864318847656,1.750274658203125,41.03224800201133,37.57875315348307,1.758209228515625,2.841796875,31.912864685058594,1.0590119361877441,31.943310998030938,6.6751149495442705,1.0669465065002441,1.859375,180.703125,0.0,235.6875,60,60,0,0,float32,,,,,,
inference,lpt,,torch,6,none,passed,,162988800,72,12,research-baseline,experiments/l40s/results/research-baselines/inference-lpt-torch-t06-none.json,67.76614379882812,1.1332464218139648,67.80724900454516,43.85655212402344,1.1411809921264648,1.474609375,48.765953063964844,1.8998260498046875,48.79133500071475,45.328043619791664,1.9077606201171875,3.142578125,37.42924880981445,1.0679383277893066,37.45153999625472,8.007978439331055,1.0758728981018066,2.009765625,189.84375,0.0,235.6875,72,72,0,0,float32,,,,,,
inference,lpt,,torch,7,none,passed,,162988800,84,12,research-baseline,experiments/l40s/results/research-baselines/inference-lpt-torch-t07-none.json,54.733726501464844,1.1332464218139648,54.76106000423897,51.05899556477865,1.1411809921264648,1.474609375,57.16070556640625,2.04937744140625,57.18274399987422,52.91793314615885,2.05731201171875,3.443359375,43.11449432373047,1.0768647193908691,43.13526299665682,9.336490631103516,1.0847992897033691,2.16015625,198.984375,0.0,235.6875,84,84,0,0,float32,,,,,,
inference,lpt,,torch,8,none,passed,,162988800,96,12,research-baseline,experiments/l40s/results/research-baselines/inference-lpt-torch-t08-none.json,91.74630737304688,1.1332464218139648,91.77991199976532,58.493611653645836,1.1411809921264648,1.474609375,65.56877136230469,2.1989288330078125,65.59066400222946,60.56925964355469,2.2068634033203125,3.744140625,49.82476806640625,1.0857911109924316,49.84719600179233,10.665301640828451,1.0937256813049316,2.310546875,208.125,0.0,235.6875,96,96,0,0,float32,,,,,,
inference,lpt,,torch,9,none,passed,,162988800,108,12,research-baseline,experiments/l40s/results/research-baselines/inference-lpt-torch-t09-none.json,70.27200317382812,1.1332464218139648,70.29939600033686,65.69983927408855,1.1411809921264648,1.474609375,74.31270599365234,2.348480224609375,74.33473999844864,68.00179036458333,2.356414794921875,4.044921875,57.05830383300781,1.0947175025939941,57.08178199711256,11.997503916422525,1.1026520729064941,2.4609375,217.265625,0.0,235.6875,108,108,0,0,float32,,,,,,
inference,lpt,,torch,10,none,passed,,162988800,120,12,research-baseline,experiments/l40s/results/research-baselines/inference-lpt-torch-t10-none.json,78.06566619873047,1.1332464218139648,78.1118390004849,73.05830383300781,1.1411809921264648,1.474609375,83.06371307373047,2.4980316162109375,83.08641299663577,75.48484293619792,2.5059661865234375,4.341796875,63.314945220947266,1.1036438941955566,63.33756900130538,13.328384399414062,1.1115784645080566,2.609375,226.40625,0.0,235.6875,120,120,0,0,float32,,,,,,
inference,lpt,,torch,11,none,passed,,162988800,132,12,research-baseline,experiments/l40s/results/research-baselines/inference-lpt-torch-t11-none.json,87.88050842285156,1.1332464218139648,87.91155499784509,82.64464823404948,1.1411809921264648,1.474609375,90.3637466430664,2.6475830078125,90.39234199735802,85.8576151529948,2.655517578125,4.642578125,68.19737243652344,1.1125702857971191,68.23664799594553,14.684810638427734,1.1205048561096191,2.759765625,235.546875,0.0,235.6875,132,132,0,0,float32,,,,,,
inference,lpt,,torch,12,none,passed,,162988800,144,12,research-baseline,experiments/l40s/results/research-baselines/inference-lpt-torch-t12-none.json,93.2628173828125,1.1332464218139648,93.29083500051638,87.47280883789062,1.1411809921264648,1.474609375,98.6798095703125,2.7971343994140625,98.70905000570929,90.34171549479167,2.8050689697265625,4.943359375,76.3595199584961,1.1214966773986816,76.38031899841735,15.990090688069662,1.1294312477111816,2.91015625,244.6875,0.0,235.6875,144,144,0,0,float32,,,,,,
inference,lpt,,torch,13,none,passed,,162988800,156,12,research-baseline,experiments/l40s/results/research-baselines/inference-lpt-torch-t13-none.json,102.25357055664062,1.1332464218139648,102.29118599818321,95.04017130533855,1.1411809921264648,1.474609375,152.97637939453125,2.946685791015625,153.01364000333706,98.24392700195312,2.954620361328125,5.244140625,131.34136962890625,1.1304230690002441,131.38622899714392,17.320959726969402,1.1383576393127441,3.060546875,253.828125,0.0,235.6875,156,156,0,0,float32,,,,,,
inference,lpt,,torch,14,none,passed,,162988800,168,12,research-baseline,experiments/l40s/results/research-baselines/inference-lpt-torch-t14-none.json,109.30687713623047,1.1332464218139648,109.33279000164475,102.4006856282552,1.1411809921264648,1.474609375,117.9504623413086,3.0962371826171875,117.99328200140735,105.70240275065105,3.1041717529296875,5.544921875,86.47577667236328,1.1393494606018066,86.4960980034084,18.651818593343098,1.1472840309143066,3.2109375,262.96875,0.0,235.6875,168,168,0,0,float32,,,,,,
inference,lpt,,torch,15,none,passed,,162988800,180,12,research-baseline,experiments/l40s/results/research-baselines/inference-lpt-torch-t15-none.json,120.774658203125,1.1332464218139648,120.80881900328677,112.34918212890625,1.1411809921264648,1.474609375,122.75917053222656,3.24578857421875,122.79316600324819,116.63082885742188,3.25372314453125,5.841796875,99.30242919921875,1.1482758522033691,99.32721799850697,20.024319966634113,1.1562104225158691,3.359375,272.109375,0.0,235.6875,180,180,0,0,float32,,,,,,
inference,lpt,,torch,16,none,passed,,162988800,192,12,research-baseline,experiments/l40s/results/research-baselines/inference-lpt-torch-t16-none.json,174.14247131347656,1.1332464218139648,174.18234499928076,119.81039428710938,1.1411809921264648,1.474609375,131.44473266601562,3.3953399658203125,131.47750099597033,124.05248006184895,3.4032745361328125,6.142578125,103.00518035888672,1.1572022438049316,103.03354800271336,21.357215881347656,1.1651368141174316,3.509765625,281.25,0.0,235.6875,192,192,0,0,float32,,,,,,
inference,per_layer_latent,64,tensor,1,none,passed,,150602496,12,12,research-baseline,experiments/l40s/results/research-baselines/inference-per_layer_latent-tensor-t01-none.json,14.143487930297852,0.8909330368041992,14.165169995976612,7.115093231201172,0.8831233978271484,1.1328125,15.557632446289062,0.8963041305541992,15.585406006721314,7.173429489135742,0.8884944915771484,1.169921875,11.190272331237793,0.7857809066772461,11.210994998691604,0.7553173700968424,0.7857809066772461,0.970703125,6.0062255859375,27.0,185.0625,12,12,0,0,float32,,,,,,
inference,per_layer_latent,64,tensor,2,none,passed,,150602496,24,12,research-baseline,experiments/l40s/results/research-baselines/inference-per_layer_latent-tensor-t02-none.json,24.707040786743164,0.8909330368041992,24.7282880009152,13.725696563720703,0.8831233978271484,1.1328125,26.907520294189453,0.9021635055541992,26.930786996672396,13.795669555664062,0.8943538665771484,1.197265625,21.64838409423828,0.7916574478149414,21.67154299968388,1.3417812983194988,0.7916574478149414,0.984375,12.012451171875,27.0,185.0625,24,24,0,0,float32,,,,,,
inference,per_layer_latent,64,tensor,3,none,passed,,150602496,36,12,research-baseline,experiments/l40s/results/research-baselines/inference-per_layer_latent-tensor-t03-none.json,33.79814529418945,0.8909330368041992,33.819349999248516,20.22263463338216,0.8831233978271484,1.1328125,38.32316970825195,0.9080228805541992,38.346282999555115,20.435284932454426,0.9002132415771484,1.224609375,31.362079620361328,0.7975339889526367,31.385510999825783,1.9339946111043294,0.7975339889526367,0.998046875,18.0186767578125,27.0,185.0625,36,36,0,0,float32,,,,,,
inference,per_layer_latent,64,tensor,4,none,passed,,150602496,48,12,research-baseline,experiments/l40s/results/research-baselines/inference-per_layer_latent-tensor-t04-none.json,44.991519927978516,0.8909330368041992,45.01988999982132,26.736981709798176,0.8831233978271484,1.1328125,50.135009765625,0.9138822555541992,50.15730200102553,27.016192118326824,0.9060726165771484,1.251953125,43.16979217529297,0.803410530090332,43.193867000809405,2.524160067240397,0.803410530090332,1.01171875,24.02490234375,27.0,185.0625,48,48,0,0,float32,,,,,,
inference,per_layer_latent,64,tensor,5,none,passed,,150602496,60,12,research-baseline,experiments/l40s/results/research-baselines/inference-per_layer_latent-tensor-t05-none.json,54.89561462402344,0.8909330368041992,54.91537699708715,33.19466654459635,0.8831233978271484,1.1328125,61.77996826171875,0.9197416305541992,61.80194499756908,33.50732676188151,0.9119319915771484,1.279296875,52.922271728515625,0.8092870712280273,52.94556699664099,3.109546661376953,0.8092870712280273,1.025390625,30.0311279296875,27.0,185.0625,60,60,0,0,float32,,,,,,
inference,per_layer_latent,64,tensor,6,none,passed,,150602496,72,12,research-baseline,experiments/l40s/results/research-baselines/inference-per_layer_latent-tensor-t06-none.json,64.82227325439453,0.8909330368041992,64.84436099708546,40.69205220540365,0.8831233978271484,1.1328125,73.8334732055664,0.9256010055541992,73.856221002643,41.02929178873698,0.9177913665771484,1.306640625,64.45465850830078,0.8151636123657227,64.4768549973378,3.714026769002279,0.8151636123657227,1.0390625,36.037353515625,27.0,185.0625,72,72,0,0,float32,,,,,,
inference,per_layer_latent,64,tensor,7,none,passed,,150602496,84,12,research-baseline,experiments/l40s/results/research-baselines/inference-per_layer_latent-tensor-t07-none.json,75.56198120117188,0.8909330368041992,75.59110000147484,46.823404947916664,0.8831233978271484,1.1328125,85.13638305664062,0.9314603805541992,85.16178499849048,47.391743977864586,0.9236507415771484,1.333984375,74.22566223144531,0.821040153503418,74.24887300294358,4.307264010111491,0.821040153503418,1.052734375,42.0435791015625,27.0,185.0625,84,84,0,0,float32,,,,,,
inference,per_layer_latent,64,tensor,8,none,passed,,150602496,96,12,research-baseline,experiments/l40s/results/research-baselines/inference-per_layer_latent-tensor-t08-none.json,89.7413101196289,0.8909330368041992,89.77054700517328,52.911102294921875,0.8831233978271484,1.1328125,97.0854721069336,0.9373197555541992,97.11033200437669,53.533355712890625,0.9295101165771484,1.361328125,87.02054595947266,0.8269166946411133,87.04252100142185,4.878335952758789,0.8269166946411133,1.06640625,48.0498046875,27.0,185.0625,96,96,0,0,float32,,,,,,
inference,per_layer_latent,64,tensor,9,none,passed,,150602496,108,12,research-baseline,experiments/l40s/results/research-baselines/inference-per_layer_latent-tensor-t09-none.json,98.3009262084961,0.8909330368041992,98.3228689947282,59.42510986328125,0.8831233978271484,1.1328125,112.84585571289062,0.9431791305541992,112.87301999982446,60.05521138509115,0.9353694915771484,1.388671875,100.17894744873047,0.8327932357788086,100.2028539951425,5.4685014088948565,0.8327932357788086,1.080078125,54.0560302734375,27.0,185.0625,108,108,0,0,float32,,,,,,
inference,per_layer_latent,64,tensor,10,none,passed,,150602496,120,12,research-baseline,experiments/l40s/results/research-baselines/inference-per_layer_latent-tensor-t10-none.json,107.4678726196289,0.8909330368041992,107.48985400277888,66.31048583984375,0.8831233978271484,1.1328125,120.31692504882812,0.9490385055541992,120.34244099777425,66.89280192057292,0.9412288665771484,1.416015625,105.7966079711914,0.8386697769165039,105.81991900107823,6.066176096598308,0.8386697769165039,1.09375,60.062255859375,27.0,185.0625,120,120,0,0,float32,,,,,,
inference,per_layer_latent,64,tensor,11,none,passed,,150602496,132,12,research-baseline,experiments/l40s/results/research-baselines/inference-per_layer_latent-tensor-t11-none.json,117.17724609375,0.8909330368041992,117.19999799970537,72.24316914876302,0.8831233978271484,1.1328125,133.1876220703125,0.9548978805541992,133.2103799941251,73.00096130371094,0.9470882415771484,1.443359375,118.46246337890625,0.8445463180541992,118.48317499971017,6.647466659545898,0.8445463180541992,1.107421875,66.0684814453125,27.0,185.0625,132,132,0,0,float32,,,,,,
inference,per_layer_latent,64,tensor,12,none,passed,,150602496,144,12,research-baseline,experiments/l40s/results/research-baselines/inference-per_layer_latent-tensor-t12-none.json,127.66204833984375,0.8909330368041992,127.68381399655482,79.27395121256511,0.8831233978271484,1.1328125,150.50547790527344,0.9607572555541992,150.53364200139185,80.00682576497395,0.9529476165771484,1.470703125,132.95309448242188,0.8504228591918945,132.9781379972701,7.236266454060872,0.8504228591918945,1.12109375,72.07470703125,27.0,185.0625,144,144,0,0,float32,,,,,,
inference,per_layer_latent,64,tensor,13,none,passed,,150602496,156,12,research-baseline,experiments/l40s/results/research-baselines/inference-per_layer_latent-tensor-t13-none.json,133.94125366210938,0.8909330368041992,133.96739000017988,85.83031209309895,0.8831233978271484,1.1328125,157.233154296875,0.9666166305541992,157.25491700140992,86.79115804036458,0.9588069915771484,1.498046875,133.2305908203125,0.8562994003295898,133.25505900138523,7.83189328511556,0.8562994003295898,1.134765625,78.0809326171875,27.0,185.0625,156,156,0,0,float32,,,,,,
inference,per_layer_latent,64,tensor,14,none,passed,,150602496,168,12,research-baseline,experiments/l40s/results/research-baselines/inference-per_layer_latent-tensor-t14-none.json,154.63731384277344,0.8909330368041992,154.6623379981611,92.9576924641927,0.8831233978271484,1.1328125,163.35360717773438,0.9724760055541992,163.38252499554073,93.74514770507812,0.9646663665771484,1.525390625,145.10797119140625,0.8621759414672852,145.13192899903515,8.42581303914388,0.8621759414672852,1.1484375,84.087158203125,27.0,185.0625,168,168,0,0,float32,,,,,,
inference,per_layer_latent,64,tensor,15,none,passed,,150602496,180,12,research-baseline,experiments/l40s/results/research-baselines/inference-per_layer_latent-tensor-t15-none.json,164.2117156982422,0.8909330368041992,164.23628399934387,100.43051147460938,0.8831233978271484,1.1328125,178.02342224121094,0.9783353805541992,178.04737899859902,102.48124186197917,0.9705257415771484,1.552734375,156.86041259765625,0.8680524826049805,156.88437499920838,9.036458969116211,0.8680524826049805,1.162109375,90.0933837890625,27.0,185.0625,180,180,0,0,float32,,,,,,
inference,per_layer_latent,64,tensor,16,none,passed,,150602496,192,12,research-baseline,experiments/l40s/results/research-baselines/inference-per_layer_latent-tensor-t16-none.json,168.44288635253906,0.8909330368041992,168.46795899618883,105.16748046875,0.8831233978271484,1.1328125,188.8737335205078,0.9841947555541992,188.89815198781434,106.25946044921875,0.9763851165771484,1.580078125,173.63865661621094,0.8739290237426758,173.6634819972096,9.594538370768229,0.8739290237426758,1.17578125,96.099609375,27.0,185.0625,192,192,0,0,float32,,,,,,
inference,per_layer_latent,64,torch,1,none,passed,,150602496,12,12,research-baseline,experiments/l40s/results/research-baselines/inference-per_layer_latent-torch-t01-none.json,8.42137622833252,0.9021635055541992,8.44469200092135,6.353237152099609,0.8966732025146484,1.154296875,8.507519721984863,0.9081449508666992,8.5324550018413,6.390783945719401,0.9026546478271484,1.1640625,5.72108793258667,0.7976012229919434,5.756201993790455,1.098410685857137,0.8055357933044434,0.98828125,6.005859375,27.0,182.8125,12,12,0,0,float32,,,,,,
inference,per_layer_latent,64,torch,2,none,passed,,150602496,24,12,research-baseline,experiments/l40s/results/research-baselines/inference-per_layer_latent-torch-t02-none.json,14.49062442779541,0.9021635055541992,14.540394004143309,12.197493235270182,0.8966732025146484,1.154296875,14.593055725097656,0.9140043258666992,14.616785003454424,12.249088287353516,0.9085140228271484,1.19140625,10.903552055358887,0.8034663200378418,10.923577996436507,2.064021269480387,0.8114008903503418,1.001953125,12.01171875,27.0,182.8125,24,24,0,0,float32,,,,,,
inference,per_layer_latent,64,torch,3,none,passed,,150602496,36,12,research-baseline,experiments/l40s/results/research-baselines/inference-per_layer_latent-torch-t03-none.json,20.760576248168945,0.9021635055541992,20.789442998648155,18.13708750406901,0.8966732025146484,1.154296875,20.930559158325195,0.9198637008666992,20.955526000761893,18.235733032226562,0.9143733978271484,1.21875,15.714303970336914,0.8093314170837402,15.735795997898094,3.0351359049479165,0.8172659873962402,1.015625,18.017578125,27.0,182.8125,36,36,0,0,float32,,,,,,
inference,per_layer_latent,64,torch,4,none,passed,,150602496,48,12,research-baseline,experiments/l40s/results/research-baselines/inference-per_layer_latent-torch-t04-none.json,26.93120002746582,0.9021635055541992,26.958670001477003,23.884801228841145,0.8966732025146484,1.154296875,27.027456283569336,0.9257230758666992,27.057302002504002,23.997098286946613,0.9202327728271484,1.24609375,21.68832015991211,0.8151965141296387,21.716944000218064,4.003498713175456,0.8231310844421387,1.029296875,24.0234375,27.0,182.8125,48,48,0,0,float32,,,,,,
inference,per_layer_latent,64,torch,5,none,passed,,150602496,60,12,research-baseline,experiments/l40s/results/research-baselines/inference-per_layer_latent-torch-t05-none.json,32.65536117553711,0.9021635055541992,32.68052200292004,29.487103780110676,0.8966732025146484,1.154296875,33.13868713378906,0.9315824508666992,33.16645399900153,29.682347615559895,0.9260921478271484,1.2734375,26.75507164001465,0.8210616111755371,26.775807004014496,4.96503480275472,0.8289961814880371,1.04296875,30.029296875,27.0,182.8125,60,60,0,0,float32,,,,,,
inference,per_layer_latent,64,torch,6,none,passed,,150602496,72,12,research-baseline,experiments/l40s/results/research-baselines/inference-per_layer_latent-torch-t06-none.json,38.98777770996094,0.9021635055541992,39.015877002384514,35.52525838216146,0.8966732025146484,1.154296875,39.29606246948242,0.9374418258666992,39.325170997472014,35.694933573404946,0.9319515228271484,1.30078125,31.60883140563965,0.8269267082214355,31.631140001991298,5.93715222676595,0.8348612785339355,1.056640625,36.03515625,27.0,182.8125,72,72,0,0,float32,,,,,,
inference,per_layer_latent,64,torch,7,none,passed,,150602496,84,12,research-baseline,experiments/l40s/results/research-baselines/inference-per_layer_latent-torch-t07-none.json,45.283329010009766,0.9021635055541992,45.31339000095613,41.45049540201823,0.8966732025146484,1.154296875,45.790016174316406,0.9433012008666992,45.81652199703967,41.744041442871094,0.9378108978271484,1.328125,37.70265579223633,0.832791805267334,37.738607003120705,6.905855814615886,0.840726375579834,1.0703125,42.041015625,27.0,182.8125,84,84,0,0,float32,,,,,,
inference,per_layer_latent,64,torch,8,none,passed,,150602496,96,12,research-baseline,experiments/l40s/results/research-baselines/inference-per_layer_latent-torch-t08-none.json,51.4600944519043,0.9021635055541992,51.48799399466952,47.20025634765625,0.8966732025146484,1.154296875,51.84204864501953,0.9491605758666992,51.875033997930586,47.51872253417969,0.9436702728271484,1.35546875,42.837886810302734,0.8386569023132324,42.859631997998804,7.864661534627278,0.8465914726257324,1.083984375,48.046875,27.0,182.8125,96,96,0,0,float32,,,,,,
inference,per_layer_latent,64,torch,9,none,passed,,150602496,108,12,research-baseline,experiments/l40s/results/research-baselines/inference-per_layer_latent-torch-t09-none.json,57.66041564941406,0.9021635055541992,57.69833199883578,53.108734130859375,0.8966732025146484,1.154296875,58.13350296020508,0.9550199508666992,58.161182001640555,53.41832478841146,0.9495296478271484,1.3828125,48.21401596069336,0.8445219993591309,48.23713900259463,8.828917185465494,0.8524565696716309,1.09765625,54.052734375,27.0,182.8125,108,108,0,0,float32,,,,,,
inference,per_layer_latent,64,torch,10,none,passed,,150602496,120,12,research-baseline,experiments/l40s/results/research-baselines/inference-per_layer_latent-torch-t10-none.json,63.76448059082031,0.9021635055541992,63.82121100614313,58.98168436686198,0.8966732025146484,1.154296875,64.14028930664062,0.9608793258666992,64.17127999884542,59.410430908203125,0.9553890228271484,1.41015625,52.94899368286133,0.8503870964050293,52.97038099524798,9.812992095947266,0.8583216667175293,1.111328125,60.05859375,27.0,182.8125,120,120,0,0,float32,,,,,,
inference,per_layer_latent,64,torch,11,none,passed,,150602496,132,12,research-baseline,experiments/l40s/results/research-baselines/inference-per_layer_latent-torch-t11-none.json,69.15885162353516,0.9021635055541992,69.18684300035238,64.12834167480469,0.8966732025146484,1.154296875,69.55213165283203,0.9667387008666992,69.58062000194332,64.58367919921875,0.9612483978271484,1.4375,60.628990173339844,0.8562521934509277,60.652832995401695,10.766335805257162,0.8641867637634277,1.125,66.064453125,27.0,182.8125,132,132,0,0,float32,,,,,,
inference,per_layer_latent,64,torch,12,none,passed,,150602496,144,12,research-baseline,experiments/l40s/results/research-baselines/inference-per_layer_latent-torch-t12-none.json,75.43901062011719,0.9021635055541992,75.47872900613584,70.11052958170573,0.8966732025146484,1.154296875,76.03507232666016,0.9725980758666992,76.06179799768142,70.60207112630208,0.9671077728271484,1.46484375,61.8711051940918,0.8621172904968262,61.89373099914519,11.734699249267578,0.8700518608093262,1.138671875,72.0703125,27.0,182.8125,144,144,0,0,float32,,,,,,
inference,per_layer_latent,64,torch,13,none,passed,,150602496,156,12,research-baseline,experiments/l40s/results/research-baselines/inference-per_layer_latent-torch-t13-none.json,81.4172134399414,0.9021635055541992,81.45060599781573,75.8831787109375,0.8966732025146484,1.154296875,82.22003173828125,0.9784574508666992,82.25097300601192,76.38391621907552,0.9729671478271484,1.4921875,71.19872283935547,0.8679823875427246,71.22014999913517,12.702378590901693,0.8759169578552246,1.15234375,78.076171875,27.0,182.8125,156,156,0,0,float32,,,,,,
inference,per_layer_latent,64,torch,14,none,passed,,150602496,168,12,research-baseline,experiments/l40s/results/research-baselines/inference-per_layer_latent-torch-t14-none.json,89.40953826904297,0.9021635055541992,89.44188800523989,83.45838928222656,0.8966732025146484,1.154296875,89.9768295288086,0.9843168258666992,90.0067010006751,84.08132425944011,0.9788265228271484,1.51953125,73.24569702148438,0.873847484588623,73.26756900147302,13.70419184366862,0.881782054901123,1.166015625,84.08203125,27.0,182.8125,168,168,0,0,float32,,,,,,
inference,per_layer_latent,64,torch,15,none,passed,,150602496,180,12,research-baseline,experiments/l40s/results/research-baselines/inference-per_layer_latent-torch-t15-none.json,94.92991638183594,0.9021635055541992,94.96030100126518,88.62310791015625,0.8966732025146484,1.154296875,95.61923217773438,0.9901762008666992,95.64777799823787,89.42318725585938,0.9846858978271484,1.546875,83.95059204101562,0.8797125816345215,83.97469500050647,14.675968170166016,0.8876471519470215,1.1796875,90.087890625,27.0,182.8125,180,180,0,0,float32,,,,,,
inference,per_layer_latent,64,torch,16,none,passed,,150602496,192,12,research-baseline,experiments/l40s/results/research-baselines/inference-per_layer_latent-torch-t16-none.json,99.58911895751953,0.9021635055541992,99.62017899670172,93.1427001953125,0.8966732025146484,1.154296875,100.26496124267578,0.9960355758666992,100.29548199963756,93.6997578938802,0.9905452728271484,1.57421875,90.75609588623047,0.8855776786804199,90.77784699911717,15.602005004882812,0.8935122489929199,1.193359375,96.09375,27.0,182.8125,192,192,0,0,float32,,,,,,
inference,uyoco,,tensor,1,none,passed,,163401216,12,12,research-baseline,experiments/l40s/results/research-baselines/inference-uyoco-tensor-t01-none.json,13.554688453674316,0.9931802749633789,13.582241997937672,5.0350081125895185,0.9931802749633789,1.142578125,15.158368110656738,1.051774024963379,15.180932001385372,5.218954722086589,1.051774024963379,1.28125,13.804544448852539,0.9119772911071777,13.828029004798736,0.9000960191090902,0.9119772911071777,1.072265625,48.011932373046875,0.0,237.9375,12,12,0,0,float32,,,,,,
inference,uyoco,,tensor,2,none,passed,,163401216,18,12,research-baseline,experiments/l40s/results/research-baselines/inference-uyoco-tensor-t02-none.json,21.67807960510254,0.9931802749633789,21.69949399831239,9.371306737263998,0.9931802749633789,1.142578125,23.970815658569336,1.122086524963379,23.99552200222388,9.712981541951498,1.122086524963379,1.421875,20.97235107421875,0.9471392631530762,20.995708997361362,1.3202773729960124,0.9471392631530762,1.142578125,84.01211547851562,0.0,237.9375,18,18,0,0,float32,,,,,,
inference,uyoco,,tensor,3,none,passed,,163401216,24,12,research-baseline,experiments/l40s/results/research-baselines/inference-uyoco-tensor-t03-none.json,28.472320556640625,0.9931802749633789,28.496140999777708,13.705557505289713,0.9931802749633789,1.142578125,31.686656951904297,1.2045221328735352,31.7085299975588,14.20083236694336,1.2045221328735352,1.6015625,28.417184829711914,0.9823012351989746,28.44084800017299,1.7401173909505208,0.9823012351989746,1.232421875,120.01229858398438,0.0,237.9375,24,24,0,0,float32,,,,,,
inference,uyoco,,tensor,4,none,passed,,163401216,30,12,research-baseline,experiments/l40s/results/research-baselines/inference-uyoco-tensor-t04-none.json,36.903934478759766,0.9931802749633789,36.92755499650957,18.000896453857422,0.9931802749633789,1.142578125,41.0777587890625,1.3099966049194336,41.10227499768371,18.63372802734375,1.3099966049194336,1.80078125,36.94899368286133,1.017463207244873,36.971917004848365,2.161322593688965,1.017463207244873,1.341796875,156.01248168945312,0.0,237.9375,30,30,0,0,float32,,,,,,
inference,uyoco,,tensor,5,none,passed,,163401216,36,12,research-baseline,experiments/l40s/results/research-baselines/inference-uyoco-tensor-t05-none.json,44.779518127441406,0.9931802749633789,44.80029799742624,22.323883056640625,0.9931802749633789,1.142578125,50.08476638793945,1.415471076965332,50.106319002225064,23.108245849609375,1.415471076965332,2.01953125,44.14771270751953,1.0526251792907715,44.17300500062993,2.5832106272379556,1.0526251792907715,1.451171875,192.01266479492188,0.0,237.9375,36,36,0,0,float32,,,,,,
inference,uyoco,,tensor,6,none,passed,,163401216,42,12,research-baseline,experiments/l40s/results/research-baselines/inference-uyoco-tensor-t06-none.json,53.1517448425293,0.9931802749633789,53.17494599876227,26.707285563151043,0.9931802749633789,1.142578125,59.12575912475586,1.5209455490112305,59.15007300063735,27.631617228190105,1.5209455490112305,2.23828125,51.22982406616211,1.08778715133667,51.25592099648202,3.0016425450642905,1.08778715133667,1.560546875,228.01284790039062,0.0,237.9375,42,42,0,0,float32,,,,,,
inference,uyoco,,tensor,7,none,passed,,163401216,48,12,research-baseline,experiments/l40s/results/research-baselines/inference-uyoco-tensor-t07-none.json,61.16156768798828,0.9931802749633789,61.184746999060735,30.998868306477863,0.9931802749633789,1.142578125,68.75647735595703,1.626420021057129,68.78715399943758,31.94196319580078,1.626420021057129,2.45703125,59.44105529785156,1.1229491233825684,59.46564600162674,3.424938519795736,1.1229491233825684,1.669921875,264.0130310058594,0.0,237.9375,48,48,0,0,float32,,,,,,
inference,uyoco,,tensor,8,none,passed,,163401216,54,12,research-baseline,experiments/l40s/results/research-baselines/inference-uyoco-tensor-t08-none.json,68.8189468383789,0.9931802749633789,68.84894000540953,35.443712870279946,0.9931802749633789,1.142578125,79.64358520507812,1.7318944931030273,79.6668690018123,36.69538116455078,1.7318944931030273,2.67578125,71.29190063476562,1.1581110954284668,71.31493899942143,3.8417065938313804,1.1581110954284668,1.779296875,300.0132141113281,0.0,237.9375,54,54,0,0,float32,,,,,,
inference,uyoco,,tensor,9,none,passed,,163401216,60,12,research-baseline,experiments/l40s/results/research-baselines/inference-uyoco-tensor-t09-none.json,76.01766204833984,0.9931802749633789,76.04142100171885,39.46461741129557,0.9931802749633789,1.142578125,85.40774536132812,1.8373689651489258,85.43036800256232,40.878763834635414,1.8373689651489258,2.89453125,74.6424331665039,1.1932730674743652,74.66560800094157,4.260181427001953,1.1932730674743652,1.888671875,336.0133972167969,0.0,237.9375,60,60,0,0,float32,,,,,,
inference,uyoco,,tensor,10,none,passed,,163401216,66,12,research-baseline,experiments/l40s/results/research-baselines/inference-uyoco-tensor-t10-none.json,88.77568054199219,0.9931802749633789,88.79804799653357,43.698516845703125,0.9931802749633789,1.142578125,95.79519653320312,1.9428434371948242,95.82075700018322,45.25260925292969,1.9428434371948242,3.11328125,84.51277160644531,1.2284350395202637,84.53473200643202,4.677632013956706,1.2284350395202637,1.998046875,372.0135803222656,0.0,237.9375,66,66,0,0,float32,,,,,,
inference,uyoco,,tensor,11,none,passed,,163401216,72,12,research-baseline,experiments/l40s/results/research-baselines/inference-uyoco-tensor-t11-none.json,95.98770904541016,0.9931802749633789,96.00971799955005,48.251220703125,0.9931802749633789,1.142578125,107.83948516845703,2.0483179092407227,107.86353599542053,49.93296813964844,2.0483179092407227,3.33203125,91.97465515136719,1.263597011566162,91.99651899689343,5.099520047505696,1.263597011566162,2.107421875,408.0137634277344,0.0,237.9375,72,72,0,0,float32,,,,,,
inference,uyoco,,tensor,12,none,passed,,163401216,78,12,research-baseline,experiments/l40s/results/research-baselines/inference-uyoco-tensor-t12-none.json,104.3763198852539,0.9931802749633789,104.39896499883616,52.611063639322914,0.9931802749633789,1.142578125,113.71929931640625,2.153792381286621,113.74246599734761,54.48089599609375,2.153792381286621,3.55078125,99.53791809082031,1.2987589836120605,99.56189500371693,5.513557434082031,1.2987589836120605,2.216796875,444.0139465332031,0.0,237.9375,78,78,0,0,float32,,,,,,
inference,uyoco,,tensor,13,none,passed,,163401216,84,12,research-baseline,experiments/l40s/results/research-baselines/inference-uyoco-tensor-t13-none.json,107.83232116699219,0.9931802749633789,107.85739299899433,56.6292470296224,0.9931802749633789,1.142578125,122.5000991821289,2.2592668533325195,122.5253930024337,58.7496083577474,2.2592668533325195,3.76953125,109.75532531738281,1.333920955657959,109.77708700374933,5.934762954711914,1.333920955657959,2.326171875,480.0141296386719,0.0,237.9375,84,84,0,0,float32,,,,,,
inference,uyoco,,tensor,14,none,passed,,163401216,90,12,research-baseline,experiments/l40s/results/research-baselines/inference-uyoco-tensor-t14-none.json,114.88870239257812,0.9931802749633789,114.9109700054396,61.002400716145836,0.9931802749633789,1.142578125,132.87432861328125,2.364741325378418,132.90011600474827,63.34088643391927,2.364741325378418,3.98828125,109.9079360961914,1.3690829277038574,109.93241999676684,6.351189295450847,1.3690829277038574,2.435546875,516.0143127441406,0.0,237.9375,90,90,0,0,float32,,,,,,
inference,uyoco,,tensor,15,none,passed,,163401216,96,12,research-baseline,experiments/l40s/results/research-baselines/inference-uyoco-tensor-t15-none.json,128.068603515625,0.9931802749633789,128.08961100381566,65.99270629882812,0.9931802749633789,1.142578125,137.1504669189453,2.4702157974243164,137.17653999628965,68.4949951171875,2.4702157974243164,4.20703125,119.36563110351562,1.4042448997497559,119.38842599920463,6.796288172403972,1.4042448997497559,2.544921875,552.0144958496094,0.0,237.9375,96,96,0,0,float32,,,,,,
inference,uyoco,,tensor,16,none,passed,,163401216,102,12,research-baseline,experiments/l40s/results/research-baselines/inference-uyoco-tensor-t16-none.json,132.490234375,0.9931802749633789,132.51217100332724,70.71334330240886,0.9931802749633789,1.142578125,149.93714904785156,2.575690269470215,149.96297399920877,73.04158020019531,2.575690269470215,4.42578125,129.58924865722656,1.4394068717956543,129.61486000131117,7.221920013427734,1.4394068717956543,2.654296875,588.0146789550781,0.0,237.9375,102,102,0,0,float32,,,,,,
inference,uyoco,,torch,1,none,passed,,163401216,12,12,research-baseline,experiments/l40s/results/research-baselines/inference-uyoco-torch-t01-none.json,10.070015907287598,1.0035600662231445,10.098314000060782,6.281557083129883,1.0114946365356445,1.19921875,16.465824127197266,1.0621538162231445,16.495345000294037,6.333098729451497,1.0700883865356445,1.3046875,11.472895622253418,0.9223418235778809,11.517929997353349,1.6411306063334148,0.9302763938903809,1.109375,48.01171875,0.0,237.9375,12,12,0,0,float32,,,,,,
inference,uyoco,,torch,2,none,passed,,163401216,18,12,research-baseline,experiments/l40s/results/research-baselines/inference-uyoco-torch-t02-none.json,17.986560821533203,1.0024614334106445,18.007587001193315,11.716266632080078,1.0103960037231445,1.19921875,18.354175567626953,1.1313676834106445,18.3926150057232,11.757568359375,1.1393022537231445,1.4453125,15.794367790222168,0.9563994407653809,15.83176400163211,2.625194708506266,0.9643340110778809,1.1796875,84.01171875,0.0,237.9375,18,18,0,0,float32,,,,,,
inference,uyoco,,torch,3,none,passed,,163401216,24,12,research-baseline,experiments/l40s/results/research-baselines/inference-uyoco-torch-t03-none.json,24.144832611083984,1.0024614334106445,24.174617996322922,17.213099161783855,1.0103960037231445,1.19921875,25.458688735961914,1.213785171508789,25.4808640020201,17.1868158976237,1.221719741821289,1.625,21.984256744384766,0.9915556907653809,22.026405997166876,3.605504035949707,0.9994902610778809,1.26953125,120.01171875,0.0,237.9375,24,24,0,0,float32,,,,,,
inference,uyoco,,torch,4,none,passed,,163401216,30,12,research-baseline,experiments/l40s/results/research-baselines/inference-uyoco-torch-t04-none.json,31.127552032470703,1.0024614334106445,31.155084005149547,22.60991923014323,1.0103960037231445,1.19921875,33.61689758300781,1.319253921508789,33.6432319963933,22.59076182047526,1.327199935913086,1.82421875,27.688831329345703,1.0267119407653809,27.72494199598441,4.588533401489258,1.0346465110778809,1.359375,156.01171875,0.0,237.9375,30,30,0,0,float32,,,,,,
inference,uyoco,,torch,5,none,passed,,163401216,36,12,research-baseline,experiments/l40s/results/research-baselines/inference-uyoco-torch-t05-none.json,38.523902893066406,1.0024614334106445,38.550834004126955,28.16546122233073,1.0103960037231445,1.19921875,40.2657585144043,1.424722671508789,40.29559400078142,28.098902384440105,1.432657241821289,2.04296875,34.151424407958984,1.0618681907653809,34.173980995547026,5.572256088256836,1.0698027610778809,1.46875,192.01171875,0.0,237.9375,36,36,0,0,float32,,,,,,
inference,uyoco,,torch,6,none,passed,,163401216,42,12,research-baseline,experiments/l40s/results/research-baselines/inference-uyoco-torch-t06-none.json,44.391361236572266,1.0024614334106445,44.41650999797275,33.56910959879557,1.0103960037231445,1.19921875,47.85660934448242,1.530191421508789,47.89826300111599,33.456128438313804,1.538137435913086,2.26171875,39.82438278198242,1.0970244407653809,39.84662100265268,6.554623921712239,1.1049590110778809,1.578125,228.01171875,0.0,237.9375,42,42,0,0,float32,,,,,,
inference,uyoco,,torch,7,none,passed,,163401216,48,12,research-baseline,experiments/l40s/results/research-baselines/inference-uyoco-torch-t07-none.json,50.949119567871094,1.0024614334106445,50.98074099805672,39.1014404296875,1.0103960037231445,1.19921875,53.733375549316406,1.635660171508789,53.75590000039665,38.95671590169271,1.643594741821289,2.48046875,44.44259262084961,1.1321806907653809,44.46619100053795,7.540053049723308,1.1401152610778809,1.6875,264.01171875,0.0,237.9375,48,48,0,0,float32,,,,,,
inference,uyoco,,torch,8,none,passed,,163401216,54,12,research-baseline,experiments/l40s/results/research-baselines/inference-uyoco-torch-t08-none.json,57.30624008178711,1.0024614334106445,57.33426599908853,44.62660217285156,1.0103960037231445,1.19921875,63.903743743896484,1.741128921508789,63.93715299782343,44.42825826009115,1.749074935913086,2.69921875,53.718017578125,1.1673369407653809,53.73847399459919,8.519338607788086,1.1752715110778809,1.796875,300.01171875,0.0,237.9375,54,54,0,0,float32,,,,,,
inference,uyoco,,torch,9,none,passed,,163401216,60,12,research-baseline,experiments/l40s/results/research-baselines/inference-uyoco-torch-t09-none.json,104.11929321289062,1.0024614334106445,104.15498100337572,49.811116536458336,1.0103960037231445,1.19921875,68.30496215820312,1.846597671508789,68.3407670003362,49.58270772298177,1.854532241821289,2.91796875,56.91068649291992,1.2024931907653809,56.95618399477098,9.501696268717447,1.2104277610778809,1.90625,336.01171875,0.0,237.9375,60,60,0,0,float32,,,,,,
inference,uyoco,,torch,10,none,passed,,163401216,66,12,research-baseline,experiments/l40s/results/research-baselines/inference-uyoco-torch-t10-none.json,74.47650909423828,1.0024614334106445,74.49946899578208,54.94852193196615,1.0103960037231445,1.19921875,74.70285034179688,1.952066421508789,74.72612399578793,54.75293986002604,1.960012435913086,3.13671875,65.870849609375,1.2376494407653809,65.89192899991758,10.484394709269205,1.2455840110778809,2.015625,372.01171875,0.0,237.9375,66,66,0,0,float32,,,,,,
inference,uyoco,,torch,11,none,passed,,163401216,72,12,research-baseline,experiments/l40s/results/research-baselines/inference-uyoco-torch-t11-none.json,81.53190612792969,1.0024614334106445,81.55756300402572,60.85832722981771,1.0103960037231445,1.19921875,84.98579406738281,2.057535171508789,85.0063969992334,60.78191121419271,2.065469741821289,3.35546875,70.28934478759766,1.2728056907653809,70.31860799907008,11.467093149820963,1.2807402610778809,2.125,408.01171875,0.0,237.9375,72,72,0,0,float32,,,,,,
inference,uyoco,,torch,12,none,passed,,163401216,78,12,research-baseline,experiments/l40s/results/research-baselines/inference-uyoco-torch-t12-none.json,87.34809875488281,1.0024614334106445,87.37141000165138,66.63782246907552,1.0103960037231445,1.19921875,91.21382141113281,2.163003921508789,91.23782400274649,66.47564697265625,2.170949935913086,3.57421875,79.3733139038086,1.3079619407653809,79.39503600209719,12.45798365275065,1.3158965110778809,2.234375,444.01171875,0.0,237.9375,78,78,0,0,float32,,,,,,
inference,uyoco,,torch,13,none,passed,,163401216,84,12,research-baseline,experiments/l40s/results/research-baselines/inference-uyoco-torch-t13-none.json,143.09683227539062,1.0024614334106445,143.13771999877645,71.24001057942708,1.0103960037231445,1.19921875,97.73567962646484,2.268472671508789,97.75969500333304,70.9014180501302,2.276407241821289,3.79296875,86.11225891113281,1.3431181907653809,86.1334259971045,13.43112564086914,1.3510527610778809,2.34375,480.01171875,0.0,237.9375,84,84,0,0,float32,,,,,,
inference,uyoco,,torch,14,none,passed,,163401216,90,12,research-baseline,experiments/l40s/results/research-baselines/inference-uyoco-torch-t14-none.json,107.98079681396484,1.0024614334106445,108.00853300315794,76.81433614095052,1.0103960037231445,1.19921875,106.80831909179688,2.373941421508789,106.83740499371197,76.57710774739583,2.381887435913086,4.01171875,90.15090942382812,1.3782744407653809,90.17642500111833,14.413823445638021,1.3862090110778809,2.453125,516.01171875,0.0,237.9375,90,90,0,0,float32,,,,,,
inference,uyoco,,torch,15,none,passed,,163401216,96,12,research-baseline,experiments/l40s/results/research-baselines/inference-uyoco-torch-t15-none.json,111.2432632446289,1.0024614334106445,111.26852500456152,83.50242106119792,1.0103960037231445,1.19921875,111.77782440185547,2.479410171508789,111.80748899641912,83.2901102701823,2.487344741821289,4.23046875,96.71270751953125,1.4134306907653809,96.73479699995369,15.40164311726888,1.4213652610778809,2.5625,552.01171875,0.0,237.9375,96,96,0,0,float32,,,,,,
inference,uyoco,,torch,16,none,passed,,163401216,102,12,research-baseline,experiments/l40s/results/research-baselines/inference-uyoco-torch-t16-none.json,111.86278533935547,1.0024614334106445,111.8900229994324,87.7888895670573,1.0103960037231445,1.19921875,116.49638366699219,2.584878921508789,116.52100900391815,87.33451334635417,2.592824935913086,4.44921875,99.02591705322266,1.4485869407653809,99.04769700369798,16.3778559366862,1.4565215110778809,2.671875,588.01171875,0.0,237.9375,102,102,0,0,float32,,,,,,
training,attention_only,,tensor,1,ac,passed,,162988800,12,12,research-baseline,experiments/l40s/results/research-baselines/training-attention_only-tensor-t01-ac.json,,,,,,,,,,,,,,,,,,,0.0,0.0,0.0,12,12,0,0,float32,85.85625457763672,2.9047045707702637,85.8858439969481,52.529154459635414,2.9047064781188965,4.537109375
training,attention_only,,tensor,1,none,passed,,162988800,12,12,research-baseline,experiments/l40s/results/research-baselines/training-attention_only-tensor-t01-none.json,,,,,,,,,,,,,,,,,,,0.0,0.0,0.0,12,12,0,0,float32,58.68134307861328,4.192183017730713,58.71486799878767,45.13124084472656,4.193039417266846,6.857421875
training,attention_only,,tensor,2,ac,passed,,162988800,24,12,research-baseline,experiments/l40s/results/research-baselines/training-attention_only-tensor-t02-ac.json,,,,,,,,,,,,,,,,,,,0.0,0.0,0.0,24,12,0,0,float32,137.2046661376953,3.0445971488952637,137.23157899949,71.63596598307292,3.0445990562438965,4.685546875
training,attention_only,,tensor,2,none,passed,,162988800,24,12,research-baseline,experiments/l40s/results/research-baselines/training-attention_only-tensor-t02-none.json,,,,,,,,,,,,,,,,,,,0.0,0.0,0.0,24,12,0,0,float32,88.04659271240234,4.916728496551514,88.07141899887938,60.99626668294271,4.9175848960876465,8.384765625
training,attention_only,,tensor,3,ac,passed,,162988800,36,12,research-baseline,experiments/l40s/results/research-baselines/training-attention_only-tensor-t03-ac.json,,,,,,,,,,,,,,,,,,,0.0,0.0,0.0,36,12,0,0,float32,184.56268310546875,3.184492588043213,184.58978799753822,90.76906331380208,3.1844944953918457,4.92578125
training,attention_only,,tensor,3,none,passed,,162988800,36,12,research-baseline,experiments/l40s/results/research-baselines/training-attention_only-tensor-t03-none.json,,,,,,,,,,,,,,,,,,,0.0,0.0,0.0,36,12,0,0,float32,121.417724609375,5.620042324066162,121.44396799703827,76.57949829101562,5.620898723602295,9.880859375
training,attention_only,,tensor,4,ac,passed,,162988800,48,12,research-baseline,experiments/l40s/results/research-baselines/training-attention_only-tensor-t04-ac.json,,,,,,,,,,,,,,,,,,,0.0,0.0,0.0,48,12,0,0,float32,235.03768920898438,3.327070713043213,235.06603600253584,109.88817342122395,3.3270726203918457,5.21484375
training,attention_only,,tensor,4,none,passed,,162988800,48,12,research-baseline,experiments/l40s/results/research-baselines/training-attention_only-tensor-t04-none.json,,,,,,,,,,,,,,,,,,,0.0,0.0,0.0,48,12,0,0,float32,150.6129913330078,6.325547695159912,150.63948800525395,92.3511454264323,6.326404094696045,11.388671875
training,attention_only,,tensor,5,ac,passed,,162988800,60,12,research-baseline,experiments/l40s/results/research-baselines/training-attention_only-tensor-t05-ac.json,,,,,,,,,,,,,,,,,,,0.0,0.0,0.0,60,12,0,0,float32,284.35455322265625,3.471113681793213,284.3831260033767,128.79047648111978,3.4711155891418457,5.5078125
training,attention_only,,tensor,5,none,passed,,162988800,60,12,research-baseline,experiments/l40s/results/research-baselines/training-attention_only-tensor-t05-none.json,,,,,,,,,,,,,,,,,,,0.0,0.0,0.0,60,12,0,0,float32,185.21600341796875,7.031053066253662,185.24885299848393,107.72855631510417,7.031909465789795,12.892578125
training,attention_only,,tensor,6,ac,passed,,162988800,72,12,research-baseline,experiments/l40s/results/research-baselines/training-attention_only-tensor-t06-ac.json,,,,,,,,,,,,,,,,,,,0.0,0.0,0.0,72,12,0,0,float32,329.7177734375,3.620527744293213,329.7451859980356,148.50487263997397,3.6205296516418457,5.7890625
training,attention_only,,tensor,6,none,passed,,162988800,72,12,research-baseline,experiments/l40s/results/research-baselines/training-attention_only-tensor-t06-none.json,,,,,,,,,,,,,,,,,,,0.0,0.0,0.0,72,12,0,0,float32,219.1636505126953,7.736558437347412,219.1921400008141,123.84324137369792,7.737414836883545,14.396484375
training,attention_only,,tensor,7,ac,passed,,162988800,84,12,research-baseline,experiments/l40s/results/research-baselines/training-attention_only-tensor-t07-ac.json,,,,,,,,,,,,,,,,,,,0.0,0.0,0.0,84,12,0,0,float32,389.7271728515625,3.769941806793213,389.76786300190724,167.8902587890625,3.7699437141418457,6.0703125
training,attention_only,,tensor,7,none,passed,,162988800,84,12,research-baseline,experiments/l40s/results/research-baselines/training-attention_only-tensor-t07-none.json,,,,,,,,,,,,,,,,,,,0.0,0.0,0.0,84,12,0,0,float32,254.80703735351562,8.442063808441162,254.84329699975206,139.64424641927084,8.442920207977295,15.900390625
training,attention_only,,tensor,8,ac,passed,,162988800,96,12,research-baseline,experiments/l40s/results/research-baselines/training-attention_only-tensor-t08-ac.json,,,,,,,,,,,,,,,,,,,0.0,0.0,0.0,96,12,0,0,float32,437.3985290527344,3.919355869293213,437.4333419982577,186.5328572591146,3.9193577766418457,6.3515625
training,attention_only,,tensor,8,none,passed,,162988800,96,12,research-baseline,experiments/l40s/results/research-baselines/training-attention_only-tensor-t08-none.json,,,,,,,,,,,,,,,,,,,0.0,0.0,0.0,96,12,0,0,float32,279.8110656738281,9.147569179534912,279.84189800190507,154.8612263997396,9.148425579071045,17.404296875
training,attention_only,,tensor,9,ac,passed,,162988800,108,12,research-baseline,experiments/l40s/results/research-baselines/training-attention_only-tensor-t09-ac.json,,,,,,,,,,,,,,,,,,,0.0,0.0,0.0,108,12,0,0,float32,490.1877746582031,4.065840244293213,490.2135800002725,205.50040690104166,4.065842151641846,6.6328125
training,attention_only,,tensor,9,none,passed,,162988800,108,12,research-baseline,experiments/l40s/results/research-baselines/training-attention_only-tensor-t09-none.json,,,,,,,,,,,,,,,,,,,0.0,0.0,0.0,108,12,0,0,float32,320.5765075683594,9.853074550628662,320.6062489989563,170.57211303710938,9.853930950164795,18.912109375
training,attention_only,,tensor,10,ac,passed,,162988800,120,12,research-baseline,experiments/l40s/results/research-baselines/training-attention_only-tensor-t10-ac.json,,,,,,,,,,,,,,,,,,,0.0,0.0,0.0,120,12,0,0,float32,530.5548095703125,4.206465244293213,530.6009050036664,224.2262980143229,4.206467151641846,6.9140625
training,attention_only,,tensor,10,none,passed,,162988800,120,12,research-baseline,experiments/l40s/results/research-baselines/training-attention_only-tensor-t10-none.json,,,,,,,,,,,,,,,,,,,0.0,0.0,0.0,120,12,0,0,float32,344.4264831542969,10.558579921722412,344.45927899650997,185.63480631510416,10.559436321258545,20.416015625
training,attention_only,,tensor,11,ac,passed,,162988800,132,12,research-baseline,experiments/l40s/results/research-baselines/training-attention_only-tensor-t11-ac.json,,,,,,,,,,,,,,,,,,,0.0,0.0,0.0,132,12,0,0,float32,593.5267944335938,4.347090244293213,593.5543190062162,243.8130086263021,4.347092151641846,7.1953125
training,attention_only,,tensor,11,none,passed,,162988800,132,12,research-baseline,experiments/l40s/results/research-baselines/training-attention_only-tensor-t11-none.json,,,,,,,,,,,,,,,,,,,0.0,0.0,0.0,132,12,0,0,float32,379.2301940917969,11.264085292816162,379.2701929996838,201.6252644856771,11.264941692352295,21.919921875
training,attention_only,,tensor,12,ac,passed,,162988800,144,12,research-baseline,experiments/l40s/results/research-baselines/training-attention_only-tensor-t12-ac.json,,,,,,,,,,,,,,,,,,,0.0,0.0,0.0,144,12,0,0,float32,641.65478515625,4.487715244293213,641.6870839966577,263.0004069010417,4.487717151641846,7.4765625
training,attention_only,,tensor,12,none,passed,,162988800,144,12,research-baseline,experiments/l40s/results/research-baselines/training-attention_only-tensor-t12-none.json,,,,,,,,,,,,,,,,,,,0.0,0.0,0.0,144,12,0,0,float32,398.91455078125,11.969590663909912,398.9407429980929,217.50579833984375,11.970447063446045,23.423828125
training,attention_only,,tensor,13,ac,passed,,162988800,156,12,research-baseline,experiments/l40s/results/research-baselines/training-attention_only-tensor-t13-ac.json,,,,,,,,,,,,,,,,,,,0.0,0.0,0.0,156,12,0,0,float32,694.9734497070312,4.628340244293213,695.0239349971525,282.2591145833333,4.628342151641846,7.7578125
training,attention_only,,tensor,13,none,passed,,162988800,156,12,research-baseline,experiments/l40s/results/research-baselines/training-attention_only-tensor-t13-none.json,,,,,,,,,,,,,,,,,,,0.0,0.0,0.0,156,12,0,0,float32,447.0865783691406,12.675096035003662,447.11587599886116,233.19108072916666,12.675952434539795,24.931640625
training,attention_only,,tensor,14,ac,passed,,162988800,168,12,research-baseline,experiments/l40s/results/research-baselines/training-attention_only-tensor-t14-ac.json,,,,,,,,,,,,,,,,,,,0.0,0.0,0.0,168,12,0,0,float32,745.1494140625,4.768965244293213,745.1787719983258,302.10422770182294,4.768967151641846,8.0390625
training,attention_only,,tensor,14,none,passed,,162988800,168,12,research-baseline,experiments/l40s/results/research-baselines/training-attention_only-tensor-t14-none.json,,,,,,,,,,,,,,,,,,,0.0,0.0,0.0,168,12,0,0,float32,473.74951171875,13.380601406097412,473.78163800021866,250.0484619140625,13.381457805633545,26.435546875
training,attention_only,,tensor,15,ac,passed,,162988800,180,12,research-baseline,experiments/l40s/results/research-baselines/training-attention_only-tensor-t15-ac.json,,,,,,,,,,,,,,,,,,,0.0,0.0,0.0,180,12,0,0,float32,789.4599609375,4.909590244293213,789.4950609988882,322.2176513671875,4.909592151641846,8.3203125
training,attention_only,,tensor,15,none,passed,,162988800,180,12,research-baseline,experiments/l40s/results/research-baselines/training-attention_only-tensor-t15-none.json,,,,,,,,,,,,,,,,,,,0.0,0.0,0.0,180,12,0,0,float32,507.1993103027344,14.086106777191162,507.2303520064452,265.74094645182294,14.086963176727295,27.939453125
training,attention_only,,tensor,16,ac,passed,,162988800,192,12,research-baseline,experiments/l40s/results/research-baselines/training-attention_only-tensor-t16-ac.json,,,,,,,,,,,,,,,,,,,0.0,0.0,0.0,192,12,0,0,float32,854.9713745117188,5.050215244293213,855.009582999628,339.74477132161456,5.050217151641846,8.6015625
training,attention_only,,tensor,16,none,passed,,162988800,192,12,research-baseline,experiments/l40s/results/research-baselines/training-attention_only-tensor-t16-none.json,,,,,,,,,,,,,,,,,,,0.0,0.0,0.0,192,12,0,0,float32,552.6773681640625,14.791612148284912,552.713646000484,280.02162679036456,14.792468547821045,29.443359375
training,attention_only,,torch,1,ac,passed,,162988800,12,12,research-baseline,experiments/l40s/results/research-baselines/training-attention_only-torch-t01-ac.json,,,,,,,,,,,,,,,,,,,0.0,0.0,0.0,12,12,0,0,float32,63.66515350341797,4.516669273376465,63.69482300215168,57.26720174153646,4.532845497131348,8.759765625
training,attention_only,,torch,1,none,passed,,162988800,12,12,research-baseline,experiments/l40s/results/research-baselines/training-attention_only-torch-t01-none.json,,,,,,,,,,,,,,,,,,,0.0,0.0,0.0,12,12,0,0,float32,53.2756462097168,5.9135284423828125,53.3079410015489,52.23389689127604,5.9229936599731445,11.2109375
training,attention_only,,torch,2,ac,passed,,162988800,24,12,research-baseline,experiments/l40s/results/research-baselines/training-attention_only-torch-t02-ac.json,,,,,,,,,,,,,,,,,,,0.0,0.0,0.0,24,12,0,0,float32,83.06995391845703,4.656808853149414,83.09927499794867,71.12157694498698,4.672985076904297,9.052734375
training,attention_only,,torch,2,none,passed,,162988800,24,12,research-baseline,experiments/l40s/results/research-baselines/training-attention_only-torch-t02-none.json,,,,,,,,,,,,,,,,,,,0.0,0.0,0.0,24,12,0,0,float32,66.61837005615234,6.619289398193359,66.65046399575658,63.25895690917969,6.634369850158691,12.75390625
training,attention_only,,torch,3,ac,passed,,162988800,36,12,research-baseline,experiments/l40s/results/research-baselines/training-attention_only-torch-t03-ac.json,,,,,,,,,,,,,,,,,,,0.0,0.0,0.0,36,12,0,0,float32,111.18077087402344,4.798901557922363,111.21074999391567,85.3411865234375,4.815077781677246,9.333984375
training,attention_only,,torch,3,none,passed,,162988800,36,12,research-baseline,experiments/l40s/results/research-baselines/training-attention_only-torch-t03-none.json,,,,,,,,,,,,,,,,,,,0.0,0.0,0.0,36,12,0,0,float32,80.17203521728516,7.3303022384643555,80.20073700026842,74.83221435546875,7.3475799560546875,14.3125
training,attention_only,,torch,4,ac,passed,,162988800,48,12,research-baseline,experiments/l40s/results/research-baselines/training-attention_only-torch-t04-ac.json,,,,,,,,,,,,,,,,,,,0.0,0.0,0.0,48,12,0,0,float32,138.61990356445312,4.948071479797363,138.65455600171117,99.86423746744792,4.964247703552246,9.615234375
training,attention_only,,torch,4,none,passed,,162988800,48,12,research-baseline,experiments/l40s/results/research-baselines/training-attention_only-torch-t04-none.json,,,,,,,,,,,,,,,,,,,0.0,0.0,0.0,48,12,0,0,float32,94.20800018310547,8.039112091064453,94.24002600280801,86.46895345052083,8.054192543029785,15.859375
training,attention_only,,torch,5,ac,passed,,162988800,60,12,research-baseline,experiments/l40s/results/research-baselines/training-attention_only-torch-t05-ac.json,,,,,,,,,,,,,,,,,,,0.0,0.0,0.0,60,12,0,0,float32,167.7382354736328,5.097485542297363,167.77346299932105,113.4714864095052,5.113661766052246,9.896484375
training,attention_only,,torch,5,none,passed,,162988800,60,12,research-baseline,experiments/l40s/results/research-baselines/training-attention_only-torch-t05-none.json,,,,,,,,,,,,,,,,,,,0.0,0.0,0.0,60,12,0,0,float32,107.03750610351562,8.75036907196045,107.06782800116343,97.46841430664062,8.767402648925781,17.41796875
training,attention_only,,torch,6,ac,passed,,162988800,72,12,research-baseline,experiments/l40s/results/research-baselines/training-attention_only-torch-t06-ac.json,,,,,,,,,,,,,,,,,,,0.0,0.0,0.0,72,12,0,0,float32,191.5115509033203,5.246899604797363,191.54392400378129,127.91432698567708,5.263075828552246,10.177734375
training,attention_only,,torch,6,none,passed,,162988800,72,12,research-baseline,experiments/l40s/results/research-baselines/training-attention_only-torch-t06-none.json,,,,,,,,,,,,,,,,,,,0.0,0.0,0.0,72,12,0,0,float32,120.45619201660156,9.459911346435547,120.48877300549066,109.31336466471355,9.474015235900879,18.9609375
training,attention_only,,torch,7,ac,passed,,162988800,84,12,research-baseline,experiments/l40s/results/research-baselines/training-attention_only-torch-t07-ac.json,,,,,,,,,,,,,,,,,,,0.0,0.0,0.0,84,12,0,0,float32,225.84934997558594,5.395581245422363,225.88538599666208,142.48482259114584,5.411757469177246,10.458984375
training,attention_only,,torch,7,none,passed,,162988800,84,12,research-baseline,experiments/l40s/results/research-baselines/training-attention_only-torch-t07-none.json,,,,,,,,,,,,,,,,,,,0.0,0.0,0.0,84,12,0,0,float32,135.2623291015625,10.167017936706543,135.30012399860425,120.9364522298177,10.187225341796875,20.51953125
training,attention_only,,torch,8,ac,passed,,162988800,96,12,research-baseline,experiments/l40s/results/research-baselines/training-attention_only-torch-t08-ac.json,,,,,,,,,,,,,,,,,,,0.0,0.0,0.0,96,12,0,0,float32,255.25552368164062,5.539135932922363,255.28720500005875,156.119384765625,5.555312156677246,10.740234375
training,attention_only,,torch,8,none,passed,,162988800,96,12,research-baseline,experiments/l40s/results/research-baselines/training-attention_only-torch-t08-none.json,,,,,,,,,,,,,,,,,,,0.0,0.0,0.0,96,12,0,0,float32,148.5455322265625,10.88022232055664,148.57759699953021,131.7887980143229,10.893837928771973,22.064453125
training,attention_only,,torch,9,ac,passed,,162988800,108,12,research-baseline,experiments/l40s/results/research-baselines/training-attention_only-torch-t09-ac.json,,,,,,,,,,,,,,,,,,,0.0,0.0,0.0,108,12,0,0,float32,273.85650634765625,5.679760932922363,273.8929370025289,169.94849650065103,5.695937156677246,11.021484375
training,attention_only,,torch,9,none,passed,,162988800,108,12,research-baseline,experiments/l40s/results/research-baselines/training-attention_only-torch-t09-none.json,,,,,,,,,,,,,,,,,,,0.0,0.0,0.0,108,12,0,0,float32,162.59376525878906,11.590502738952637,162.62521600583568,143.17157999674478,11.607048034667969,23.625
training,attention_only,,torch,10,ac,passed,,162988800,120,12,research-baseline,experiments/l40s/results/research-baselines/training-attention_only-torch-t10-ac.json,,,,,,,,,,,,,,,,,,,0.0,0.0,0.0,120,12,0,0,float32,303.9129638671875,5.820385932922363,303.9438190025976,185.22794596354166,5.836562156677246,11.302734375
training,attention_only,,torch,10,none,passed,,162988800,120,12,research-baseline,experiments/l40s/results/research-baselines/training-attention_only-torch-t10-none.json,,,,,,,,,,,,,,,,,,,0.0,0.0,0.0,120,12,0,0,float32,176.8785858154297,12.299800872802734,176.94232899521012,155.37391153971353,12.313660621643066,25.16796875
training,attention_only,,torch,11,ac,passed,,162988800,132,12,research-baseline,experiments/l40s/results/research-baselines/training-attention_only-torch-t11-ac.json,,,,,,,,,,,,,,,,,,,0.0,0.0,0.0,132,12,0,0,float32,331.1626281738281,5.961010932922363,331.1949449998792,198.255615234375,5.977187156677246,11.583984375
training,attention_only,,torch,11,none,passed,,162988800,132,12,research-baseline,experiments/l40s/results/research-baselines/training-attention_only-torch-t11-none.json,,,,,,,,,,,,,,,,,,,0.0,0.0,0.0,132,12,0,0,float32,188.61363220214844,13.00422191619873,188.64749200292863,165.97742716471353,13.020278930664062,26.7265625
training,attention_only,,torch,12,ac,passed,,162988800,144,12,research-baseline,experiments/l40s/results/research-baselines/training-attention_only-torch-t12-ac.json,,,,,,,,,,,,,,,,,,,0.0,0.0,0.0,144,12,0,0,float32,371.7939147949219,6.101635932922363,371.8262760012294,212.81962076822916,6.117812156677246,11.865234375
training,attention_only,,torch,12,none,passed,,162988800,144,12,research-baseline,experiments/l40s/results/research-baselines/training-attention_only-torch-t12-none.json,,,,,,,,,,,,,,,,,,,0.0,0.0,0.0,144,12,0,0,float32,202.72128295898438,13.709857940673828,202.7643219989841,177.6892293294271,13.72469425201416,28.26953125
training,attention_only,,torch,13,ac,passed,,162988800,156,12,research-baseline,experiments/l40s/results/research-baselines/training-attention_only-torch-t13-ac.json,,,,,,,,,,,,,,,,,,,0.0,0.0,0.0,156,12,0,0,float32,393.4975891113281,6.242260932922363,393.5356839938322,227.0198974609375,6.258437156677246,12.146484375
training,attention_only,,torch,13,none,passed,,162988800,156,12,research-baseline,experiments/l40s/results/research-baselines/training-attention_only-torch-t13-none.json,,,,,,,,,,,,,,,,,,,0.0,0.0,0.0,156,12,0,0,float32,218.01881408691406,14.416720390319824,218.04982199682854,189.1747843424479,14.431312561035156,29.83203125
training,attention_only,,torch,14,ac,passed,,162988800,168,12,research-baseline,experiments/l40s/results/research-baselines/training-attention_only-torch-t14-ac.json,,,,,,,,,,,,,,,,,,,0.0,0.0,0.0,168,12,0,0,float32,427.70123291015625,6.382885932922363,427.7327919990057,242.04083251953125,6.399062156677246,12.427734375
training,attention_only,,torch,14,none,passed,,162988800,168,12,research-baseline,experiments/l40s/results/research-baselines/training-attention_only-torch-t14-none.json,,,,,,,,,,,,,,,,,,,0.0,0.0,0.0,168,12,0,0,float32,231.30726623535156,15.121379852294922,231.36924100253964,200.9743448893229,15.135727882385254,31.375
training,attention_only,,torch,15,ac,passed,,162988800,180,12,research-baseline,experiments/l40s/results/research-baselines/training-attention_only-torch-t15-ac.json,,,,,,,,,,,,,,,,,,,0.0,0.0,0.0,180,12,0,0,float32,456.1182861328125,6.523510932922363,456.1547179982881,256.6174723307292,6.539687156677246,12.708984375
training,attention_only,,torch,15,none,passed,,162988800,180,12,research-baseline,experiments/l40s/results/research-baselines/training-attention_only-torch-t15-none.json,,,,,,,,,,,,,,,,,,,0.0,0.0,0.0,180,12,0,0,float32,244.30181884765625,15.826289176940918,244.3399039984797,213.34151204427084,15.84234619140625,32.93359375
training,attention_only,,torch,16,ac,passed,,162988800,192,12,research-baseline,experiments/l40s/results/research-baselines/training-attention_only-torch-t16-ac.json,,,,,,,,,,,,,,,,,,,0.0,0.0,0.0,192,12,0,0,float32,484.92236328125,6.664135932922363,484.9619199958397,269.09560139973956,6.680312156677246,12.990234375
training,attention_only,,torch,16,none,passed,,162988800,192,12,research-baseline,experiments/l40s/results/research-baselines/training-attention_only-torch-t16-none.json,,,,,,,,,,,,,,,,,,,0.0,0.0,0.0,192,12,0,0,float32,256.1957092285156,16.533878326416016,256.2337720009964,223.0859171549479,16.546761512756348,34.4765625
training,grt,,tensor,1,ac,passed,,165960960,12,12,research-baseline,experiments/l40s/results/research-baselines/training-grt-tensor-t01-ac.json,,,,,,,,,,,,,,,,,,,0.0,0.0,0.0,12,12,1,1,bfloat16,87.57030487060547,2.873598575592041,87.59633299632696,53.02101135253906,2.8736014366149902,4.6796875
training,grt,,tensor,1,none,passed,,165960960,12,12,research-baseline,experiments/l40s/results/research-baselines/training-grt-tensor-t01-none.json,,,,,,,,,,,,,,,,,,,0.0,0.0,0.0,12,12,1,1,bfloat16,63.487998962402344,4.145080089569092,63.51212900335668,45.4659423828125,4.145937442779541,6.796875
training,grt,,tensor,2,ac,passed,,165960960,20,12,research-baseline,experiments/l40s/results/research-baselines/training-grt-tensor-t02-ac.json,,,,,,,,,,,,,,,,,,,0.0,0.0,0.0,20,20,2,2,bfloat16,135.39840698242188,3.045318126678467,135.42947800306138,78.20909627278645,3.044344425201416,4.73046875
training,grt,,tensor,2,none,passed,,165960960,20,12,research-baseline,experiments/l40s/results/research-baselines/training-grt-tensor-t02-none.json,,,,,,,,,,,,,,,,,,,0.0,0.0,0.0,20,20,2,2,bfloat16,97.88825225830078,5.117095470428467,97.91585800121538,65.6370340983073,5.117952823638916,8.8359375
training,grt,,tensor,3,ac,passed,,165960960,28,12,research-baseline,experiments/l40s/results/research-baselines/training-grt-tensor-t03-ac.json,,,,,,,,,,,,,,,,,,,0.0,0.0,0.0,28,28,3,3,bfloat16,184.5207061767578,3.217650890350342,184.54509299772326,102.82154337565105,3.216555118560791,5.044921875
training,grt,,tensor,3,none,passed,,165960960,28,12,research-baseline,experiments/l40s/results/research-baselines/training-grt-tensor-t03-none.json,,,,,,,,,,,,,,,,,,,0.0,0.0,0.0,28,28,3,3,bfloat16,129.0680389404297,6.0930256843566895,129.0926590008894,85.32718912760417,6.092662334442139,10.865234375
training,grt,,tensor,4,ac,passed,,165960960,36,12,research-baseline,experiments/l40s/results/research-baselines/training-grt-tensor-t04-ac.json,,,,,,,,,,,,,,,,,,,0.0,0.0,0.0,36,36,4,4,bfloat16,238.08819580078125,3.388518810272217,238.11098800069885,127.4982401529948,3.388521671295166,5.384765625
training,grt,,tensor,4,none,passed,,165960960,36,12,research-baseline,experiments/l40s/results/research-baselines/training-grt-tensor-t04-none.json,,,,,,,,,,,,,,,,,,,0.0,0.0,0.0,36,36,4,4,bfloat16,162.48422241210938,7.069182872772217,162.51665000163484,105.18118286132812,7.069307804107666,12.904296875
training,grt,,tensor,5,ac,passed,,165960960,44,12,research-baseline,experiments/l40s/results/research-baselines/training-grt-tensor-t05-ac.json,,,,,,,,,,,,,,,,,,,0.0,0.0,0.0,44,44,5,5,bfloat16,289.1018371582031,3.559752941131592,289.12866399332415,152.22545369466147,3.559755802154541,5.771484375
training,grt,,tensor,5,none,passed,,165960960,44,12,research-baseline,experiments/l40s/results/research-baselines/training-grt-tensor-t05-none.json,,,,,,,,,,,,,,,,,,,0.0,0.0,0.0,44,44,5,5,bfloat16,195.51426696777344,8.045348644256592,195.53993199951947,124.97544352213542,8.045473575592041,14.943359375
training,grt,,tensor,6,ac,passed,,165960960,52,12,research-baseline,experiments/l40s/results/research-baselines/training-grt-tensor-t06-ac.json,,,,,,,,,,,,,,,,,,,0.0,0.0,0.0,52,52,6,6,bfloat16,341.8561706542969,3.731963634490967,341.88168500259053,177.8387654622396,3.731966495513916,6.109375
training,grt,,tensor,6,none,passed,,165960960,52,12,research-baseline,experiments/l40s/results/research-baselines/training-grt-tensor-t06-none.json,,,,,,,,,,,,,,,,,,,0.0,0.0,0.0,52,52,6,6,bfloat16,229.65554809570312,9.021514415740967,229.68499399576103,145.59431966145834,9.021639347076416,16.978515625
training,grt,,tensor,7,ac,passed,,165960960,60,12,research-baseline,experiments/l40s/results/research-baselines/training-grt-tensor-t07-ac.json,,,,,,,,,,,,,,,,,,,0.0,0.0,0.0,60,60,7,7,bfloat16,384.77105712890625,3.904174327850342,384.79702299810015,202.50248209635416,3.904177188873291,6.45703125
training,grt,,tensor,7,none,passed,,165960960,60,12,research-baseline,experiments/l40s/results/research-baselines/training-grt-tensor-t07-none.json,,,,,,,,,,,,,,,,,,,0.0,0.0,0.0,60,60,7,7,bfloat16,265.7514953613281,9.993285655975342,265.7794390033814,165.1568603515625,9.993410587310791,18.998046875
training,grt,,tensor,8,ac,passed,,165960960,68,12,research-baseline,experiments/l40s/results/research-baselines/training-grt-tensor-t08-ac.json,,,,,,,,,,,,,,,,,,,0.0,0.0,0.0,68,68,8,8,bfloat16,430.47845458984375,4.076385021209717,430.5050949988072,227.80757649739584,4.076387882232666,6.779296875
training,grt,,tensor,8,none,passed,,165960960,68,12,research-baseline,experiments/l40s/results/research-baselines/training-grt-tensor-t08-none.json,,,,,,,,,,,,,,,,,,,0.0,0.0,0.0,68,68,8,8,bfloat16,298.83905029296875,10.962127208709717,298.8711770012742,185.47981770833334,10.962252140045166,21.025390625
training,grt,,tensor,9,ac,passed,,165960960,76,12,research-baseline,experiments/l40s/results/research-baselines/training-grt-tensor-t09-ac.json,,,,,,,,,,,,,,,,,,,0.0,0.0,0.0,76,76,9,9,bfloat16,499.57989501953125,4.249328136444092,499.6074119990226,251.4913330078125,4.248598575592041,7.126953125
training,grt,,tensor,9,none,passed,,165960960,76,12,research-baseline,experiments/l40s/results/research-baselines/training-grt-tensor-t09-none.json,,,,,,,,,,,,,,,,,,,0.0,0.0,0.0,76,76,9,9,bfloat16,324.1502685546875,11.930968761444092,324.1903870002716,204.81024169921875,11.931093692779541,23.052734375
training,grt,,tensor,10,ac,passed,,165960960,84,12,research-baseline,experiments/l40s/results/research-baselines/training-grt-tensor-t10-ac.json,,,,,,,,,,,,,,,,,,,0.0,0.0,0.0,84,84,10,10,bfloat16,550.3856811523438,4.420806407928467,550.4116089941817,275.9621988932292,4.420809268951416,7.46484375
training,grt,,tensor,10,none,passed,,165960960,84,12,research-baseline,experiments/l40s/results/research-baselines/training-grt-tensor-t10-none.json,,,,,,,,,,,,,,,,,,,0.0,0.0,0.0,84,84,10,10,bfloat16,356.0693664550781,12.899810314178467,356.0987979944912,224.4955851236979,12.899935245513916,25.080078125
training,grt,,tensor,11,ac,passed,,165960960,92,12,research-baseline,experiments/l40s/results/research-baselines/training-grt-tensor-t11-ac.json,,,,,,,,,,,,,,,,,,,0.0,0.0,0.0,92,92,11,11,bfloat16,587.7741088867188,4.593017101287842,587.8004909973242,301.9833984375,4.593019962310791,7.8125
training,grt,,tensor,11,none,passed,,165960960,92,12,research-baseline,experiments/l40s/results/research-baselines/training-grt-tensor-t11-none.json,,,,,,,,,,,,,,,,,,,0.0,0.0,0.0,92,92,11,11,bfloat16,403.0198669433594,13.868651866912842,403.0509579970385,249.5146280924479,13.868776798248291,27.107421875
training,grt,,tensor,12,ac,passed,,165960960,100,12,research-baseline,experiments/l40s/results/research-baselines/training-grt-tensor-t12-ac.json,,,,,,,,,,,,,,,,,,,0.0,0.0,0.0,100,100,12,12,bfloat16,691.5932006835938,4.765227794647217,691.6266670014011,325.3343505859375,4.765230655670166,8.146484375
training,grt,,tensor,12,none,passed,,165960960,100,12,research-baseline,experiments/l40s/results/research-baselines/training-grt-tensor-t12-none.json,,,,,,,,,,,,,,,,,,,0.0,0.0,0.0,100,100,12,12,bfloat16,437.8030090332031,14.837493419647217,437.8319149982417,263.81414794921875,14.837618350982666,29.134765625
training,grt,,tensor,13,ac,passed,,165960960,108,12,research-baseline,experiments/l40s/results/research-baselines/training-grt-tensor-t13-ac.json,,,,,,,,,,,,,,,,,,,0.0,0.0,0.0,108,108,13,13,bfloat16,698.6854248046875,4.937926769256592,698.7274359998992,350.8623453776042,4.937441349029541,8.494140625
training,grt,,tensor,13,none,passed,,165960960,108,12,research-baseline,experiments/l40s/results/research-baselines/training-grt-tensor-t13-none.json,,,,,,,,,,,,,,,,,,,0.0,0.0,0.0,108,108,13,13,bfloat16,469.0216979980469,15.806334972381592,469.0514059984707,284.37367757161456,15.806459903717041,31.162109375
training,grt,,tensor,14,ac,passed,,165960960,116,12,research-baseline,experiments/l40s/results/research-baselines/training-grt-tensor-t14-ac.json,,,,,,,,,,,,,,,,,,,0.0,0.0,0.0,116,116,14,14,bfloat16,732.8132934570312,5.109649181365967,732.846304999839,376.2343343098958,5.109652042388916,8.83203125
training,grt,,tensor,14,none,passed,,165960960,116,12,research-baseline,experiments/l40s/results/research-baselines/training-grt-tensor-t14-none.json,,,,,,,,,,,,,,,,,,,0.0,0.0,0.0,116,116,14,14,bfloat16,501.3606262207031,16.775176525115967,501.39147599838907,304.02492268880206,16.775301456451416,33.189453125
training,grt,,tensor,15,ac,passed,,165960960,124,12,research-baseline,experiments/l40s/results/research-baselines/training-grt-tensor-t15-ac.json,,,,,,,,,,,,,,,,,,,0.0,0.0,0.0,124,124,15,15,bfloat16,788.0908813476562,5.281859874725342,788.1219549963134,404.7199300130208,5.281862735748291,9.177734375
training,grt,,tensor,15,none,passed,,165960960,124,12,research-baseline,experiments/l40s/results/research-baselines/training-grt-tensor-t15-none.json,,,,,,,,,,,,,,,,,,,0.0,0.0,0.0,124,124,15,15,bfloat16,533.2346801757812,17.744018077850342,533.2646179958829,327.43284098307294,17.74414300918579,35.216796875
training,grt,,tensor,16,ac,passed,,165960960,132,12,research-baseline,experiments/l40s/results/research-baselines/training-grt-tensor-t16-ac.json,,,,,,,,,,,,,,,,,,,0.0,0.0,0.0,132,132,16,16,bfloat16,855.4088134765625,5.454070568084717,855.4443330067443,427.43603515625,5.454073429107666,9.52734375
training,grt,,tensor,16,none,passed,,165960960,132,12,research-baseline,experiments/l40s/results/research-baselines/training-grt-tensor-t16-none.json,,,,,,,,,,,,,,,,,,,0.0,0.0,0.0,132,132,16,16,bfloat16,586.3679809570312,18.712859630584717,586.4010410004994,346.0177815755208,18.712984561920166,37.244140625
training,grt,,torch,1,ac,passed,,165960960,12,12,research-baseline,experiments/l40s/results/research-baselines/training-grt-torch-t01-ac.json,,,,,,,,,,,,,,,,,,,0.0,0.0,0.0,12,12,1,1,bfloat16,62.22528076171875,4.472138404846191,62.2560319970944,57.514668782552086,4.487827301025391,8.689453125
training,grt,,torch,1,none,passed,,165960960,12,12,research-baseline,experiments/l40s/results/research-baselines/training-grt-torch-t01-none.json,,,,,,,,,,,,,,,,,,,0.0,0.0,0.0,12,12,1,1,bfloat16,53.0247688293457,6.060281753540039,53.05602699809242,52.08644104003906,6.0704803466796875,11.37890625
training,grt,,torch,2,ac,passed,,165960960,20,12,research-baseline,experiments/l40s/results/research-baselines/training-grt-torch-t02-ac.json,,,,,,,,,,,,,,,,,,,0.0,0.0,0.0,20,20,2,2,bfloat16,85.21625518798828,4.617368698120117,85.24954799941042,77.60377502441406,4.632935523986816,8.982421875
training,grt,,torch,2,none,passed,,165960960,20,12,research-baseline,experiments/l40s/results/research-baselines/training-grt-torch-t02-none.json,,,,,,,,,,,,,,,,,,,0.0,0.0,0.0,20,20,2,2,bfloat16,69.7026596069336,7.172929763793945,69.75722200149903,68.23730977376302,7.1794633865356445,13.640625
training,grt,,torch,3,ac,passed,,165960960,28,12,research-baseline,experiments/l40s/results/research-baselines/training-grt-torch-t03-ac.json,,,,,,,,,,,,,,,,,,,0.0,0.0,0.0,28,28,3,3,bfloat16,107.1114273071289,4.767850875854492,107.14481300237821,97.13424682617188,4.780976295471191,9.263671875
training,grt,,torch,3,none,passed,,165960960,28,12,research-baseline,experiments/l40s/results/research-baselines/training-grt-torch-t03-none.json,,,,,,,,,,,,,,,,,,,0.0,0.0,0.0,28,28,3,3,bfloat16,86.0416030883789,8.266046524047852,86.09998399333563,84.10248311360677,8.27135944366455,15.90234375
training,grt,,torch,4,ac,passed,,165960960,36,12,research-baseline,experiments/l40s/results/research-baselines/training-grt-torch-t04-ac.json,,,,,,,,,,,,,,,,,,,0.0,0.0,0.0,36,36,4,4,bfloat16,129.54214477539062,4.912595748901367,129.57113499578554,116.65540568033855,4.928162574768066,9.568359375
training,grt,,torch,4,none,passed,,165960960,36,12,research-baseline,experiments/l40s/results/research-baselines/training-grt-torch-t04-none.json,,,,,,,,,,,,,,,,,,,0.0,0.0,0.0,36,36,4,4,bfloat16,102.38451385498047,9.350618362426758,102.41576500266092,100.06050618489583,9.356663703918457,18.1640625
training,grt,,torch,5,ac,passed,,165960960,44,12,research-baseline,experiments/l40s/results/research-baselines/training-grt-torch-t05-ac.json,,,,,,,,,,,,,,,,,,,0.0,0.0,0.0,44,44,5,5,bfloat16,151.77728271484375,5.060151100158691,151.80749400315108,136.13016764322916,5.075473785400391,9.849609375
training,grt,,torch,5,none,passed,,165960960,44,12,research-baseline,experiments/l40s/results/research-baselines/training-grt-torch-t05-none.json,,,,,,,,,,,,,,,,,,,0.0,0.0,0.0,44,44,5,5,bfloat16,118.3529281616211,10.430429458618164,118.38414100202499,115.7024434407552,10.442700386047363,20.427734375
training,grt,,torch,6,ac,passed,,165960960,52,12,research-baseline,experiments/l40s/results/research-baselines/training-grt-torch-t06-ac.json,,,,,,,,,,,,,,,,,,,0.0,0.0,0.0,52,52,6,6,bfloat16,175.0108184814453,5.204288482666016,175.0424350029789,156.88430786132812,5.220587730407715,10.15625
training,grt,,torch,6,none,passed,,165960960,52,12,research-baseline,experiments/l40s/results/research-baselines/training-grt-torch-t06-none.json,,,,,,,,,,,,,,,,,,,0.0,0.0,0.0,52,52,6,6,bfloat16,135.18637084960938,11.51292610168457,135.21659500111127,132.50115966796875,11.52873706817627,22.689453125
training,grt,,torch,7,ac,passed,,165960960,60,12,research-baseline,experiments/l40s/results/research-baselines/training-grt-torch-t07-ac.json,,,,,,,,,,,,,,,,,,,0.0,0.0,0.0,60,60,7,7,bfloat16,199.47433471679688,5.355503082275391,199.50235000578687,177.1089884440104,5.370822906494141,10.4375
training,grt,,torch,7,none,passed,,165960960,60,12,research-baseline,experiments/l40s/results/research-baselines/training-grt-torch-t07-none.json,,,,,,,,,,,,,,,,,,,0.0,0.0,0.0,60,60,7,7,bfloat16,152.3568572998047,12.598474502563477,152.39332600322086,148.67383829752603,12.614773750305176,24.951171875
training,grt,,torch,8,ac,passed,,165960960,68,12,research-baseline,experiments/l40s/results/research-baselines/training-grt-torch-t08-ac.json,,,,,,,,,,,,,,,,,,,0.0,0.0,0.0,68,68,8,8,bfloat16,222.9923858642578,5.502079010009766,223.02934199979063,195.998046875,5.518866539001465,10.7421875
training,grt,,torch,8,none,passed,,165960960,68,12,research-baseline,experiments/l40s/results/research-baselines/training-grt-torch-t08-none.json,,,,,,,,,,,,,,,,,,,0.0,0.0,0.0,68,68,8,8,bfloat16,168.39967346191406,13.684511184692383,168.43364499800373,164.5608927408854,13.700810432434082,27.21484375
training,grt,,torch,9,ac,passed,,165960960,76,12,research-baseline,experiments/l40s/results/research-baselines/training-grt-torch-t09-ac.json,,,,,,,,,,,,,,,,,,,0.0,0.0,0.0,76,76,9,9,bfloat16,246.54336547851562,5.653779029846191,246.57255900092423,215.42911783854166,5.669101715087891,11.0234375
training,grt,,torch,9,none,passed,,165960960,76,12,research-baseline,experiments/l40s/results/research-baselines/training-grt-torch-t09-none.json,,,,,,,,,,,,,,,,,,,0.0,0.0,0.0,76,76,9,9,bfloat16,184.06605529785156,14.770547866821289,184.10155600577127,179.85774739583334,14.786847114562988,29.4765625
training,grt,,torch,10,ac,passed,,165960960,84,12,research-baseline,experiments/l40s/results/research-baselines/training-grt-torch-t10-ac.json,,,,,,,,,,,,,,,,,,,0.0,0.0,0.0,84,84,10,10,bfloat16,265.9266662597656,5.800846099853516,265.9579550017952,235.5899658203125,5.817145347595215,11.328125
training,grt,,torch,10,none,passed,,165960960,84,12,research-baseline,experiments/l40s/results/research-baselines/training-grt-torch-t10-none.json,,,,,,,,,,,,,,,,,,,0.0,0.0,0.0,84,84,10,10,bfloat16,201.15968322753906,15.856584548950195,201.1926159975701,196.07208251953125,15.872883796691895,31.73828125
training,grt,,torch,11,ac,passed,,165960960,92,12,research-baseline,experiments/l40s/results/research-baselines/training-grt-torch-t11-ac.json,,,,,,,,,,,,,,,,,,,0.0,0.0,0.0,92,92,11,11,bfloat16,292.99713134765625,5.952060699462891,293.03082099795574,254.693359375,5.967380523681641,11.609375
training,grt,,torch,11,none,passed,,165960960,92,12,research-baseline,experiments/l40s/results/research-baselines/training-grt-torch-t11-none.json,,,,,,,,,,,,,,,,,,,0.0,0.0,0.0,92,92,11,11,bfloat16,217.01734924316406,16.9426212310791,217.0766250055749,211.62359619140625,16.9589204788208,34.0
training,grt,,torch,12,ac,passed,,165960960,100,12,research-baseline,experiments/l40s/results/research-baselines/training-grt-torch-t12-ac.json,,,,,,,,,,,,,,,,,,,0.0,0.0,0.0,100,100,12,12,bfloat16,319.3396301269531,6.098636627197266,319.37310499779414,274.6536458333333,6.115424156188965,11.9140625
training,grt,,torch,12,none,passed,,165960960,100,12,research-baseline,experiments/l40s/results/research-baselines/training-grt-torch-t12-none.json,,,,,,,,,,,,,,,,,,,0.0,0.0,0.0,100,100,12,12,bfloat16,233.64813232421875,18.028657913208008,233.70778700336814,227.6764933268229,18.044957160949707,36.26171875
training,grt,,torch,13,ac,passed,,165960960,108,12,research-baseline,experiments/l40s/results/research-baselines/training-grt-torch-t13-ac.json,,,,,,,,,,,,,,,,,,,0.0,0.0,0.0,108,108,13,13,bfloat16,342.8956298828125,6.250336647033691,342.93857000011485,294.89288330078125,6.265659332275391,12.193359375
training,grt,,torch,13,none,passed,,165960960,108,12,research-baseline,experiments/l40s/results/research-baselines/training-grt-torch-t13-none.json,,,,,,,,,,,,,,,,,,,0.0,0.0,0.0,108,108,13,13,bfloat16,250.7939910888672,19.114694595336914,250.82819200179074,244.2270711263021,19.130993843078613,38.5234375
training,grt,,torch,14,ac,passed,,165960960,116,12,research-baseline,experiments/l40s/results/research-baselines/training-grt-torch-t14-ac.json,,,,,,,,,,,,,,,,,,,0.0,0.0,0.0,116,116,14,14,bfloat16,370.6399230957031,6.397403717041016,370.6728960023611,315.1267496744792,6.413702964782715,12.498046875
training,grt,,torch,14,none,passed,,165960960,116,12,research-baseline,experiments/l40s/results/research-baselines/training-grt-torch-t14-none.json,,,,,,,,,,,,,,,,,,,0.0,0.0,0.0,116,116,14,14,bfloat16,266.96807861328125,20.20073127746582,267.0051609966322,260.4574381510417,20.21703052520752,40.78515625
training,grt,,torch,15,ac,passed,,165960960,124,12,research-baseline,experiments/l40s/results/research-baselines/training-grt-torch-t15-ac.json,,,,,,,,,,,,,,,,,,,0.0,0.0,0.0,124,124,15,15,bfloat16,401.29632568359375,6.548618316650391,401.3303850006196,335.5320231119792,6.563938140869141,12.779296875
training,grt,,torch,15,none,passed,,165960960,124,12,research-baseline,experiments/l40s/results/research-baselines/training-grt-torch-t15-none.json,,,,,,,,,,,,,,,,,,,0.0,0.0,0.0,124,124,15,15,bfloat16,284.4354553222656,21.286767959594727,284.4720560024143,276.8424886067708,21.303067207336426,43.046875
training,grt,,torch,16,ac,passed,,165960960,132,12,research-baseline,experiments/l40s/results/research-baselines/training-grt-torch-t16-ac.json,,,,,,,,,,,,,,,,,,,0.0,0.0,0.0,132,132,16,16,bfloat16,427.6601257324219,6.695194244384766,427.6997730048606,355.8638916015625,6.711981773376465,13.083984375
training,grt,,torch,16,none,passed,,165960960,132,12,research-baseline,experiments/l40s/results/research-baselines/training-grt-torch-t16-none.json,,,,,,,,,,,,,,,,,,,0.0,0.0,0.0,132,132,16,16,bfloat16,302.1455383300781,22.372804641723633,302.20890999771655,294.19724527994794,22.389103889465332,25.474609375
training,lpt,,tensor,1,ac,passed,,162988800,12,12,research-baseline,experiments/l40s/results/research-baselines/training-lpt-tensor-t01-ac.json,,,,,,,,,,,,,,,,,,,0.0,0.0,0.0,12,12,0,0,float32,82.5354232788086,2.7648091316223145,82.56079100101488,53.05071004231771,2.7648110389709473,4.580078125
training,lpt,,tensor,1,none,passed,,162988800,12,12,research-baseline,experiments/l40s/results/research-baselines/training-lpt-tensor-t01-none.json,,,,,,,,,,,,,,,,,,,0.0,0.0,0.0,12,12,0,0,float32,58.7775993347168,4.185347080230713,58.802240004297346,45.12085469563802,4.185715198516846,6.853515625
training,lpt,,tensor,2,ac,passed,,162988800,24,12,research-baseline,experiments/l40s/results/research-baselines/training-lpt-tensor-t02-ac.json,,,,,,,,,,,,,,,,,,,0.0,0.0,0.0,24,24,0,0,float32,160.88575744628906,3.0483813285827637,160.91594700264977,92.73480224609375,3.0476508140563965,5.02734375
training,lpt,,tensor,2,none,passed,,162988800,24,12,research-baseline,experiments/l40s/results/research-baselines/training-lpt-tensor-t02-none.json,,,,,,,,,,,,,,,,,,,0.0,0.0,0.0,24,24,0,0,float32,106.81343841552734,5.8990864753723145,106.83982699993066,75.75412495930989,5.899942874908447,10.796875
training,lpt,,tensor,3,ac,passed,,162988800,36,12,research-baseline,experiments/l40s/results/research-baselines/training-lpt-tensor-t03-ac.json,,,,,,,,,,,,,,,,,,,0.0,0.0,0.0,36,36,0,0,float32,230.25868225097656,3.194666862487793,230.28258600243134,132.08230590820312,3.1925454139709473,5.2890625
training,lpt,,tensor,3,none,passed,,162988800,36,12,research-baseline,experiments/l40s/results/research-baselines/training-lpt-tensor-t03-none.json,,,,,,,,,,,,,,,,,,,0.0,0.0,0.0,36,36,0,0,float32,156.6402587890625,7.589885234832764,156.66740499727894,106.40383911132812,7.5907416343688965,14.42578125
training,lpt,,tensor,4,ac,passed,,162988800,48,12,research-baseline,experiments/l40s/results/research-baselines/training-lpt-tensor-t04-ac.json,,,,,,,,,,,,,,,,,,,0.0,0.0,0.0,48,48,0,0,float32,307.084228515625,3.336268424987793,307.1137160004582,171.6281941731771,3.3331704139709473,5.5625
training,lpt,,tensor,4,none,passed,,162988800,48,12,research-baseline,experiments/l40s/results/research-baselines/training-lpt-tensor-t04-none.json,,,,,,,,,,,,,,,,,,,0.0,0.0,0.0,48,48,0,0,float32,199.4977264404297,9.279948711395264,199.52509800350526,137.0855712890625,9.280805110931396,17.98046875
training,lpt,,tensor,5,ac,passed,,162988800,60,12,research-baseline,experiments/l40s/results/research-baselines/training-lpt-tensor-t05-ac.json,,,,,,,,,,,,,,,,,,,0.0,0.0,0.0,60,60,0,0,float32,372.9981384277344,3.476893424987793,373.02619100228185,211.9874064127604,3.4737954139709473,5.703125
training,lpt,,tensor,5,none,passed,,162988800,60,12,research-baseline,experiments/l40s/results/research-baselines/training-lpt-tensor-t05-none.json,,,,,,,,,,,,,,,,,,,0.0,0.0,0.0,60,60,0,0,float32,248.732666015625,10.970012187957764,248.76848599524237,168.68517049153647,10.970868587493896,21.546875
training,lpt,,tensor,6,ac,passed,,162988800,72,12,research-baseline,experiments/l40s/results/research-baselines/training-lpt-tensor-t06-ac.json,,,,,,,,,,,,,,,,,,,0.0,0.0,0.0,72,72,0,0,float32,454.6539611816406,3.615321159362793,454.6903449954698,252.0238037109375,3.6144204139709473,5.904296875
training,lpt,,tensor,6,none,passed,,162988800,72,12,research-baseline,experiments/l40s/results/research-baselines/training-lpt-tensor-t06-none.json,,,,,,,,,,,,,,,,,,,0.0,0.0,0.0,72,72,0,0,float32,296.7642822265625,12.660075664520264,296.7916490015341,199.2789306640625,12.660932064056396,25.48828125
training,lpt,,tensor,7,ac,passed,,162988800,84,12,research-baseline,experiments/l40s/results/research-baselines/training-lpt-tensor-t07-ac.json,,,,,,,,,,,,,,,,,,,0.0,0.0,0.0,84,84,0,0,float32,516.6315307617188,3.755946159362793,516.6625639976701,291.62733968098956,3.7550454139709473,6.185546875
training,lpt,,tensor,7,none,passed,,162988800,84,12,research-baseline,experiments/l40s/results/research-baselines/training-lpt-tensor-t07-none.json,,,,,,,,,,,,,,,,,,,0.0,0.0,0.0,84,84,0,0,float32,340.6028747558594,14.350139141082764,340.64263600157574,229.99346923828125,14.350995540618896,29.056640625
training,lpt,,tensor,8,ac,passed,,162988800,96,12,research-baseline,experiments/l40s/results/research-baselines/training-lpt-tensor-t08-ac.json,,,,,,,,,,,,,,,,,,,0.0,0.0,0.0,96,96,0,0,float32,616.4541625976562,3.896571159362793,616.4828769979067,331.6794026692708,3.8956704139709473,6.466796875
training,lpt,,tensor,8,none,passed,,162988800,96,12,research-baseline,experiments/l40s/results/research-baselines/training-lpt-tensor-t08-none.json,,,,,,,,,,,,,,,,,,,0.0,0.0,0.0,96,96,0,0,float32,383.5013122558594,16.040202617645264,383.5281470019254,260.702880859375,16.041059017181396,32.611328125
training,lpt,,tensor,9,ac,passed,,162988800,108,12,research-baseline,experiments/l40s/results/research-baselines/training-lpt-tensor-t09-ac.json,,,,,,,,,,,,,,,,,,,0.0,0.0,0.0,108,108,0,0,float32,686.51416015625,4.037196159362793,686.5477480023401,369.3342692057292,4.036295413970947,6.748046875
training,lpt,,tensor,9,none,passed,,162988800,108,12,research-baseline,experiments/l40s/results/research-baselines/training-lpt-tensor-t09-none.json,,,,,,,,,,,,,,,,,,,0.0,0.0,0.0,108,108,0,0,float32,438.0416259765625,17.730266094207764,438.0706480005756,290.60300699869794,17.731122493743896,36.25
training,lpt,,tensor,10,ac,passed,,162988800,120,12,research-baseline,experiments/l40s/results/research-baselines/training-lpt-tensor-t10-ac.json,,,,,,,,,,,,,,,,,,,0.0,0.0,0.0,120,120,0,0,float32,757.7130737304688,4.177821159362793,757.7446670038626,409.1600341796875,4.176920413970947,7.029296875
training,lpt,,tensor,10,none,passed,,162988800,120,12,research-baseline,experiments/l40s/results/research-baselines/training-lpt-tensor-t10-none.json,,,,,,,,,,,,,,,,,,,0.0,0.0,0.0,120,120,0,0,float32,493.0365295410156,19.420329570770264,493.073194003955,320.73927815755206,19.421185970306396,40.251953125
training,lpt,,tensor,11,ac,passed,,162988800,132,12,research-baseline,experiments/l40s/results/research-baselines/training-lpt-tensor-t11-ac.json,,,,,,,,,,,,,,,,,,,0.0,0.0,0.0,132,132,0,0,float32,815.4962158203125,4.318446159362793,815.533539003809,450.8275960286458,4.317545413970947,7.310546875
training,lpt,,tensor,11,none,passed,,162988800,132,12,research-baseline,experiments/l40s/results/research-baselines/training-lpt-tensor-t11-none.json,,,,,,,,,,,,,,,,,,,0.0,0.0,0.0,132,132,0,0,float32,545.3302001953125,21.110393047332764,545.3605220027384,353.2335611979167,21.111249446868896,23.62109375
training,lpt,,tensor,12,ac,passed,,162988800,144,12,research-baseline,experiments/l40s/results/research-baselines/training-lpt-tensor-t12-ac.json,,,,,,,,,,,,,,,,,,,0.0,0.0,0.0,144,144,0,0,float32,898.8129272460938,4.459071159362793,898.849514000176,493.3003743489583,4.458170413970947,7.591796875
training,lpt,,tensor,12,none,passed,,162988800,144,12,research-baseline,experiments/l40s/results/research-baselines/training-lpt-tensor-t12-none.json,,,,,,,,,,,,,,,,,,,0.0,0.0,0.0,144,144,0,0,float32,596.7072143554688,22.800456523895264,596.7410969969933,385.3431396484375,22.801312923431396,25.345703125
training,lpt,,tensor,13,ac,passed,,162988800,156,12,research-baseline,experiments/l40s/results/research-baselines/training-lpt-tensor-t13-ac.json,,,,,,,,,,,,,,,,,,,0.0,0.0,0.0,156,156,0,0,float32,985.2846069335938,4.599696159362793,985.315828002058,529.6097412109375,4.598795413970947,7.873046875
training,lpt,,tensor,13,none,passed,,162988800,156,12,research-baseline,experiments/l40s/results/research-baselines/training-lpt-tensor-t13-none.json,,,,,,,,,,,,,,,,,,,0.0,0.0,0.0,156,156,0,0,float32,641.1100463867188,24.490520000457764,641.1412680026842,413.2467854817708,24.491376399993896,27.111328125
training,lpt,,tensor,14,ac,passed,,162988800,168,12,research-baseline,experiments/l40s/results/research-baselines/training-lpt-tensor-t14-ac.json,,,,,,,,,,,,,,,,,,,0.0,0.0,0.0,168,168,0,0,float32,1043.1785888671875,4.740321159362793,1043.2140750053804,568.5974934895834,4.739420413970947,8.154296875
training,lpt,,tensor,14,none,passed,,162988800,168,12,research-baseline,experiments/l40s/results/research-baselines/training-lpt-tensor-t14-none.json,,,,,,,,,,,,,,,,,,,0.0,0.0,0.0,168,168,0,0,float32,708.5977172851562,26.180583477020264,708.6289090002538,444.2579752604167,26.181439876556396,28.80078125
training,lpt,,tensor,15,ac,passed,,162988800,180,12,research-baseline,experiments/l40s/results/research-baselines/training-lpt-tensor-t15-ac.json,,,,,,,,,,,,,,,,,,,0.0,0.0,0.0,180,180,0,0,float32,1125.74169921875,4.880946159362793,1125.7799430022715,608.6621907552084,4.880045413970947,8.435546875
training,lpt,,tensor,15,none,passed,,162988800,180,12,research-baseline,experiments/l40s/results/research-baselines/training-lpt-tensor-t15-none.json,,,,,,,,,,,,,,,,,,,0.0,0.0,0.0,180,180,0,0,float32,739.090576171875,27.870646953582764,739.1245869948762,476.742431640625,27.871503353118896,30.2265625
training,lpt,,tensor,16,ac,passed,,162988800,192,12,research-baseline,experiments/l40s/results/research-baselines/training-lpt-tensor-t16-ac.json,,,,,,,,,,,,,,,,,,,0.0,0.0,0.0,192,192,0,0,float32,1230.7783203125,5.021571159362793,1230.81496800296,650.3219401041666,5.020670413970947,8.716796875
training,lpt,,tensor,16,none,passed,,162988800,192,12,research-baseline,experiments/l40s/results/research-baselines/training-lpt-tensor-t16-none.json,,,,,,,,,,,,,,,,,,,0.0,0.0,0.0,192,192,0,0,float32,782.7793579101562,29.560710430145264,782.8118429970345,506.6762288411458,29.561566829681396,32.046875
training,lpt,,torch,1,ac,passed,,162988800,12,12,research-baseline,experiments/l40s/results/research-baselines/training-lpt-torch-t01-ac.json,,,,,,,,,,,,,,,,,,,0.0,0.0,0.0,12,12,0,0,float32,63.637569427490234,4.375561714172363,63.66539000009652,58.0304209391276,4.392592430114746,8.810546875
training,lpt,,torch,1,none,passed,,162988800,12,12,research-baseline,experiments/l40s/results/research-baselines/training-lpt-torch-t01-none.json,,,,,,,,,,,,,,,,,,,0.0,0.0,0.0,12,12,0,0,float32,53.336063385009766,5.925860404968262,53.36382899986347,52.20556640625,5.920677185058594,11.1953125
training,lpt,,torch,2,ac,passed,,162988800,24,12,research-baseline,experiments/l40s/results/research-baselines/training-lpt-torch-t02-ac.json,,,,,,,,,,,,,,,,,,,0.0,0.0,0.0,24,24,0,0,float32,105.98092651367188,4.6627912521362305,106.01829200459179,89.59385172526042,4.679821968078613,9.138671875
training,lpt,,torch,2,none,passed,,162988800,24,12,research-baseline,experiments/l40s/results/research-baselines/training-lpt-torch-t02-none.json,,,,,,,,,,,,,,,,,,,0.0,0.0,0.0,24,24,0,0,float32,81.64249420166016,7.570392608642578,81.67636800499167,77.5386454264323,7.56337833404541,14.59375
training,lpt,,torch,3,ac,passed,,162988800,36,12,research-baseline,experiments/l40s/results/research-baselines/training-lpt-torch-t03-ac.json,,,,,,,,,,,,,,,,,,,0.0,0.0,0.0,36,36,0,0,float32,183.8919677734375,4.8019514083862305,183.93175300298026,122.06387329101562,4.818982124328613,9.419921875
training,lpt,,torch,3,none,passed,,162988800,36,12,research-baseline,experiments/l40s/results/research-baselines/training-lpt-torch-t03-none.json,,,,,,,,,,,,,,,,,,,0.0,0.0,0.0,36,36,0,0,float32,124.57670593261719,9.182333946228027,124.62324499938404,103.75543212890625,9.182039260864258,17.98046875
training,lpt,,torch,4,ac,passed,,162988800,48,12,research-baseline,experiments/l40s/results/research-baselines/training-lpt-torch-t04-ac.json,,,,,,,,,,,,,,,,,,,0.0,0.0,0.0,48,48,0,0,float32,199.4944610595703,4.94074821472168,199.52900499629322,154.23385620117188,4.9577789306640625,9.701171875
training,lpt,,torch,4,none,passed,,162988800,48,12,research-baseline,experiments/l40s/results/research-baselines/training-lpt-torch-t04-none.json,,,,,,,,,,,,,,,,,,,0.0,0.0,0.0,48,48,0,0,float32,157.23526000976562,10.793295860290527,157.28798800410004,129.6544392903646,10.800444602966309,21.359375
training,lpt,,torch,5,ac,passed,,162988800,60,12,research-baseline,experiments/l40s/results/research-baselines/training-lpt-torch-t05-ac.json,,,,,,,,,,,,,,,,,,,0.0,0.0,0.0,60,60,0,0,float32,240.8335418701172,5.08137321472168,240.87119899922982,186.6222941080729,5.0984039306640625,9.982421875
training,lpt,,torch,5,none,passed,,162988800,60,12,research-baseline,experiments/l40s/results/research-baselines/training-lpt-torch-t05-none.json,,,,,,,,,,,,,,,,,,,0.0,0.0,0.0,60,60,0,0,float32,168.17459106445312,12.413046836853027,168.2176660033292,156.43580118815103,12.420076370239258,24.73828125
training,lpt,,torch,6,ac,passed,,162988800,72,12,research-baseline,experiments/l40s/results/research-baselines/training-lpt-torch-t06-ac.json,,,,,,,,,,,,,,,,,,,0.0,0.0,0.0,72,72,0,0,float32,300.95159912109375,5.22199821472168,300.9851940005319,220.1797892252604,5.2390289306640625,10.263671875
training,lpt,,torch,6,none,passed,,162988800,72,12,research-baseline,experiments/l40s/results/research-baselines/training-lpt-torch-t06-none.json,,,,,,,,,,,,,,,,,,,0.0,0.0,0.0,72,72,0,0,float32,196.47488403320312,14.032797813415527,196.51081600022735,182.41571044921875,14.039827346801758,28.119140625
training,lpt,,torch,7,ac,passed,,162988800,84,12,research-baseline,experiments/l40s/results/research-baselines/training-lpt-torch-t07-ac.json,,,,,,,,,,,,,,,,,,,0.0,0.0,0.0,84,84,0,0,float32,331.6121520996094,5.36262321472168,331.6456949978601,251.56640625,5.3796539306640625,10.544921875
training,lpt,,torch,7,none,passed,,162988800,84,12,research-baseline,experiments/l40s/results/research-baselines/training-lpt-torch-t07-none.json,,,,,,,,,,,,,,,,,,,0.0,0.0,0.0,84,84,0,0,float32,225.27488708496094,15.652548789978027,225.31756100215716,208.4072062174479,15.659578323364258,31.5
training,lpt,,torch,8,ac,passed,,162988800,96,12,research-baseline,experiments/l40s/results/research-baselines/training-lpt-torch-t08-ac.json,,,,,,,,,,,,,,,,,,,0.0,0.0,0.0,96,96,0,0,float32,389.6678466796875,5.50324821472168,389.70154200069373,284.30780029296875,5.5202789306640625,10.826171875
training,lpt,,torch,8,none,passed,,162988800,96,12,research-baseline,experiments/l40s/results/research-baselines/training-lpt-torch-t08-none.json,,,,,,,,,,,,,,,,,,,0.0,0.0,0.0,96,96,0,0,float32,253.93548583984375,17.272299766540527,253.98461500299163,233.6890869140625,17.279329299926758,34.87890625
training,lpt,,torch,9,ac,passed,,162988800,108,12,research-baseline,experiments/l40s/results/research-baselines/training-lpt-torch-t09-ac.json,,,,,,,,,,,,,,,,,,,0.0,0.0,0.0,108,108,0,0,float32,437.8030090332031,5.64387321472168,437.83907699980773,315.6850179036458,5.6609039306640625,11.107421875
training,lpt,,torch,9,none,passed,,162988800,108,12,research-baseline,experiments/l40s/results/research-baselines/training-lpt-torch-t09-none.json,,,,,,,,,,,,,,,,,,,0.0,0.0,0.0,108,108,0,0,float32,285.9366455078125,18.892050743103027,285.98678200069116,258.4971923828125,18.899080276489258,38.2578125
training,lpt,,torch,10,ac,passed,,162988800,120,12,research-baseline,experiments/l40s/results/research-baselines/training-lpt-torch-t10-ac.json,,,,,,,,,,,,,,,,,,,0.0,0.0,0.0,120,120,0,0,float32,475.7820129394531,5.78449821472168,475.82038000109605,348.51806640625,5.8015289306640625,11.388671875
training,lpt,,torch,10,none,passed,,162988800,120,12,research-baseline,experiments/l40s/results/research-baselines/training-lpt-torch-t10-none.json,,,,,,,,,,,,,,,,,,,0.0,0.0,0.0,120,120,0,0,float32,351.47894287109375,20.511801719665527,351.53337699739495,284.40814208984375,20.518831253051758,41.640625
training,lpt,,torch,11,ac,passed,,162988800,132,12,research-baseline,experiments/l40s/results/research-baselines/training-lpt-torch-t11-ac.json,,,,,,,,,,,,,,,,,,,0.0,0.0,0.0,132,132,0,0,float32,525.8792114257812,5.92512321472168,525.9218610008247,383.018310546875,5.9421539306640625,11.669921875
training,lpt,,torch,11,none,passed,,162988800,132,12,research-baseline,experiments/l40s/results/research-baselines/training-lpt-torch-t11-none.json,,,,,,,,,,,,,,,,,,,0.0,0.0,0.0,132,132,0,0,float32,341.1466369628906,22.131552696228027,341.187322002952,312.1732177734375,22.138582229614258,25.158203125
training,lpt,,torch,12,ac,passed,,162988800,144,12,research-baseline,experiments/l40s/results/research-baselines/training-lpt-torch-t12-ac.json,,,,,,,,,,,,,,,,,,,0.0,0.0,0.0,144,144,0,0,float32,572.0831909179688,6.06574821472168,572.1237539983122,412.2364501953125,6.0827789306640625,11.951171875
training,lpt,,torch,12,none,passed,,162988800,144,12,research-baseline,experiments/l40s/results/research-baselines/training-lpt-torch-t12-none.json,,,,,,,,,,,,,,,,,,,0.0,0.0,0.0,144,144,0,0,float32,367.5002746582031,23.751303672790527,367.5401989967213,337.25746663411456,23.758333206176758,26.248046875
training,lpt,,torch,13,ac,passed,,162988800,156,12,research-baseline,experiments/l40s/results/research-baselines/training-lpt-torch-t13-ac.json,,,,,,,,,,,,,,,,,,,0.0,0.0,0.0,156,156,0,0,float32,630.7420043945312,6.20637321472168,630.7808569981717,444.3583170572917,6.2234039306640625,12.232421875
training,lpt,,torch,13,none,passed,,162988800,156,12,research-baseline,experiments/l40s/results/research-baselines/training-lpt-torch-t13-none.json,,,,,,,,,,,,,,,,,,,0.0,0.0,0.0,156,156,0,0,float32,399.2381591796875,25.371054649353027,399.2785709997406,362.3492431640625,25.378084182739258,27.939453125
training,lpt,,torch,14,ac,passed,,162988800,168,12,research-baseline,experiments/l40s/results/research-baselines/training-lpt-torch-t14-ac.json,,,,,,,,,,,,,,,,,,,0.0,0.0,0.0,168,168,0,0,float32,667.4063110351562,6.34699821472168,667.4488130011014,477.194580078125,6.3640289306640625,12.513671875
training,lpt,,torch,14,none,passed,,162988800,168,12,research-baseline,experiments/l40s/results/research-baselines/training-lpt-torch-t14-none.json,,,,,,,,,,,,,,,,,,,0.0,0.0,0.0,168,168,0,0,float32,422.076416015625,26.990805625915527,422.11680600303225,388.0427652994792,26.997835159301758,29.62890625
training,lpt,,torch,15,ac,passed,,162988800,180,12,research-baseline,experiments/l40s/results/research-baselines/training-lpt-torch-t15-ac.json,,,,,,,,,,,,,,,,,,,0.0,0.0,0.0,180,180,0,0,float32,737.3424682617188,6.48762321472168,737.3768510005902,511.0015869140625,6.5046539306640625,12.794921875
training,lpt,,torch,15,none,passed,,162988800,180,12,research-baseline,experiments/l40s/results/research-baselines/training-lpt-torch-t15-none.json,,,,,,,,,,,,,,,,,,,0.0,0.0,0.0,180,180,0,0,float32,456.5657653808594,28.610556602478027,456.61043399741175,417.3540852864583,28.617586135864258,31.318359375
training,lpt,,torch,16,ac,passed,,162988800,192,12,research-baseline,experiments/l40s/results/research-baselines/training-lpt-torch-t16-ac.json,,,,,,,,,,,,,,,,,,,0.0,0.0,0.0,192,192,0,0,float32,791.9032592773438,6.62824821472168,791.9470229971921,547.7495524088541,6.6452789306640625,13.076171875
training,lpt,,torch,16,none,passed,,162988800,192,12,research-baseline,experiments/l40s/results/research-baselines/training-lpt-torch-t16-none.json,,,,,,,,,,,,,,,,,,,0.0,0.0,0.0,192,192,0,0,float32,477.3591003417969,30.230307579040527,477.39971300325124,442.7506510416667,30.237337112426758,33.009765625
training,per_layer_latent,64,tensor,1,ac,passed,,150602496,12,12,research-baseline,experiments/l40s/results/research-baselines/training-per_layer_latent-tensor-t01-ac.json,,,,,,,,,,,,,,,,,,,0.0,0.0,0.0,12,12,0,0,float32,81.32300567626953,2.699873447418213,81.34826800232986,49.31717427571615,2.6813292503356934,4.287109375
training,per_layer_latent,64,tensor,1,none,passed,,150602496,12,12,research-baseline,experiments/l40s/results/research-baselines/training-per_layer_latent-tensor-t01-none.json,,,,,,,,,,,,,,,,,,,0.0,0.0,0.0,12,12,0,0,float32,60.73651123046875,3.986128330230713,60.76630300231045,42.7386220296224,3.968066692352295,6.9140625
training,per_layer_latent,64,tensor,2,ac,passed,,150602496,24,12,research-baseline,experiments/l40s/results/research-baselines/training-per_layer_latent-tensor-t02-ac.json,,,,,,,,,,,,,,,,,,,0.0,0.0,0.0,24,24,0,0,float32,140.0063934326172,2.838301181793213,140.03020599921,82.27498881022136,2.8226780891418457,4.4296875
training,per_layer_latent,64,tensor,2,none,passed,,150602496,24,12,research-baseline,experiments/l40s/results/research-baselines/training-per_layer_latent-tensor-t02-none.json,,,,,,,,,,,,,,,,,,,0.0,0.0,0.0,24,24,0,0,float32,98.3746566772461,5.412153720855713,98.40158000588417,68.7489725748698,5.397387981414795,9.908203125
training,per_layer_latent,64,tensor,3,ac,passed,,150602496,36,12,research-baseline,experiments/l40s/results/research-baselines/training-per_layer_latent-tensor-t03-ac.json,,,,,,,,,,,,,,,,,,,0.0,0.0,0.0,36,36,0,0,float32,194.3673553466797,2.974653720855713,194.39276300545316,114.82931518554688,2.961841106414795,4.646484375
training,per_layer_latent,64,tensor,3,none,passed,,150602496,36,12,research-baseline,experiments/l40s/results/research-baselines/training-per_layer_latent-tensor-t03-none.json,,,,,,,,,,,,,,,,,,,0.0,0.0,0.0,36,36,0,0,float32,134.28115844726562,6.825361728668213,134.30786800017813,94.4851582845052,6.812060832977295,12.888671875
training,per_layer_latent,64,tensor,4,ac,passed,,150602496,48,12,research-baseline,experiments/l40s/results/research-baselines/training-per_layer_latent-tensor-t04-ac.json,,,,,,,,,,,,,,,,,,,0.0,0.0,0.0,48,48,0,0,float32,255.89453125,3.112349033355713,255.92334300017683,147.30615234375,3.102221965789795,4.927734375
training,per_layer_latent,64,tensor,4,none,passed,,150602496,48,12,research-baseline,experiments/l40s/results/research-baselines/training-per_layer_latent-tensor-t04-none.json,,,,,,,,,,,,,,,,,,,0.0,0.0,0.0,48,48,0,0,float32,168.6537322998047,8.240034580230713,168.67853500298224,120.46096801757812,8.226733684539795,15.8828125
training,per_layer_latent,64,tensor,5,ac,passed,,150602496,60,12,research-baseline,experiments/l40s/results/research-baselines/training-per_layer_latent-tensor-t05-ac.json,,,,,,,,,,,,,,,,,,,0.0,0.0,0.0,60,60,0,0,float32,317.8577880859375,3.251509189605713,317.88647299981676,179.3251953125,3.242846965789795,5.208984375
training,per_layer_latent,64,tensor,5,none,passed,,150602496,60,12,research-baseline,experiments/l40s/results/research-baselines/training-per_layer_latent-tensor-t05-none.json,,,,,,,,,,,,,,,,,,,0.0,0.0,0.0,60,60,0,0,float32,209.13766479492188,9.654707431793213,209.16058100556256,146.17155965169272,9.641406536102295,18.876953125
training,per_layer_latent,64,tensor,6,ac,passed,,150602496,72,12,research-baseline,experiments/l40s/results/research-baselines/training-per_layer_latent-tensor-t06-ac.json,,,,,,,,,,,,,,,,,,,0.0,0.0,0.0,72,72,0,0,float32,375.30419921875,3.392134189605713,375.38854499871377,213.99346923828125,3.383471965789795,5.490234375
training,per_layer_latent,64,tensor,6,none,passed,,150602496,72,12,research-baseline,experiments/l40s/results/research-baselines/training-per_layer_latent-tensor-t06-none.json,,,,,,,,,,,,,,,,,,,0.0,0.0,0.0,72,72,0,0,float32,242.36134338378906,11.069380283355713,242.38576099742204,173.4311319986979,11.056079387664795,21.869140625
training,per_layer_latent,64,tensor,7,ac,passed,,150602496,84,12,research-baseline,experiments/l40s/results/research-baselines/training-per_layer_latent-tensor-t07-ac.json,,,,,,,,,,,,,,,,,,,0.0,0.0,0.0,84,84,0,0,float32,439.6441650390625,3.532759189605713,439.6783550037071,247.1178181966146,3.524096965789795,5.771484375
training,per_layer_latent,64,tensor,7,none,passed,,150602496,84,12,research-baseline,experiments/l40s/results/research-baselines/training-per_layer_latent-tensor-t07-none.json,,,,,,,,,,,,,,,,,,,0.0,0.0,0.0,84,84,0,0,float32,279.6492614746094,12.484053134918213,279.6780110002146,199.86466471354166,12.470752239227295,25.248046875
training,per_layer_latent,64,tensor,8,ac,passed,,150602496,96,12,research-baseline,experiments/l40s/results/research-baselines/training-per_layer_latent-tensor-t08-ac.json,,,,,,,,,,,,,,,,,,,0.0,0.0,0.0,96,96,0,0,float32,509.2044677734375,3.673384189605713,509.23529799911194,278.15423583984375,3.664721965789795,6.052734375
training,per_layer_latent,64,tensor,8,none,passed,,150602496,96,12,research-baseline,experiments/l40s/results/research-baselines/training-per_layer_latent-tensor-t08-none.json,,,,,,,,,,,,,,,,,,,0.0,0.0,0.0,96,96,0,0,float32,321.38555908203125,13.898725986480713,321.41922900336795,224.66729736328125,13.885425090789795,28.2421875
training,per_layer_latent,64,tensor,9,ac,passed,,150602496,108,12,research-baseline,experiments/l40s/results/research-baselines/training-per_layer_latent-tensor-t09-ac.json,,,,,,,,,,,,,,,,,,,0.0,0.0,0.0,108,108,0,0,float32,550.908935546875,3.814009189605713,550.9459500026423,310.62184651692706,3.805346965789795,6.333984375
training,per_layer_latent,64,tensor,9,none,passed,,150602496,108,12,research-baseline,experiments/l40s/results/research-baselines/training-per_layer_latent-tensor-t09-none.json,,,,,,,,,,,,,,,,,,,0.0,0.0,0.0,108,108,0,0,float32,358.0149841308594,15.313398838043213,358.0435689946171,250.2809041341146,15.300097942352295,31.234375
training,per_layer_latent,64,tensor,10,ac,passed,,150602496,120,12,research-baseline,experiments/l40s/results/research-baselines/training-per_layer_latent-tensor-t10-ac.json,,,,,,,,,,,,,,,,,,,0.0,0.0,0.0,120,120,0,0,float32,613.4395141601562,3.954634189605713,613.4735480009113,343.7840576171875,3.945971965789795,6.615234375
training,per_layer_latent,64,tensor,10,none,passed,,150602496,120,12,research-baseline,experiments/l40s/results/research-baselines/training-per_layer_latent-tensor-t10-none.json,,,,,,,,,,,,,,,,,,,0.0,0.0,0.0,120,120,0,0,float32,389.907470703125,16.728071689605713,389.9348920022021,276.97971598307294,16.714770793914795,34.228515625
training,per_layer_latent,64,tensor,11,ac,passed,,150602496,132,12,research-baseline,experiments/l40s/results/research-baselines/training-per_layer_latent-tensor-t11-ac.json,,,,,,,,,,,,,,,,,,,0.0,0.0,0.0,132,132,0,0,float32,671.6825561523438,4.095259189605713,671.7120929970406,374.6512044270833,4.086596965789795,6.896484375
training,per_layer_latent,64,tensor,11,none,passed,,150602496,132,12,research-baseline,experiments/l40s/results/research-baselines/training-per_layer_latent-tensor-t11-none.json,,,,,,,,,,,,,,,,,,,0.0,0.0,0.0,132,132,0,0,float32,431.4644470214844,18.142744541168213,431.5093249970232,301.88783772786456,18.129443645477295,37.294921875
training,per_layer_latent,64,tensor,12,ac,passed,,150602496,144,12,research-baseline,experiments/l40s/results/research-baselines/training-per_layer_latent-tensor-t12-ac.json,,,,,,,,,,,,,,,,,,,0.0,0.0,0.0,144,144,0,0,float32,738.7473754882812,4.235884189605713,738.7814929970773,409.1866455078125,4.227221965789795,7.177734375
training,per_layer_latent,64,tensor,12,none,passed,,150602496,144,12,research-baseline,experiments/l40s/results/research-baselines/training-per_layer_latent-tensor-t12-none.json,,,,,,,,,,,,,,,,,,,0.0,0.0,0.0,144,144,0,0,float32,481.3209533691406,19.557417392730713,481.37074599799234,328.72959391276044,19.544116497039795,40.32421875
training,per_layer_latent,64,tensor,13,ac,passed,,150602496,156,12,research-baseline,experiments/l40s/results/research-baselines/training-per_layer_latent-tensor-t13-ac.json,,,,,,,,,,,,,,,,,,,0.0,0.0,0.0,156,156,0,0,float32,792.2853393554688,4.376509189605713,792.3168940033065,441.9849853515625,4.367846965789795,7.458984375
training,per_layer_latent,64,tensor,13,none,passed,,150602496,156,12,research-baseline,experiments/l40s/results/research-baselines/training-per_layer_latent-tensor-t13-none.json,,,,,,,,,,,,,,,,,,,0.0,0.0,0.0,156,156,0,0,float32,513.8903198242188,20.972090244293213,513.9240620046621,354.6627604166667,20.958789348602295,43.7734375
training,per_layer_latent,64,tensor,14,ac,passed,,150602496,168,12,research-baseline,experiments/l40s/results/research-baselines/training-per_layer_latent-tensor-t14-ac.json,,,,,,,,,,,,,,,,,,,0.0,0.0,0.0,168,168,0,0,float32,855.1076049804688,4.517134189605713,855.1406219994533,474.9643147786458,4.508471965789795,7.740234375
training,per_layer_latent,64,tensor,14,none,passed,,150602496,168,12,research-baseline,experiments/l40s/results/research-baselines/training-per_layer_latent-tensor-t14-none.json,,,,,,,,,,,,,,,,,,,0.0,0.0,0.0,168,168,0,0,float32,543.1724243164062,22.386763095855713,543.2064880005782,381.0996907552083,22.373462200164795,24.390625
training,per_layer_latent,64,tensor,15,ac,passed,,150602496,180,12,research-baseline,experiments/l40s/results/research-baselines/training-per_layer_latent-tensor-t15-ac.json,,,,,,,,,,,,,,,,,,,0.0,0.0,0.0,180,180,0,0,float32,908.1405639648438,4.657759189605713,908.1727559969295,507.5906575520833,4.649096965789795,8.021484375
training,per_layer_latent,64,tensor,15,none,passed,,150602496,180,12,research-baseline,experiments/l40s/results/research-baselines/training-per_layer_latent-tensor-t15-none.json,,,,,,,,,,,,,,,,,,,0.0,0.0,0.0,180,180,0,0,float32,578.1389770507812,23.801435947418213,578.1699330036645,407.3270670572917,23.788135051727295,25.85546875
training,per_layer_latent,64,tensor,16,ac,passed,,150602496,192,12,research-baseline,experiments/l40s/results/research-baselines/training-per_layer_latent-tensor-t16-ac.json,,,,,,,,,,,,,,,,,,,0.0,0.0,0.0,192,192,0,0,float32,986.3997192382812,4.798384189605713,986.4321409986587,539.4940592447916,4.789721965789795,8.302734375
training,per_layer_latent,64,tensor,16,none,passed,,150602496,192,12,research-baseline,experiments/l40s/results/research-baselines/training-per_layer_latent-tensor-t16-none.json,,,,,,,,,,,,,,,,,,,0.0,0.0,0.0,192,192,0,0,float32,622.6759643554688,25.216108798980713,622.7102430129889,434.3954671223958,25.202807903289795,27.37890625
training,per_layer_latent,64,torch,1,ac,passed,,150602496,12,12,research-baseline,experiments/l40s/results/research-baselines/training-per_layer_latent-torch-t01-ac.json,,,,,,,,,,,,,,,,,,,0.0,0.0,0.0,12,12,0,0,float32,59.875328063964844,4.308056831359863,59.90759599808371,53.0093994140625,4.311781883239746,8.55078125
training,per_layer_latent,64,torch,1,none,passed,,150602496,12,12,research-baseline,experiments/l40s/results/research-baselines/training-per_layer_latent-torch-t01-none.json,,,,,,,,,,,,,,,,,,,0.0,0.0,0.0,12,12,0,0,float32,51.74067306518555,5.574062347412109,51.79631999635603,48.6997324625651,5.571808815002441,10.021484375
training,per_layer_latent,64,torch,2,ac,passed,,150602496,24,12,research-baseline,experiments/l40s/results/research-baselines/training-per_layer_latent-torch-t02-ac.json,,,,,,,,,,,,,,,,,,,0.0,0.0,0.0,24,24,0,0,float32,89.56620788574219,4.448803901672363,89.5953030048986,77.74242146809895,4.450087547302246,8.111328125
training,per_layer_latent,64,torch,2,none,passed,,150602496,24,12,research-baseline,experiments/l40s/results/research-baselines/training-per_layer_latent-torch-t02-none.json,,,,,,,,,,,,,,,,,,,0.0,0.0,0.0,24,24,0,0,float32,72.68351745605469,6.853248596191406,72.7171870021266,69.02205912272136,6.855020523071289,13.4296875
training,per_layer_latent,64,torch,3,ac,passed,,150602496,36,12,research-baseline,experiments/l40s/results/research-baselines/training-per_layer_latent-torch-t03-ac.json,,,,,,,,,,,,,,,,,,,0.0,0.0,0.0,36,36,0,0,float32,124.8542709350586,4.593332290649414,124.88390000362415,102.80550130208333,4.591689109802246,8.392578125
training,per_layer_latent,64,torch,3,none,passed,,150602496,36,12,research-baseline,experiments/l40s/results/research-baselines/training-per_layer_latent-torch-t03-none.json,,,,,,,,,,,,,,,,,,,0.0,0.0,0.0,36,36,0,0,float32,94.74559783935547,8.126206398010254,94.77639500255464,89.58908081054688,8.126885414123535,15.3046875
training,per_layer_latent,64,torch,4,ac,passed,,150602496,48,12,research-baseline,experiments/l40s/results/research-baselines/training-per_layer_latent-torch-t04-ac.json,,,,,,,,,,,,,,,,,,,0.0,0.0,0.0,48,48,0,0,float32,155.44216918945312,4.733591079711914,155.47201400477206,127.43918863932292,4.732192039489746,8.673828125
training,per_layer_latent,64,torch,4,none,passed,,150602496,48,12,research-baseline,experiments/l40s/results/research-baselines/training-per_layer_latent-torch-t04-none.json,,,,,,,,,,,,,,,,,,,0.0,0.0,0.0,48,48,0,0,float32,116.5322265625,9.39977741241455,116.56257600407116,110.03836059570312,9.400209426879883,17.947265625
training,per_layer_latent,64,torch,5,ac,passed,,150602496,60,12,research-baseline,experiments/l40s/results/research-baselines/training-per_layer_latent-torch-t05-ac.json,,,,,,,,,,,,,,,,,,,0.0,0.0,0.0,60,60,0,0,float32,191.9896697998047,4.874460220336914,192.02417300402885,151.34719848632812,4.872817039489746,8.955078125
training,per_layer_latent,64,torch,5,none,passed,,150602496,60,12,research-baseline,experiments/l40s/results/research-baselines/training-per_layer_latent-torch-t05-none.json,,,,,,,,,,,,,,,,,,,0.0,0.0,0.0,60,60,0,0,float32,138.30963134765625,10.673836708068848,138.36196200281847,130.0637003580729,10.67426872253418,20.587890625
training,per_layer_latent,64,torch,6,ac,passed,,150602496,72,12,research-baseline,experiments/l40s/results/research-baselines/training-per_layer_latent-torch-t06-ac.json,,,,,,,,,,,,,,,,,,,0.0,0.0,0.0,72,72,0,0,float32,227.06080627441406,5.015085220336914,227.11506899941014,177.154052734375,5.013442039489746,9.236328125
training,per_layer_latent,64,torch,6,none,passed,,150602496,72,12,research-baseline,experiments/l40s/results/research-baselines/training-per_layer_latent-torch-t06-none.json,,,,,,,,,,,,,,,,,,,0.0,0.0,0.0,72,72,0,0,float32,160.02560424804688,11.947896003723145,160.0564230029704,151.6220906575521,11.948328018188477,23.23046875
training,per_layer_latent,64,torch,7,ac,passed,,150602496,84,12,research-baseline,experiments/l40s/results/research-baselines/training-per_layer_latent-torch-t07-ac.json,,,,,,,,,,,,,,,,,,,0.0,0.0,0.0,84,84,0,0,float32,266.451904296875,5.155710220336914,266.48731200111797,202.61136881510416,5.154067039489746,9.517578125
training,per_layer_latent,64,torch,7,none,passed,,150602496,84,12,research-baseline,experiments/l40s/results/research-baselines/training-per_layer_latent-torch-t07-none.json,,,,,,,,,,,,,,,,,,,0.0,0.0,0.0,84,84,0,0,float32,181.4036407470703,13.221955299377441,181.4462670008652,172.15999348958334,13.222387313842773,25.873046875
training,per_layer_latent,64,torch,8,ac,passed,,150602496,96,12,research-baseline,experiments/l40s/results/research-baselines/training-per_layer_latent-torch-t08-ac.json,,,,,,,,,,,,,,,,,,,0.0,0.0,0.0,96,96,0,0,float32,299.873291015625,5.296335220336914,299.9274489993695,226.8200887044271,5.294692039489746,9.798828125
training,per_layer_latent,64,torch,8,none,passed,,150602496,96,12,research-baseline,experiments/l40s/results/research-baselines/training-per_layer_latent-torch-t08-none.json,,,,,,,,,,,,,,,,,,,0.0,0.0,0.0,96,96,0,0,float32,202.9854736328125,14.496014595031738,203.04595999914454,192.0699666341146,14.49644660949707,28.513671875
training,per_layer_latent,64,torch,9,ac,passed,,150602496,108,12,research-baseline,experiments/l40s/results/research-baselines/training-per_layer_latent-torch-t09-ac.json,,,,,,,,,,,,,,,,,,,0.0,0.0,0.0,108,108,0,0,float32,339.7754821777344,5.436960220336914,339.8088879985153,251.3062947591146,5.435317039489746,10.080078125
training,per_layer_latent,64,torch,9,none,passed,,150602496,108,12,research-baseline,experiments/l40s/results/research-baselines/training-per_layer_latent-torch-t09-none.json,,,,,,,,,,,,,,,,,,,0.0,0.0,0.0,108,108,0,0,float32,223.7205047607422,15.770073890686035,223.7537600012729,212.3891805013021,15.770505905151367,31.158203125
training,per_layer_latent,64,torch,10,ac,passed,,150602496,120,12,research-baseline,experiments/l40s/results/research-baselines/training-per_layer_latent-torch-t10-ac.json,,,,,,,,,,,,,,,,,,,0.0,0.0,0.0,120,120,0,0,float32,370.1995544433594,5.577585220336914,370.23128099826863,276.46258544921875,5.575942039489746,10.361328125
training,per_layer_latent,64,torch,10,none,passed,,150602496,120,12,research-baseline,experiments/l40s/results/research-baselines/training-per_layer_latent-torch-t10-none.json,,,,,,,,,,,,,,,,,,,0.0,0.0,0.0,120,120,0,0,float32,246.3836212158203,17.044133186340332,246.43971199839143,233.25528971354166,17.044565200805664,33.798828125
training,per_layer_latent,64,torch,11,ac,passed,,150602496,132,12,research-baseline,experiments/l40s/results/research-baselines/training-per_layer_latent-torch-t11-ac.json,,,,,,,,,,,,,,,,,,,0.0,0.0,0.0,132,132,0,0,float32,403.62701416015625,5.718210220336914,403.6853079960565,298.92266845703125,5.716567039489746,10.642578125
training,per_layer_latent,64,torch,11,none,passed,,150602496,132,12,research-baseline,experiments/l40s/results/research-baselines/training-per_layer_latent-torch-t11-none.json,,,,,,,,,,,,,,,,,,,0.0,0.0,0.0,132,132,0,0,float32,264.27490234375,18.31819248199463,264.31167499686126,252.3050740559896,18.31862449645996,36.439453125
training,per_layer_latent,64,torch,12,ac,passed,,150602496,144,12,research-baseline,experiments/l40s/results/research-baselines/training-per_layer_latent-torch-t12-ac.json,,,,,,,,,,,,,,,,,,,0.0,0.0,0.0,144,144,0,0,float32,438.9806213378906,5.858835220336914,439.0159009999479,324.42539469401044,5.857192039489746,10.923828125
training,per_layer_latent,64,torch,12,none,passed,,150602496,144,12,research-baseline,experiments/l40s/results/research-baselines/training-per_layer_latent-torch-t12-none.json,,,,,,,,,,,,,,,,,,,0.0,0.0,0.0,144,144,0,0,float32,290.76788330078125,19.592251777648926,290.8056900050724,273.5380452473958,19.592683792114258,39.083984375
training,per_layer_latent,64,torch,13,ac,passed,,150602496,156,12,research-baseline,experiments/l40s/results/research-baselines/training-per_layer_latent-torch-t13-ac.json,,,,,,,,,,,,,,,,,,,0.0,0.0,0.0,156,156,0,0,float32,481.5687561035156,5.999460220336914,481.6057870048098,349.1263020833333,5.997817039489746,11.205078125
training,per_layer_latent,64,torch,13,none,passed,,150602496,156,12,research-baseline,experiments/l40s/results/research-baselines/training-per_layer_latent-torch-t13-none.json,,,,,,,,,,,,,,,,,,,0.0,0.0,0.0,156,156,0,0,float32,311.73101806640625,20.866311073303223,311.7717260029167,293.81016031901044,20.866743087768555,41.724609375
training,per_layer_latent,64,torch,14,ac,passed,,150602496,168,12,research-baseline,experiments/l40s/results/research-baselines/training-per_layer_latent-torch-t14-ac.json,,,,,,,,,,,,,,,,,,,0.0,0.0,0.0,168,168,0,0,float32,524.6996459960938,6.140085220336914,524.7332119979546,378.74755859375,6.138442039489746,11.486328125
training,per_layer_latent,64,torch,14,none,passed,,150602496,168,12,research-baseline,experiments/l40s/results/research-baselines/training-per_layer_latent-torch-t14-none.json,,,,,,,,,,,,,,,,,,,0.0,0.0,0.0,168,168,0,0,float32,331.5251159667969,22.14037036895752,331.58859200193547,316.8177490234375,22.14080238342285,24.73046875
training,per_layer_latent,64,torch,15,ac,passed,,150602496,180,12,research-baseline,experiments/l40s/results/research-baselines/training-per_layer_latent-torch-t15-ac.json,,,,,,,,,,,,,,,,,,,0.0,0.0,0.0,180,180,0,0,float32,558.6884155273438,6.280710220336914,558.7236450010096,402.6156412760417,6.279067039489746,11.767578125
training,per_layer_latent,64,torch,15,none,passed,,150602496,180,12,research-baseline,experiments/l40s/results/research-baselines/training-per_layer_latent-torch-t15-none.json,,,,,,,,,,,,,,,,,,,0.0,0.0,0.0,180,180,0,0,float32,357.4527893066406,23.414429664611816,357.5135520004551,338.4319661458333,23.41486167907715,25.677734375
training,per_layer_latent,64,torch,16,ac,passed,,150602496,192,12,research-baseline,experiments/l40s/results/research-baselines/training-per_layer_latent-torch-t16-ac.json,,,,,,,,,,,,,,,,,,,0.0,0.0,0.0,192,192,0,0,float32,583.0379638671875,6.421335220336914,583.0703039973741,422.0593668619792,6.419692039489746,12.048828125
training,per_layer_latent,64,torch,16,none,passed,,150602496,192,12,research-baseline,experiments/l40s/results/research-baselines/training-per_layer_latent-torch-t16-none.json,,,,,,,,,,,,,,,,,,,0.0,0.0,0.0,192,192,0,0,float32,375.61431884765625,24.688488960266113,375.6572900019819,354.2497151692708,24.688920974731445,26.998046875
training,uyoco,,tensor,1,ac,passed,,163401216,12,12,research-baseline,experiments/l40s/results/research-baselines/training-uyoco-tensor-t01-ac.json,,,,,,,,,,,,,,,,,,,0.0,0.0,0.0,12,12,0,0,float32,92.68224334716797,2.7917861938476562,92.70849300082773,56.59443155924479,2.791055679321289,4.4765625
training,uyoco,,tensor,1,none,passed,,163401216,12,12,research-baseline,experiments/l40s/results/research-baselines/training-uyoco-tensor-t01-none.json,,,,,,,,,,,,,,,,,,,0.0,0.0,0.0,12,12,0,0,float32,65.08953857421875,4.426801681518555,65.11577199853491,48.6228993733724,4.4238739013671875,7.80859375
training,uyoco,,tensor,2,ac,passed,,163401216,18,12,research-baseline,experiments/l40s/results/research-baselines/training-uyoco-tensor-t02-ac.json,,,,,,,,,,,,,,,,,,,0.0,0.0,0.0,18,18,0,0,float32,138.99154663085938,2.8595352172851562,139.0152699968894,78.27145385742188,2.859537124633789,4.837890625
training,uyoco,,tensor,2,none,passed,,163401216,18,12,research-baseline,experiments/l40s/results/research-baselines/training-uyoco-tensor-t02-none.json,,,,,,,,,,,,,,,,,,,0.0,0.0,0.0,18,18,0,0,float32,95.50643157958984,5.348987579345703,95.53395200055093,65.83052571614583,5.345815658569336,9.7890625
training,uyoco,,tensor,3,ac,passed,,163401216,24,12,research-baseline,experiments/l40s/results/research-baselines/training-uyoco-tensor-t03-ac.json,,,,,,,,,,,,,,,,,,,0.0,0.0,0.0,24,24,0,0,float32,185.31837463378906,2.9342422485351562,185.35566199716413,99.79836018880208,2.933511734008789,4.67578125
training,uyoco,,tensor,3,none,passed,,163401216,24,12,research-baseline,experiments/l40s/results/research-baselines/training-uyoco-tensor-t03-none.json,,,,,,,,,,,,,,,,,,,0.0,0.0,0.0,24,24,0,0,float32,123.72582244873047,6.267023086547852,123.75545100076124,82.91361999511719,6.263362884521484,11.716796875
training,uyoco,,tensor,4,ac,passed,,163401216,30,12,research-baseline,experiments/l40s/results/research-baselines/training-uyoco-tensor-t04-ac.json,,,,,,,,,,,,,,,,,,,0.0,0.0,0.0,30,30,0,0,float32,228.82713317871094,3.0052871704101562,228.85564099851763,121.10779825846355,3.004556655883789,4.76953125
training,uyoco,,tensor,4,none,passed,,163401216,30,12,research-baseline,experiments/l40s/results/research-baselines/training-uyoco-tensor-t04-none.json,,,,,,,,,,,,,,,,,,,0.0,0.0,0.0,30,30,0,0,float32,153.64710998535156,7.182373046875,153.67113100364804,99.80757649739583,7.178712844848633,13.63671875
training,uyoco,,tensor,5,ac,passed,,163401216,36,12,research-baseline,experiments/l40s/results/research-baselines/training-uyoco-tensor-t05-ac.json,,,,,,,,,,,,,,,,,,,0.0,0.0,0.0,36,36,0,0,float32,274.9030456542969,3.0746231079101562,274.9470749986358,142.884521484375,3.074625015258789,4.990234375
training,uyoco,,tensor,5,none,passed,,163401216,36,12,research-baseline,experiments/l40s/results/research-baselines/training-uyoco-tensor-t05-none.json,,,,,,,,,,,,,,,,,,,0.0,0.0,0.0,36,36,0,0,float32,187.07859802246094,8.097723007202148,187.10336199728772,117.31421915690105,8.094062805175781,15.59765625
training,uyoco,,tensor,6,ac,passed,,163401216,42,12,research-baseline,experiments/l40s/results/research-baselines/training-uyoco-tensor-t06-ac.json,,,,,,,,,,,,,,,,,,,0.0,0.0,0.0,42,42,0,0,float32,321.1550598144531,3.1446914672851562,321.18342100147856,164.31820678710938,3.144693374633789,5.166015625
training,uyoco,,tensor,6,none,passed,,163401216,42,12,research-baseline,experiments/l40s/results/research-baselines/training-uyoco-tensor-t06-none.json,,,,,,,,,,,,,,,,,,,0.0,0.0,0.0,42,42,0,0,float32,212.60287475585938,9.013072967529297,212.6287719947868,133.99585978190103,9.00941276550293,17.49609375
training,uyoco,,tensor,7,ac,passed,,163401216,48,12,research-baseline,experiments/l40s/results/research-baselines/training-uyoco-tensor-t07-ac.json,,,,,,,,,,,,,,,,,,,0.0,0.0,0.0,48,48,0,0,float32,364.87371826171875,3.2157363891601562,364.9048250008491,185.78841145833334,3.215005874633789,5.376953125
training,uyoco,,tensor,7,none,passed,,163401216,48,12,research-baseline,experiments/l40s/results/research-baselines/training-uyoco-tensor-t07-none.json,,,,,,,,,,,,,,,,,,,0.0,0.0,0.0,48,48,0,0,float32,240.0821075439453,9.928422927856445,240.10988300142344,151.39567057291666,9.924762725830078,19.41015625
training,uyoco,,tensor,8,ac,passed,,163401216,54,12,research-baseline,experiments/l40s/results/research-baselines/training-uyoco-tensor-t08-ac.json,,,,,,,,,,,,,,,,,,,0.0,0.0,0.0,54,54,0,0,float32,413.8260498046875,3.2860488891601562,413.8696379959583,207.73956298828125,3.285318374633789,5.587890625
training,uyoco,,tensor,8,none,passed,,163401216,54,12,research-baseline,experiments/l40s/results/research-baselines/training-uyoco-tensor-t08-none.json,,,,,,,,,,,,,,,,,,,0.0,0.0,0.0,54,54,0,0,float32,269.9366455078125,10.843772888183594,269.9633129959693,168.47803751627603,10.840112686157227,21.3359375
training,uyoco,,tensor,9,ac,passed,,163401216,60,12,research-baseline,experiments/l40s/results/research-baselines/training-uyoco-tensor-t09-ac.json,,,,,,,,,,,,,,,,,,,0.0,0.0,0.0,60,60,0,0,float32,465.64044189453125,3.3563613891601562,465.66789500502637,227.9761962890625,3.355630874633789,5.798828125
training,uyoco,,tensor,9,none,passed,,163401216,60,12,research-baseline,experiments/l40s/results/research-baselines/training-uyoco-tensor-t09-none.json,,,,,,,,,,,,,,,,,,,0.0,0.0,0.0,60,60,0,0,float32,307.8562316894531,11.759122848510742,307.8811980012688,184.44254557291666,11.755462646484375,23.234375
training,uyoco,,tensor,10,ac,passed,,163401216,66,12,research-baseline,experiments/l40s/results/research-baselines/training-uyoco-tensor-t10-ac.json,,,,,,,,,,,,,,,,,,,0.0,0.0,0.0,66,66,0,0,float32,505.46484375,3.4266738891601562,505.5077459983295,249.1214599609375,3.425943374633789,6.009765625
training,uyoco,,tensor,10,none,passed,,163401216,66,12,research-baseline,experiments/l40s/results/research-baselines/training-uyoco-tensor-t10-none.json,,,,,,,,,,,,,,,,,,,0.0,0.0,0.0,66,66,0,0,float32,336.4618225097656,12.67447280883789,336.49025300110225,201.3200887044271,12.670812606811523,25.154296875
training,uyoco,,tensor,11,ac,passed,,163401216,72,12,research-baseline,experiments/l40s/results/research-baselines/training-uyoco-tensor-t11-ac.json,,,,,,,,,,,,,,,,,,,0.0,0.0,0.0,72,72,0,0,float32,558.519287109375,3.4969863891601562,558.5473829996772,271.81089274088544,3.496255874633789,6.220703125
training,uyoco,,tensor,11,none,passed,,163401216,72,12,research-baseline,experiments/l40s/results/research-baselines/training-uyoco-tensor-t11-none.json,,,,,,,,,,,,,,,,,,,0.0,0.0,0.0,72,72,0,0,float32,358.9794006347656,13.589822769165039,359.00384700653376,219.0588582356771,13.586162567138672,27.068359375
training,uyoco,,tensor,12,ac,passed,,163401216,78,12,research-baseline,experiments/l40s/results/research-baselines/training-uyoco-tensor-t12-ac.json,,,,,,,,,,,,,,,,,,,0.0,0.0,0.0,78,78,0,0,float32,603.6357421875,3.5672988891601562,603.6643679981353,293.29209391276044,3.566568374633789,6.431640625
training,uyoco,,tensor,12,none,passed,,163401216,78,12,research-baseline,experiments/l40s/results/research-baselines/training-uyoco-tensor-t12-none.json,,,,,,,,,,,,,,,,,,,0.0,0.0,0.0,78,78,0,0,float32,385.5790100097656,14.505172729492188,385.60827400215203,235.74698893229166,14.50151252746582,29.3515625
training,uyoco,,tensor,13,ac,passed,,163401216,84,12,research-baseline,experiments/l40s/results/research-baselines/training-uyoco-tensor-t13-ac.json,,,,,,,,,,,,,,,,,,,0.0,0.0,0.0,84,84,0,0,float32,659.884033203125,3.6376113891601562,659.916262004117,313.4658610026042,3.636880874633789,6.642578125
training,uyoco,,tensor,13,none,passed,,163401216,84,12,research-baseline,experiments/l40s/results/research-baselines/training-uyoco-tensor-t13-none.json,,,,,,,,,,,,,,,,,,,0.0,0.0,0.0,84,84,0,0,float32,434.1401672363281,15.420522689819336,434.1697209965787,252.32930501302084,15.416862487792969,31.27734375
training,uyoco,,tensor,14,ac,passed,,163401216,90,12,research-baseline,experiments/l40s/results/research-baselines/training-uyoco-tensor-t14-ac.json,,,,,,,,,,,,,,,,,,,0.0,0.0,0.0,90,90,0,0,float32,690.9583129882812,3.7079238891601562,690.9895480057457,335.4702555338542,3.707193374633789,6.853515625
training,uyoco,,tensor,14,none,passed,,163401216,90,12,research-baseline,experiments/l40s/results/research-baselines/training-uyoco-tensor-t14-none.json,,,,,,,,,,,,,,,,,,,0.0,0.0,0.0,90,90,0,0,float32,452.4564514160156,16.335872650146484,452.4846610001987,269.767333984375,16.332212448120117,33.189453125
training,uyoco,,tensor,15,ac,passed,,163401216,96,12,research-baseline,experiments/l40s/results/research-baselines/training-uyoco-tensor-t15-ac.json,,,,,,,,,,,,,,,,,,,0.0,0.0,0.0,96,96,0,0,float32,745.5057983398438,3.7782363891601562,745.5395100041642,359.2881673177083,3.777505874633789,7.064453125
training,uyoco,,tensor,15,none,passed,,163401216,96,12,research-baseline,experiments/l40s/results/research-baselines/training-uyoco-tensor-t15-none.json,,,,,,,,,,,,,,,,,,,0.0,0.0,0.0,96,96,0,0,float32,485.98834228515625,17.251222610473633,486.01813199638855,288.0798746744792,17.247562408447266,35.107421875
training,uyoco,,tensor,16,ac,passed,,163401216,102,12,research-baseline,experiments/l40s/results/research-baselines/training-uyoco-tensor-t16-ac.json,,,,,,,,,,,,,,,,,,,0.0,0.0,0.0,102,102,0,0,float32,803.3157348632812,3.8485488891601562,803.3462620005594,382.28271484375,3.847818374633789,7.275390625
training,uyoco,,tensor,16,none,passed,,163401216,102,12,research-baseline,experiments/l40s/results/research-baselines/training-uyoco-tensor-t16-none.json,,,,,,,,,,,,,,,,,,,0.0,0.0,0.0,102,102,0,0,float32,522.8810424804688,18.16657257080078,522.9110400032368,307.3822428385417,18.162912368774414,37.021484375
training,uyoco,,torch,1,ac,passed,,163401216,12,12,research-baseline,experiments/l40s/results/research-baselines/training-uyoco-torch-t01-ac.json,,,,,,,,,,,,,,,,,,,0.0,0.0,0.0,12,12,0,0,float32,75.52921295166016,4.430735111236572,75.57276900479337,65.82169596354167,4.446545124053955,8.6875
training,uyoco,,torch,1,none,passed,,163401216,12,12,research-baseline,experiments/l40s/results/research-baselines/training-uyoco-torch-t01-none.json,,,,,,,,,,,,,,,,,,,0.0,0.0,0.0,12,12,0,0,float32,62.20390319824219,6.474930286407471,62.24753100104863,57.92597452799479,6.4773125648498535,12.2265625
training,uyoco,,torch,2,ac,passed,,163401216,18,12,research-baseline,experiments/l40s/results/research-baselines/training-uyoco-torch-t02-ac.json,,,,,,,,,,,,,,,,,,,0.0,0.0,0.0,18,18,0,0,float32,108.43341064453125,4.504099369049072,108.46976500033634,85.95865885416667,4.519421100616455,8.8359375
training,uyoco,,torch,2,none,passed,,163401216,18,12,research-baseline,experiments/l40s/results/research-baselines/training-uyoco-torch-t02-none.json,,,,,,,,,,,,,,,,,,,0.0,0.0,0.0,18,18,0,0,float32,87.54688262939453,7.543350696563721,87.58233099797508,73.91061401367188,7.5424370765686035,14.43359375
training,uyoco,,torch,3,ac,passed,,163401216,24,12,research-baseline,experiments/l40s/results/research-baselines/training-uyoco-torch-t03-ac.json,,,,,,,,,,,,,,,,,,,0.0,0.0,0.0,24,24,0,0,float32,169.5846405029297,4.575266361236572,169.65727099886863,106.77822875976562,4.588634967803955,8.986328125
training,uyoco,,torch,3,none,passed,,163401216,24,12,research-baseline,experiments/l40s/results/research-baselines/training-uyoco-torch-t03-none.json,,,,,,,,,,,,,,,,,,,0.0,0.0,0.0,24,24,0,0,float32,118.60377502441406,8.60591173171997,118.65175000275485,90.30929565429688,8.604998111724854,16.62890625
training,uyoco,,torch,4,ac,passed,,163401216,30,12,research-baseline,experiments/l40s/results/research-baselines/training-uyoco-torch-t04-ac.json,,,,,,,,,,,,,,,,,,,0.0,0.0,0.0,30,30,0,0,float32,182.83929443359375,4.644602298736572,182.87884299934376,127.10769653320312,4.660412311553955,9.162109375
training,uyoco,,torch,4,none,passed,,163401216,30,12,research-baseline,experiments/l40s/results/research-baselines/training-uyoco-torch-t04-none.json,,,,,,,,,,,,,,,,,,,0.0,0.0,0.0,30,30,0,0,float32,137.1822052001953,9.66774034500122,137.22247700206935,106.2277119954427,9.666826725006104,18.8203125
training,uyoco,,torch,5,ac,passed,,163401216,36,12,research-baseline,experiments/l40s/results/research-baselines/training-uyoco-torch-t05-ac.json,,,,,,,,,,,,,,,,,,,0.0,0.0,0.0,36,36,0,0,float32,217.03269958496094,4.716257572174072,217.0936519978568,147.76695760091147,4.730358600616455,8.60546875
training,uyoco,,torch,5,none,passed,,163401216,36,12,research-baseline,experiments/l40s/results/research-baselines/training-uyoco-torch-t05-none.json,,,,,,,,,,,,,,,,,,,0.0,0.0,0.0,36,36,0,0,float32,141.0314178466797,10.72956895828247,141.07144800073002,122.2813008626302,10.728655338287354,21.015625
training,uyoco,,torch,6,ac,passed,,163401216,42,12,research-baseline,experiments/l40s/results/research-baselines/training-uyoco-torch-t06-ac.json,,,,,,,,,,,,,,,,,,,0.0,0.0,0.0,42,42,0,0,float32,259.6792297363281,4.785837650299072,259.7154280010727,168.44390869140625,4.800793170928955,8.81640625
training,uyoco,,torch,6,none,passed,,163401216,42,12,research-baseline,experiments/l40s/results/research-baselines/training-uyoco-torch-t06-none.json,,,,,,,,,,,,,,,,,,,0.0,0.0,0.0,42,42,0,0,float32,160.94924926757812,11.79139757156372,161.0125480001443,138.70455932617188,11.790483951568604,23.2109375
training,uyoco,,torch,7,ac,passed,,163401216,48,12,research-baseline,experiments/l40s/results/research-baselines/training-uyoco-torch-t07-ac.json,,,,,,,,,,,,,,,,,,,0.0,0.0,0.0,48,48,0,0,float32,328.8555603027344,4.856272220611572,328.90057299664477,188.15966796875,4.870373249053955,9.02734375
training,uyoco,,torch,7,none,passed,,163401216,48,12,research-baseline,experiments/l40s/results/research-baselines/training-uyoco-torch-t07-none.json,,,,,,,,,,,,,,,,,,,0.0,0.0,0.0,48,48,0,0,float32,181.22035217285156,12.85322618484497,181.26242000289494,154.9236857096354,12.852312564849854,25.40625
training,uyoco,,torch,8,ac,passed,,163401216,54,12,research-baseline,experiments/l40s/results/research-baselines/training-uyoco-torch-t08-ac.json,,,,,,,,,,,,,,,,,,,0.0,0.0,0.0,54,54,0,0,float32,321.7508850097656,4.926584720611572,321.7911840038141,209.5561319986979,4.940685749053955,9.23828125
training,uyoco,,torch,8,none,passed,,163401216,54,12,research-baseline,experiments/l40s/results/research-baselines/training-uyoco-torch-t08-none.json,,,,,,,,,,,,,,,,,,,0.0,0.0,0.0,54,54,0,0,float32,204.26034545898438,13.91505479812622,204.30451900028856,171.65789794921875,13.914141178131104,27.59765625
training,uyoco,,torch,9,ac,passed,,163401216,60,12,research-baseline,experiments/l40s/results/research-baselines/training-uyoco-torch-t09-ac.json,,,,,,,,,,,,,,,,,,,0.0,0.0,0.0,60,60,0,0,float32,366.1947021484375,4.996897220611572,366.2384600029327,228.81758626302084,5.010998249053955,9.44921875
training,uyoco,,torch,9,none,passed,,163401216,60,12,research-baseline,experiments/l40s/results/research-baselines/training-uyoco-torch-t09-none.json,,,,,,,,,,,,,,,,,,,0.0,0.0,0.0,60,60,0,0,float32,220.6095428466797,14.97688341140747,220.64894199866103,186.8393758138021,14.975969791412354,29.79296875
training,uyoco,,torch,10,ac,passed,,163401216,66,12,research-baseline,experiments/l40s/results/research-baselines/training-uyoco-torch-t10-ac.json,,,,,,,,,,,,,,,,,,,0.0,0.0,0.0,66,66,0,0,float32,407.7967529296875,5.067209720611572,407.8340019987081,248.6156005859375,5.081310749053955,9.66015625
training,uyoco,,torch,10,none,passed,,163401216,66,12,research-baseline,experiments/l40s/results/research-baselines/training-uyoco-torch-t10-none.json,,,,,,,,,,,,,,,,,,,0.0,0.0,0.0,66,66,0,0,float32,248.2054443359375,16.03871202468872,248.2580930009135,202.36527506510416,16.037798404693604,31.98828125
training,uyoco,,torch,11,ac,passed,,163401216,72,12,research-baseline,experiments/l40s/results/research-baselines/training-uyoco-torch-t11-ac.json,,,,,,,,,,,,,,,,,,,0.0,0.0,0.0,72,72,0,0,float32,442.5236511230469,5.137522220611572,442.58932799857575,270.2366129557292,5.151623249053955,9.87109375
training,uyoco,,torch,11,none,passed,,163401216,72,12,research-baseline,experiments/l40s/results/research-baselines/training-uyoco-torch-t11-none.json,,,,,,,,,,,,,,,,,,,0.0,0.0,0.0,72,72,0,0,float32,259.4804382324219,17.10054063796997,259.5242640018114,219.52408854166666,17.099627017974854,34.18359375
training,uyoco,,torch,12,ac,passed,,163401216,78,12,research-baseline,experiments/l40s/results/research-baselines/training-uyoco-torch-t12-ac.json,,,,,,,,,,,,,,,,,,,0.0,0.0,0.0,78,78,0,0,float32,469.5613098144531,5.207834720611572,469.59905499534216,291.30621337890625,5.221935749053955,10.08203125
training,uyoco,,torch,12,none,passed,,163401216,78,12,research-baseline,experiments/l40s/results/research-baselines/training-uyoco-torch-t12-none.json,,,,,,,,,,,,,,,,,,,0.0,0.0,0.0,78,78,0,0,float32,278.36932373046875,18.16236925125122,278.4126729966374,235.9152628580729,18.161455631256104,36.375
training,uyoco,,torch,13,ac,passed,,163401216,84,12,research-baseline,experiments/l40s/results/research-baselines/training-uyoco-torch-t13-ac.json,,,,,,,,,,,,,,,,,,,0.0,0.0,0.0,84,84,0,0,float32,516.2802734375,5.278147220611572,516.3437660012278,309.8944091796875,5.292248249053955,10.29296875
training,uyoco,,torch,13,none,passed,,163401216,84,12,research-baseline,experiments/l40s/results/research-baselines/training-uyoco-torch-t13-none.json,,,,,,,,,,,,,,,,,,,0.0,0.0,0.0,84,84,0,0,float32,299.9285888671875,19.22419786453247,299.97226200066507,250.8714599609375,19.223284244537354,38.5703125
training,uyoco,,torch,14,ac,passed,,163401216,90,12,research-baseline,experiments/l40s/results/research-baselines/training-uyoco-torch-t14-ac.json,,,,,,,,,,,,,,,,,,,0.0,0.0,0.0,90,90,0,0,float32,540.3023071289062,5.348459720611572,540.3387459955411,330.73492431640625,5.362560749053955,10.50390625
training,uyoco,,torch,14,none,passed,,163401216,90,12,research-baseline,experiments/l40s/results/research-baselines/training-uyoco-torch-t14-none.json,,,,,,,,,,,,,,,,,,,0.0,0.0,0.0,90,90,0,0,float32,321.42950439453125,20.28602647781372,321.4640920050442,267.21417236328125,20.285112857818604,40.765625
training,uyoco,,torch,15,ac,passed,,163401216,96,12,research-baseline,experiments/l40s/results/research-baselines/training-uyoco-torch-t15-ac.json,,,,,,,,,,,,,,,,,,,0.0,0.0,0.0,96,96,0,0,float32,583.1280517578125,5.418772220611572,583.1646309961798,354.2681477864583,5.432873249053955,10.71484375
training,uyoco,,torch,15,none,passed,,163401216,96,12,research-baseline,experiments/l40s/results/research-baselines/training-uyoco-torch-t15-none.json,,,,,,,,,,,,,,,,,,,0.0,0.0,0.0,96,96,0,0,float32,346.8011474609375,21.34785509109497,346.8429089989513,286.3134765625,21.346941471099854,42.9609375
training,uyoco,,torch,16,ac,passed,,163401216,102,12,research-baseline,experiments/l40s/results/research-baselines/training-uyoco-torch-t16-ac.json,,,,,,,,,,,,,,,,,,,0.0,0.0,0.0,102,102,0,0,float32,609.964111328125,5.489084720611572,610.0024030019995,371.8277180989583,5.503185749053955,10.92578125
training,uyoco,,torch,16,none,passed,,163401216,102,12,research-baseline,experiments/l40s/results/research-baselines/training-uyoco-torch-t16-none.json,,,,,,,,,,,,,,,,,,,0.0,0.0,0.0,102,102,0,0,float32,371.09234619140625,22.40968370437622,371.1364949995186,300.37127685546875,22.408770084381104,24.865234375
