phase,model,kv_rank,backend,loops,checkpoint,status,failed_stage,parameter_count,effective_depth,unique_layers,attention_applications,mlp_applications,gate_mlp_applications,recurrence_projection_applications,core_residual_dtype,measurement_origin,raw_record,prompt_eager_gpu_ms,prompt_eager_peak_gib,prompt_eager_wall_ms,prompt_graph_gpu_ms,prompt_graph_peak_gib,prompt_graph_reserved_gib,startup_eager_gpu_ms,startup_eager_peak_gib,startup_eager_wall_ms,startup_graph_gpu_ms,startup_graph_peak_gib,startup_graph_reserved_gib,decode_eager_gpu_ms,decode_eager_peak_gib,decode_eager_wall_ms,decode_graph_gpu_ms,decode_graph_peak_gib,decode_graph_reserved_gib,cache_mib,prepared_weight_mib,fold_mib,training_eager_gpu_ms,training_eager_peak_gib,training_eager_wall_ms,training_graph_gpu_ms,training_graph_peak_gib,training_graph_reserved_gib
inference,attention_only,,tensor,1,none,passed,,162988800,12,12,12,12,0,0,float32,research-baseline,experiments/l40s/results/research-baselines/inference-attention_only-tensor-t01-none.json,12.894207954406738,0.9314603805541992,12.921437999466434,7.836671829223633,0.9314603805541992,1.099609375,14.721216201782227,1.1429214477539062,14.744321997568477,8.230229059855143,1.1429214477539062,1.587890625,12.554240226745605,1.0027203559875488,12.577881003380753,0.9738240242004395,1.0027203559875488,1.208984375,144.1409912109375,235.6875,0.0,,,,,,
inference,attention_only,,tensor,2,none,passed,,162988800,24,12,24,12,0,0,float32,research-baseline,experiments/l40s/results/research-baselines/inference-attention_only-tensor-t02-none.json,21.040128707885742,0.9318265914916992,21.062031999463215,11.613812764485678,0.9318265914916992,1.099609375,24.49203109741211,1.4250526428222656,24.5156879973365,12.398250579833984,1.4246864318847656,2.263671875,20.596736907958984,1.1438603401184082,20.61802199750673,1.484458605448405,1.1438603401184082,1.486328125,288.281982421875,235.6875,0.0,,,,,,
inference,attention_only,,tensor,3,none,passed,,162988800,36,12,36,12,0,0,float32,research-baseline,experiments/l40s/results/research-baselines/inference-attention_only-tensor-t03-none.json,28.628992080688477,0.9314603805541992,28.655734000494704,15.316309611002604,0.9314603805541992,1.099609375,33.716224670410156,1.705718994140625,33.739641003194265,16.644437154134113,1.705718994140625,2.904296875,28.022783279418945,1.2842679023742676,28.043999001965858,1.9923307100931804,1.2842679023742676,1.810546875,432.4229736328125,235.6875,0.0,,,,,,
inference,attention_only,,tensor,4,none,passed,,162988800,48,12,48,12,0,0,float32,research-baseline,experiments/l40s/results/research-baselines/inference-attention_only-tensor-t04-none.json,37.23161697387695,0.9318265914916992,37.25293900060933,19.09043248494466,0.9318265914916992,1.099609375,43.45036697387695,1.9878501892089844,43.47390199836809,20.875946044921875,1.9874839782714844,3.490234375,36.005889892578125,1.425407886505127,36.02741199574666,2.501973311106364,1.425407886505127,2.080078125,576.56396484375,235.6875,0.0,,,,,,
inference,attention_only,,tensor,5,none,passed,,162988800,60,12,60,12,0,0,float32,research-baseline,experiments/l40s/results/research-baselines/inference-attention_only-tensor-t05-none.json,46.256126403808594,0.9314603805541992,46.28323599899886,22.681599934895832,0.9314603805541992,1.099609375,53.984256744384766,2.2685165405273438,54.01092499960214,25.0350824991862,2.2685165405273438,4.173828125,44.205055236816406,1.5658154487609863,44.2348399956245,3.0091946919759116,1.5658154487609863,2.404296875,720.7049560546875,235.6875,0.0,,,,,,
inference,attention_only,,tensor,6,none,passed,,162988800,72,12,72,12,0,0,float32,research-baseline,experiments/l40s/results/research-baselines/inference-attention_only-tensor-t06-none.json,53.84601593017578,0.9318265914916992,53.86886600172147,26.502100626627605,0.9318265914916992,1.099609375,64.19369506835938,2.550647735595703,64.21596599830082,29.346817016601562,2.550281524658203,4.763671875,52.59452819824219,1.7069554328918457,52.61633000191068,3.5225601196289062,1.7069554328918457,2.697265625,864.845947265625,235.6875,0.0,,,,,,
inference,attention_only,,tensor,7,none,passed,,162988800,84,12,84,12,0,0,float32,research-baseline,experiments/l40s/results/research-baselines/inference-attention_only-tensor-t07-none.json,63.59142303466797,0.9314603805541992,63.61739899875829,30.287872314453125,0.9314603805541992,1.099609375,76.40064239501953,2.8313140869140625,76.42285399924731,33.64897155761719,2.8313140869140625,5.361328125,61.59052658081055,1.847362995147705,61.61424799938686,4.028415997823079,1.847362995147705,2.998046875,1008.9869384765625,235.6875,0.0,,,,,,
inference,attention_only,,tensor,8,none,passed,,162988800,96,12,96,12,0,0,float32,research-baseline,experiments/l40s/results/research-baselines/inference-attention_only-tensor-t08-none.json,70.81974029541016,0.9318265914916992,70.84683500579558,33.84045918782552,0.9318265914916992,1.099609375,83.44780731201172,3.113445281982422,83.47302699985448,37.61186218261719,3.113079071044922,5.951171875,68.2988510131836,1.9885029792785645,68.32330400357023,4.535296122233073,1.9885029792785645,3.291015625,1153.1279296875,235.6875,0.0,,,,,,
inference,attention_only,,tensor,9,none,passed,,162988800,108,12,108,12,0,0,float32,research-baseline,experiments/l40s/results/research-baselines/inference-attention_only-tensor-t09-none.json,80.06246185302734,0.9314603805541992,80.0870590028353,37.494102478027344,0.9314603805541992,1.099609375,94.62169647216797,3.3941116333007812,94.64478000154486,41.76486460367838,3.3941116333007812,6.568359375,76.48051452636719,2.128910541534424,76.50447099877056,5.0418345133463545,2.128910541534424,3.591796875,1297.2689208984375,235.6875,0.0,,,,,,
inference,attention_only,,tensor,10,none,passed,,162988800,120,12,120,12,0,0,float32,research-baseline,experiments/l40s/results/research-baselines/inference-attention_only-tensor-t10-none.json,85.25414276123047,0.9318265914916992,85.2757600005134,41.108479817708336,0.9318265914916992,1.099609375,100.99100494384766,3.6762428283691406,101.01793200010434,46.19161478678385,3.6758766174316406,7.138671875,84.52301025390625,2.270050525665283,84.55121899896767,5.554858525594075,2.270050525665283,3.884765625,1441.409912109375,235.6875,0.0,,,,,,
inference,attention_only,,tensor,11,none,passed,,162988800,132,12,132,12,0,0,float32,research-baseline,experiments/l40s/results/research-baselines/inference-attention_only-tensor-t11-none.json,94.93708801269531,0.9314603805541992,94.96111999760615,44.91605122884115,0.9314603805541992,1.099609375,111.34982299804688,3.9569091796875,111.39298700436484,50.12373352050781,3.9569091796875,7.736328125,91.56607818603516,2.4104580879211426,91.58921500056749,6.061397552490234,2.4104580879211426,4.185546875,1585.5509033203125,235.6875,0.0,,,,,,
inference,attention_only,,tensor,12,none,passed,,162988800,144,12,144,12,0,0,float32,research-baseline,experiments/l40s/results/research-baselines/inference-attention_only-tensor-t12-none.json,105.39225769042969,0.9318265914916992,105.41432299942244,48.66082255045573,0.9318265914916992,1.099609375,125.00889587402344,4.239040374755859,125.04040200292366,54.410176595052086,4.238674163818359,8.326171875,106.51667022705078,2.551598072052002,106.54081300162943,6.570325215657552,2.551598072052002,4.478515625,1729.69189453125,235.6875,0.0,,,,,,
inference,attention_only,,tensor,13,none,passed,,162988800,156,12,156,12,0,0,float32,research-baseline,experiments/l40s/results/research-baselines/inference-attention_only-tensor-t13-none.json,115.81132507324219,0.9314603805541992,115.83353499736404,52.3697509765625,0.9314603805541992,1.099609375,134.2607421875,4.519706726074219,134.29121800436405,58.63867696126302,4.519706726074219,8.923828125,108.0791015625,2.6920056343078613,108.10875600145664,7.0795949300130205,2.6920056343078613,4.779296875,1873.8328857421875,235.6875,0.0,,,,,,
inference,attention_only,,tensor,14,none,passed,,162988800,168,12,168,12,0,0,float32,research-baseline,experiments/l40s/results/research-baselines/inference-attention_only-tensor-t14-none.json,117.87468719482422,0.9318265914916992,117.90169500454795,56.27631123860677,0.9318265914916992,1.099609375,140.57472229003906,4.801837921142578,140.6220559947542,63.184855143229164,4.801471710205078,9.513671875,120.44204711914062,2.8331456184387207,120.4654280008981,7.591882705688477,2.8331456184387207,5.072265625,2017.973876953125,235.6875,0.0,,,,,,
inference,attention_only,,tensor,15,none,passed,,162988800,180,12,180,12,0,0,float32,research-baseline,experiments/l40s/results/research-baselines/inference-attention_only-tensor-t15-none.json,135.88890075683594,0.9314603805541992,135.91650200396543,60.163411458333336,0.9314603805541992,1.099609375,152.27392578125,5.0825042724609375,152.3150600041845,67.71063232421875,5.0825042724609375,10.130859375,121.79145812988281,2.97355318069458,121.81469300412573,8.113834381103516,2.97355318069458,5.373046875,2162.1148681640625,235.6875,0.0,,,,,,
inference,attention_only,,tensor,16,none,passed,,162988800,192,12,192,12,0,0,float32,research-baseline,experiments/l40s/results/research-baselines/inference-attention_only-tensor-t16-none.json,140.62489318847656,0.9318265914916992,140.64708599471487,63.465474446614586,0.9318265914916992,1.099609375,164.52928161621094,5.364635467529297,164.56177399959415,71.08164469401042,5.364269256591797,10.701171875,134.90074157714844,3.1146931648254395,134.92372501059435,8.601941426595053,3.1146931648254395,5.666015625,2306.255859375,235.6875,0.0,,,,,,
inference,attention_only,,torch,1,none,passed,,162988800,12,12,12,12,0,0,float32,research-baseline,experiments/l40s/results/research-baselines/inference-attention_only-torch-t01-none.json,7.446688175201416,0.9382963180541992,7.475599006284028,7.003136316935222,0.9462308883666992,1.130859375,7.972864151000977,1.1497459411621094,8.005720999790356,7.4386240641276045,1.1576805114746094,1.615234375,6.281216144561768,1.0095248222351074,6.3031099998624995,1.3271040121714275,1.0174593925476074,1.240234375,144.140625,235.6875,0.0,,,,,,
inference,attention_only,,torch,2,none,passed,,162988800,24,12,24,12,0,0,float32,research-baseline,experiments/l40s/results/research-baselines/inference-attention_only-torch-t02-none.json,10.891263961791992,0.9390287399291992,10.913631995208561,10.28334935506185,0.9469633102416992,1.107421875,11.933695793151855,1.4318656921386719,11.957678994804155,11.010389963785807,1.4398002624511719,2.294921875,10.24512004852295,1.15101957321167,10.274125997966621,2.0753067334493003,1.15895414352417,1.541015625,288.28125,235.6875,0.0,,,,,,
inference,attention_only,,torch,3,none,passed,,162988800,36,12,36,12,0,0,float32,research-baseline,experiments/l40s/results/research-baselines/inference-attention_only-torch-t03-none.json,14.734335899353027,0.9382963180541992,14.754512994841207,13.593940734863281,0.9462308883666992,1.130859375,16.234495162963867,1.7125205993652344,16.25660600257106,14.866090138753256,1.7204551696777344,2.927734375,14.566304206848145,1.2910494804382324,14.58770599856507,2.8170239130655923,1.2989840507507324,1.818359375,432.421875,235.6875,0.0,,,,,,
inference,attention_only,,torch,4,none,passed,,162988800,48,12,48,12,0,0,float32,research-baseline,experiments/l40s/results/research-baselines/inference-attention_only-torch-t04-none.json,18.287616729736328,0.9390287399291992,18.33319199795369,16.974165598551433,0.9469633102416992,1.107421875,20.563968658447266,1.9946403503417969,20.58557300188113,18.672640482584637,2.002574920654297,3.560546875,18.23744010925293,1.432544231414795,18.258178999531083,3.5618133544921875,1.440478801727295,2.134765625,576.5625,235.6875,0.0,,,,,,
inference,attention_only,,torch,5,none,passed,,162988800,60,12,60,12,0,0,float32,research-baseline,experiments/l40s/results/research-baselines/inference-attention_only-torch-t05-none.json,22.26790428161621,0.9382963180541992,22.289114000159316,20.030804951985676,0.9462308883666992,1.130859375,25.350143432617188,2.2752952575683594,25.385364999237936,22.15355682373047,2.2832298278808594,4.201171875,22.384607315063477,1.5725741386413574,22.406746000342537,4.304554621378581,1.5805087089538574,2.435546875,720.703125,235.6875,0.0,,,,,,
inference,attention_only,,torch,6,none,passed,,162988800,72,12,72,12,0,0,float32,research-baseline,experiments/l40s/results/research-baselines/inference-attention_only-torch-t06-none.json,25.74233627319336,0.9390287399291992,25.788858001760673,23.317161560058594,0.9469633102416992,1.107421875,29.271039962768555,2.557415008544922,29.292894003447145,26.032127380371094,2.565349578857422,4.830078125,25.602048873901367,1.71406888961792,25.622692999604624,5.058218638102214,1.72200345993042,2.728515625,864.84375,235.6875,0.0,,,,,,
inference,attention_only,,torch,7,none,passed,,162988800,84,12,84,12,0,0,float32,research-baseline,experiments/l40s/results/research-baselines/inference-attention_only-torch-t07-none.json,31.006752014160156,0.9382963180541992,31.029222001961898,26.64208984375,0.9462308883666992,1.130859375,33.85036849975586,2.8380699157714844,33.874123997520655,29.912747701009113,2.8460044860839844,5.388671875,29.603839874267578,1.8540987968444824,29.627226998854894,5.799253463745117,1.8620333671569824,3.029296875,1008.984375,235.6875,0.0,,,,,,
inference,attention_only,,torch,8,none,passed,,162988800,96,12,96,12,0,0,float32,research-baseline,experiments/l40s/results/research-baselines/inference-attention_only-torch-t08-none.json,35.86764907836914,0.9390287399291992,35.90991500095697,29.6802978515625,0.9469633102416992,1.107421875,40.434688568115234,3.120189666748047,40.463374003593344,33.26976013183594,3.128124237060547,5.978515625,34.139007568359375,1.995593547821045,34.16096599539742,6.54097048441569,2.003528118133545,3.322265625,1153.125,235.6875,0.0,,,,,,
inference,attention_only,,torch,9,none,passed,,162988800,108,12,108,12,0,0,float32,research-baseline,experiments/l40s/results/research-baselines/inference-attention_only-torch-t09-none.json,38.53721618652344,0.9382963180541992,38.561171997571364,32.81168111165365,0.9462308883666992,1.130859375,42.78681564331055,3.4008445739746094,42.816243003471754,36.87867736816406,3.4087791442871094,6.615234375,37.3309440612793,2.1356234550476074,37.3542239976814,7.28541882832845,2.1435580253601074,3.623046875,1297.265625,235.6875,0.0,,,,,,
inference,attention_only,,torch,10,none,passed,,162988800,120,12,120,12,0,0,float32,research-baseline,experiments/l40s/results/research-baselines/inference-attention_only-torch-t10-none.json,42.35059356689453,0.9390287399291992,42.37169000407448,36.49263000488281,0.9469633102416992,1.107421875,49.562625885009766,3.682964324951172,49.59755899471929,41.050793965657554,3.690898895263672,7.166015625,42.53184127807617,2.27711820602417,42.57033400062937,8.030143737792969,2.28505277633667,3.916015625,1441.40625,235.6875,0.0,,,,,,
inference,attention_only,,torch,11,none,passed,,162988800,132,12,132,12,0,0,float32,research-baseline,experiments/l40s/results/research-baselines/inference-attention_only-torch-t11-none.json,48.071678161621094,0.9382963180541992,48.093492005136795,39.30077870686849,0.9462308883666992,1.130859375,53.195777893066406,3.9636192321777344,53.22640200029127,44.282877604166664,3.9715538024902344,7.763671875,47.085567474365234,2.4171481132507324,47.10996900394093,8.77294921875,2.4250826835632324,4.216796875,1585.546875,235.6875,0.0,,,,,,
inference,attention_only,,torch,12,none,passed,,162988800,144,12,144,12,0,0,float32,research-baseline,experiments/l40s/results/research-baselines/inference-attention_only-torch-t12-none.json,50.41459274291992,0.9390287399291992,50.43933499837294,42.692606608072914,0.9469633102416992,1.107421875,56.590335845947266,4.245738983154297,56.62374800158432,48.149495442708336,4.253673553466797,8.392578125,50.7770881652832,2.558642864227295,50.80036399886012,9.519765218098959,2.566577434539795,4.509765625,1729.6875,235.6875,0.0,,,,,,
inference,attention_only,,torch,13,none,passed,,162988800,156,12,156,12,0,0,float32,research-baseline,experiments/l40s/results/research-baselines/inference-attention_only-torch-t13-none.json,54.381568908691406,0.9382963180541992,54.40328300028341,45.91718546549479,0.9462308883666992,1.130859375,60.732574462890625,4.526393890380859,60.772053999244235,52.001790364583336,4.534328460693359,8.951171875,53.06470489501953,2.6986727714538574,53.10344899771735,10.26146125793457,2.7066073417663574,4.810546875,1873.828125,235.6875,0.0,,,,,,
inference,attention_only,,torch,14,none,passed,,162988800,168,12,168,12,0,0,float32,research-baseline,experiments/l40s/results/research-baselines/inference-attention_only-torch-t14-none.json,56.41932678222656,0.9390287399291992,56.44237099477323,49.617919921875,0.9469633102416992,1.107421875,64.86822509765625,4.808513641357422,64.90810800460167,56.086527506510414,4.816448211669922,9.541015625,56.720542907714844,2.84016752243042,56.743330002063885,11.017898559570312,2.84810209274292,5.103515625,2017.96875,235.6875,0.0,,,,,,
inference,attention_only,,torch,15,none,passed,,162988800,180,12,180,12,0,0,float32,research-baseline,experiments/l40s/results/research-baselines/inference-attention_only-torch-t15-none.json,62.5346565246582,0.9382963180541992,62.556886005040724,52.9090576171875,0.9462308883666992,1.130859375,70.77069091796875,5.089168548583984,70.80398600373883,59.7947743733724,5.097103118896484,10.177734375,67.14559936523438,2.9801974296569824,67.16829199285712,11.760981241861979,2.9881319999694824,5.404296875,2162.109375,235.6875,0.0,,,,,,
inference,attention_only,,torch,16,none,passed,,162988800,192,12,192,12,0,0,float32,research-baseline,experiments/l40s/results/research-baselines/inference-attention_only-torch-t16-none.json,70.60070037841797,0.9390287399291992,70.62934500572737,55.53868611653646,0.9469633102416992,1.107421875,74.72838592529297,5.371288299560547,74.7594980057329,63.115946451822914,5.379222869873047,10.728515625,68.8199691772461,3.121692180633545,68.84586499654688,12.496554056803385,3.129626750946045,5.697265625,2306.25,235.6875,0.0,,,,,,
inference,grt,,tensor,1,none,passed,,165960960,12,12,12,12,1,1,bfloat16,research-baseline,experiments/l40s/results/research-baselines/inference-grt-tensor-t01-none.json,12.44979190826416,1.0245723724365234,12.473276001401246,8.014506657918295,1.0245723724365234,1.201171875,14.18841552734375,1.1598615646362305,14.210139997885562,8.461311976114908,1.1598615646362305,1.603515625,12.037152290344238,1.0196833610534668,12.06337999610696,0.9878186384836832,1.0196833610534668,1.228515625,144.1409912109375,241.3125,0.0,,,,,,
inference,grt,,tensor,2,none,passed,,165960960,20,12,20,20,2,2,bfloat16,research-baseline,experiments/l40s/results/research-baselines/inference-grt-tensor-t02-none.json,19.787776947021484,1.0362911224365234,19.80990800075233,13.266591389973959,1.0362911224365234,1.236328125,22.75209617614746,1.3474607467651367,22.777455997129437,14.044843037923178,1.3474607467651367,2.087890625,19.352575302124023,1.11354398727417,19.3755290019908,1.5366826057434082,1.11354398727417,1.443359375,240.2349853515625,241.3125,0.0,,,,,,
inference,grt,,tensor,3,none,passed,,165960960,28,12,28,28,3,3,bfloat16,research-baseline,experiments/l40s/results/research-baselines/inference-grt-tensor-t03-none.json,28.057472229003906,1.0362911224365234,28.07930099515943,18.457258860270183,1.0362911224365234,1.236328125,31.905792236328125,1.535059928894043,31.930862001900095,19.590794881184895,1.535059928894043,2.529296875,26.93836784362793,1.2073931694030762,26.963932999933604,2.0882773399353027,1.2073931694030762,1.634765625,336.3289794921875,241.3125,0.0,,,,,,
inference,grt,,tensor,4,none,passed,,165960960,36,12,36,36,4,4,bfloat16,research-baseline,experiments/l40s/results/research-baselines/inference-grt-tensor-t04-none.json,35.25734329223633,1.0362911224365234,35.28061199904187,23.533182779947918,1.0362911224365234,1.236328125,39.87968063354492,1.7226591110229492,39.903501005028374,24.97638448079427,1.7226591110229492,2.951171875,34.52617645263672,1.3012423515319824,34.54827400128124,2.637824058532715,1.3012423515319824,1.826171875,432.4229736328125,241.3125,0.0,,,,,,
inference,grt,,tensor,5,none,passed,,165960960,44,12,44,44,5,5,bfloat16,research-baseline,experiments/l40s/results/research-baselines/inference-grt-tensor-t05-none.json,41.5365104675293,1.0362911224365234,41.56121800042456,28.838218688964844,1.0362911224365234,1.236328125,47.543296813964844,1.9102582931518555,47.567742003593594,30.62749989827474,1.9102582931518555,3.412109375,40.21964645385742,1.3950915336608887,40.244415002234746,3.189077377319336,1.3950915336608887,2.037109375,528.5169677734375,241.3125,0.0,,,,,,
inference,grt,,tensor,6,none,passed,,165960960,52,12,52,52,6,6,bfloat16,research-baseline,experiments/l40s/results/research-baselines/inference-grt-tensor-t06-none.json,50.58969497680664,1.0362911224365234,50.61286099953577,34.28010559082031,1.0362911224365234,1.236328125,57.797630310058594,2.0978574752807617,57.82213200291153,36.40968577067057,2.0978574752807617,3.873046875,49.537025451660156,1.488940715789795,49.566944006073754,3.736234664916992,1.488940715789795,2.228515625,624.6109619140625,241.3125,0.0,,,,,,
inference,grt,,tensor,7,none,passed,,165960960,60,12,60,60,7,7,bfloat16,research-baseline,experiments/l40s/results/research-baselines/inference-grt-tensor-t07-none.json,59.10835266113281,1.0362911224365234,59.13814600353362,39.532203674316406,1.0362911224365234,1.236328125,65.002685546875,2.285456657409668,65.02789500518702,42.007893880208336,2.285456657409668,4.314453125,57.8232307434082,1.5827898979187012,57.84564100031275,4.286805470784505,1.5827898979187012,2.419921875,720.7049560546875,241.3125,0.0,,,,,,
inference,grt,,tensor,8,none,passed,,165960960,68,12,68,68,8,8,bfloat16,research-baseline,experiments/l40s/results/research-baselines/inference-grt-tensor-t08-none.json,66.25273895263672,1.0362911224365234,66.27892299729865,44.84539794921875,1.0362911224365234,1.236328125,77.27922821044922,2.473055839538574,77.30111999990186,47.59347025553385,2.473055839538574,4.775390625,63.289344787597656,1.6766390800476074,63.31862099614227,4.842154820760091,1.6766390800476074,2.630859375,816.7989501953125,241.3125,0.0,,,,,,
inference,grt,,tensor,9,none,passed,,165960960,76,12,76,76,9,9,bfloat16,research-baseline,experiments/l40s/results/research-baselines/inference-grt-tensor-t09-none.json,71.26214599609375,1.0362911224365234,71.2872910007718,49.816914876302086,1.0362911224365234,1.236328125,80.30719757080078,2.6606550216674805,80.32981999713229,52.972147623697914,2.6606550216674805,5.216796875,68.16563415527344,1.7704882621765137,68.18779899913352,5.381120045979817,1.7704882621765137,2.822265625,912.8929443359375,241.3125,0.0,,,,,,
inference,grt,,tensor,10,none,passed,,165960960,84,12,84,84,10,10,bfloat16,research-baseline,experiments/l40s/results/research-baselines/inference-grt-tensor-t10-none.json,81.85343933105469,1.0362911224365234,81.87592000467703,55.07515970865885,1.0362911224365234,1.236328125,93.77792358398438,2.8482542037963867,93.79960499791196,58.50760396321615,2.8482542037963867,5.658203125,79.61190032958984,1.86433744430542,79.63573600136442,5.928618748982747,1.86433744430542,3.013671875,1008.9869384765625,241.3125,0.0,,,,,,
inference,grt,,tensor,11,none,passed,,165960960,92,12,92,92,11,11,bfloat16,research-baseline,experiments/l40s/results/research-baselines/inference-grt-tensor-t11-none.json,87.05433654785156,1.0362911224365234,87.07960799802095,60.27946472167969,1.0362911224365234,1.236328125,102.32332611083984,3.035853385925293,102.34787000081269,64.09314982096355,3.035853385925293,6.119140625,89.25389099121094,1.9581866264343262,89.27980000589741,6.483285268147786,1.9581866264343262,3.224609375,1105.0809326171875,241.3125,0.0,,,,,,
inference,grt,,tensor,12,none,passed,,165960960,100,12,100,100,12,12,bfloat16,research-baseline,experiments/l40s/results/research-baselines/inference-grt-tensor-t12-none.json,93.49427032470703,1.0362911224365234,93.51520999916829,65.45271301269531,1.0362911224365234,1.236328125,105.03167724609375,3.223452568054199,105.05470700445585,69.60810852050781,3.223452568054199,6.560546875,89.07673645019531,2.0520358085632324,89.09953400143422,7.026325225830078,2.0520358085632324,3.416015625,1201.1749267578125,241.3125,0.0,,,,,,
inference,grt,,tensor,13,none,passed,,165960960,108,12,108,108,13,13,bfloat16,research-baseline,experiments/l40s/results/research-baselines/inference-grt-tensor-t13-none.json,104.57804870605469,1.0362911224365234,104.59960000298452,70.77000427246094,1.0362911224365234,1.236328125,118.71539306640625,3.4110517501831055,118.76551399473101,75.30393473307292,3.4110517501831055,7.001953125,101.27359771728516,2.1458849906921387,101.297645996965,7.576576232910156,2.1458849906921387,3.607421875,1297.2689208984375,241.3125,0.0,,,,,,
inference,grt,,tensor,14,none,passed,,165960960,116,12,116,116,14,14,bfloat16,research-baseline,experiments/l40s/results/research-baselines/inference-grt-tensor-t14-none.json,114.66342163085938,1.0362911224365234,114.68633400363615,76.05623372395833,1.0362911224365234,1.236328125,129.64959716796875,3.5986509323120117,129.67367799865315,80.94822184244792,3.5986509323120117,7.462890625,105.55084991455078,2.239734172821045,105.57413300557528,8.130559921264648,2.239734172821045,3.818359375,1393.3629150390625,241.3125,0.0,,,,,,
inference,grt,,tensor,15,none,passed,,165960960,124,12,124,124,15,15,bfloat16,research-baseline,experiments/l40s/results/research-baselines/inference-grt-tensor-t15-none.json,118.64969635009766,1.0362911224365234,118.6712519993307,83.97341918945312,1.0362911224365234,1.236328125,136.2677764892578,3.786250114440918,136.2899939995259,87.8376973470052,3.786250114440918,7.904296875,115.54303741455078,2.333583354949951,115.57015099970158,8.69102923075358,2.333583354949951,4.009765625,1489.4569091796875,241.3125,0.0,,,,,,
inference,grt,,tensor,16,none,passed,,165960960,132,12,132,132,16,16,bfloat16,research-baseline,experiments/l40s/results/research-baselines/inference-grt-tensor-t16-none.json,131.35360717773438,1.0362911224365234,131.38579099904746,89.07468668619792,1.0362911224365234,1.236328125,157.7646026611328,3.973849296569824,157.81401499407366,94.15469360351562,3.973849296569824,8.345703125,125.72978973388672,2.4274325370788574,125.7569129957119,9.240234375,2.4274325370788574,4.201171875,1585.5509033203125,241.3125,0.0,,,,,,
inference,grt,,torch,1,none,passed,,165960960,12,12,12,12,1,1,bfloat16,research-baseline,experiments/l40s/results/research-baselines/inference-grt-torch-t01-none.json,7.616511821746826,1.0343379974365234,7.640041003469378,7.255722681681315,1.0422725677490234,1.244140625,8.128671646118164,1.1696157455444336,8.156431998941116,7.670442581176758,1.1775503158569336,1.642578125,5.891071796417236,1.0294175148010254,5.912817003263626,1.2980906963348389,1.0373520851135254,1.255859375,144.140625,241.3125,0.0,,,,,,
inference,grt,,torch,2,none,passed,,165960960,20,12,20,20,2,2,bfloat16,research-baseline,experiments/l40s/results/research-baselines/inference-grt-torch-t02-none.json,12.80508804321289,1.0453243255615234,12.831220003135968,12.269908905029297,1.0532588958740234,1.267578125,13.606911659240723,1.3564748764038086,13.629517001390923,12.92629369099935,1.3644094467163086,2.076171875,9.612288475036621,1.1225380897521973,9.632955006964039,2.1015893618265786,1.1304726600646973,1.455078125,240.234375,241.3125,0.0,,,,,,
inference,grt,,torch,3,none,passed,,165960960,28,12,28,28,3,3,bfloat16,research-baseline,experiments/l40s/results/research-baselines/inference-grt-torch-t03-none.json,17.843008041381836,1.0453243255615234,17.870190997200552,17.054720560709637,1.0532588958740234,1.267578125,18.910144805908203,1.5440664291381836,18.93953900435008,17.99679946899414,1.5520009994506836,2.517578125,13.015040397644043,1.2163796424865723,13.036112999543548,2.904063860575358,1.2243142127990723,1.666015625,336.328125,241.3125,0.0,,,,,,
inference,grt,,torch,4,none,passed,,165960960,36,12,36,36,4,4,bfloat16,research-baseline,experiments/l40s/results/research-baselines/inference-grt-torch-t04-none.json,22.907840728759766,1.0453243255615234,22.934282998903655,21.917012532552082,1.0532588958740234,1.267578125,24.27903938293457,1.7316579818725586,24.31032699678326,23.1724370320638,1.7395925521850586,2.978515625,16.98099136352539,1.3102211952209473,17.002423002850264,3.7068799336751304,1.3181557655334473,1.857421875,432.421875,241.3125,0.0,,,,,,
inference,grt,,torch,5,none,passed,,165960960,44,12,44,44,5,5,bfloat16,research-baseline,experiments/l40s/results/research-baselines/inference-grt-torch-t05-none.json,27.777023315429688,1.0453243255615234,27.807321996078826,26.64618682861328,1.0532588958740234,1.267578125,29.452224731445312,1.9192495346069336,29.482573001587298,28.162729899088543,1.9271841049194336,3.439453125,20.729856491088867,1.4040627479553223,20.750260999193415,4.508330663045247,1.4119973182678223,2.068359375,528.515625,241.3125,0.0,,,,,,
inference,grt,,torch,6,none,passed,,165960960,52,12,52,52,6,6,bfloat16,research-baseline,experiments/l40s/results/research-baselines/inference-grt-torch-t06-none.json,33.08134460449219,1.0453243255615234,33.11545099859359,31.831380208333332,1.0532588958740234,1.267578125,35.148799896240234,2.1068410873413086,35.19450200110441,33.633280436197914,2.1147756576538086,3.880859375,23.377887725830078,1.4979043006896973,23.41282799898181,5.315925280253093,1.5058388710021973,2.259765625,624.609375,241.3125,0.0,,,,,,
inference,grt,,torch,7,none,passed,,165960960,60,12,60,60,7,7,bfloat16,research-baseline,experiments/l40s/results/research-baselines/inference-grt-torch-t07-none.json,38.23923110961914,1.0453243255615234,38.267891002760734,36.78173828125,1.0532588958740234,1.267578125,40.56576156616211,2.2944326400756836,40.59460800635861,38.96080017089844,2.3023672103881836,4.341796875,27.73504066467285,1.5917458534240723,27.75903500150889,6.118399937947591,1.5996804237365723,2.451171875,720.703125,241.3125,0.0,,,,,,
inference,grt,,torch,8,none,passed,,165960960,68,12,68,68,8,8,bfloat16,research-baseline,experiments/l40s/results/research-baselines/inference-grt-torch-t08-none.json,43.23628616333008,1.0453243255615234,43.2662250022986,41.43274688720703,1.0532588958740234,1.267578125,45.690879821777344,2.4820241928100586,45.72176500369096,43.76507568359375,2.4899587631225586,4.802734375,32.95232009887695,1.6855874061584473,32.97346700128401,6.914389292399089,1.6935219764709473,2.662109375,816.796875,241.3125,0.0,,,,,,
inference,grt,,torch,9,none,passed,,165960960,76,12,76,76,9,9,bfloat16,research-baseline,experiments/l40s/results/research-baselines/inference-grt-torch-t09-none.json,47.980350494384766,1.0453243255615234,48.00784699909855,46.21721394856771,1.0532588958740234,1.267578125,50.91932678222656,2.6696157455444336,50.949254000443034,48.76731872558594,2.6775503158569336,5.224609375,35.77558517456055,1.7794289588928223,35.800903002382256,7.715840021769206,1.7873635292053223,2.853515625,912.890625,241.3125,0.0,,,,,,
inference,grt,,torch,10,none,passed,,165960960,84,12,84,84,10,10,bfloat16,research-baseline,experiments/l40s/results/research-baselines/inference-grt-torch-t10-none.json,53.27769470214844,1.0453243255615234,53.31731700425735,51.2300059000651,1.0532588958740234,1.267578125,56.52703857421875,2.8572072982788086,56.55904499872122,54.14702860514323,2.8651418685913086,5.685546875,38.573055267333984,1.8732705116271973,38.59439799998654,8.520992279052734,1.8812050819396973,3.044921875,1008.984375,241.3125,0.0,,,,,,
inference,grt,,torch,11,none,passed,,165960960,92,12,92,92,11,11,bfloat16,research-baseline,experiments/l40s/results/research-baselines/inference-grt-torch-t11-none.json,65.4755859375,1.0453243255615234,65.5135579945636,55.81585184733073,1.0532588958740234,1.267578125,61.504512786865234,3.0447988510131836,61.54576500557596,59.00458780924479,3.0527334213256836,6.146484375,41.422847747802734,1.9671120643615723,41.44533799990313,9.326250712076822,1.9750466346740723,3.255859375,1105.078125,241.3125,0.0,,,,,,
inference,grt,,torch,12,none,passed,,165960960,100,12,100,100,12,12,bfloat16,research-baseline,experiments/l40s/results/research-baselines/inference-grt-torch-t12-none.json,63.41007995605469,1.0453243255615234,63.4391260027769,60.91226704915365,1.0532588958740234,1.267578125,67.17142486572266,3.2323904037475586,67.2043209997355,64.45977783203125,3.2403249740600586,6.568359375,45.84038543701172,2.0609536170959473,45.86338499939302,10.12940788269043,2.0688881874084473,3.447265625,1201.171875,241.3125,0.0,,,,,,
inference,grt,,torch,13,none,passed,,165960960,108,12,108,108,13,13,bfloat16,research-baseline,experiments/l40s/results/research-baselines/inference-grt-torch-t13-none.json,68.38179016113281,1.0453243255615234,68.41136300499784,65.82886250813802,1.0532588958740234,1.267578125,72.57894134521484,3.4199819564819336,72.61012600065442,69.7139180501302,3.4279165267944336,7.029296875,48.119808197021484,2.1547951698303223,48.141264996957034,10.93014399210612,2.1627297401428223,3.638671875,1297.265625,241.3125,0.0,,,,,,
inference,grt,,torch,14,none,passed,,165960960,116,12,116,116,14,14,bfloat16,research-baseline,experiments/l40s/results/research-baselines/inference-grt-torch-t14-none.json,73.38700866699219,1.0453243255615234,73.43908999609994,70.82734680175781,1.0532588958740234,1.267578125,77.9130859375,3.6075735092163086,77.94407800247427,74.75677998860677,3.6155080795288086,7.490234375,53.733375549316406,2.2486367225646973,53.757064997626,11.729237874348959,2.2565712928771973,3.849609375,1393.359375,241.3125,0.0,,,,,,
inference,grt,,torch,15,none,passed,,165960960,124,12,124,124,15,15,bfloat16,research-baseline,experiments/l40s/results/research-baselines/inference-grt-torch-t15-none.json,78.84595489501953,1.0453243255615234,78.88323899533134,75.91560363769531,1.0532588958740234,1.267578125,83.42015838623047,3.7951650619506836,83.46998199704103,80.32836405436198,3.8030996322631836,7.912109375,57.659393310546875,2.3424782752990723,57.682161997945514,12.538495381673178,2.3504128456115723,4.041015625,1489.453125,241.3125,0.0,,,,,,
inference,grt,,torch,16,none,passed,,165960960,132,12,132,132,16,16,bfloat16,research-baseline,experiments/l40s/results/research-baselines/inference-grt-torch-t16-none.json,84.12876892089844,1.0453243255615234,84.16231800219975,80.89122009277344,1.0532588958740234,1.267578125,89.26617431640625,3.9827566146850586,89.29663000162691,85.84499104817708,3.9906911849975586,8.373046875,61.34681701660156,2.4363198280334473,61.38391199056059,13.346815745035807,2.4442543983459473,4.232421875,1585.546875,241.3125,0.0,,,,,,
inference,lpt,,tensor,1,none,passed,,162988800,12,12,12,12,0,0,float32,research-baseline,experiments/l40s/results/research-baselines/inference-lpt-tensor-t01-none.json,12.698464393615723,1.1128568649291992,12.720052000076976,7.827114741007487,1.1128568649291992,1.400390625,14.172160148620605,1.1426773071289062,14.193597999110352,8.258218765258789,1.1426773071289062,1.556640625,12.444512367248535,1.0024762153625488,12.46453700150596,0.976213296254476,1.0024762153625488,1.205078125,144.1409912109375,235.6875,0.0,,,,,,
inference,lpt,,tensor,2,none,passed,,162988800,24,12,24,24,0,0,float32,research-baseline,experiments/l40s/results/research-baselines/inference-lpt-tensor-t02-none.json,24.888320922851562,1.1245756149291992,24.909250998462085,16.022869110107422,1.1245756149291992,1.423828125,28.97305679321289,1.2929725646972656,28.997332003200427,16.676522572835285,1.2929725646972656,1.857421875,24.143871307373047,1.0114140510559082,24.169559001165908,1.8148694038391113,1.0114140510559082,1.35546875,153.281982421875,235.6875,0.0,,,,,,
inference,lpt,,tensor,3,none,passed,,162988800,36,12,36,36,0,0,float32,research-baseline,experiments/l40s/results/research-baselines/inference-lpt-tensor-t03-none.json,36.50969696044922,1.1245756149291992,36.53229199699126,24.247296651204426,1.1245756149291992,1.423828125,42.61062240600586,1.442535400390625,42.63891899609007,25.081514994303387,1.442535400390625,2.158203125,35.766143798828125,1.0203518867492676,35.788200999377295,2.6466986338297525,1.0203518867492676,1.505859375,162.4229736328125,235.6875,0.0,,,,,,
inference,lpt,,tensor,4,none,passed,,162988800,48,12,48,48,0,0,float32,research-baseline,experiments/l40s/results/research-baselines/inference-lpt-tensor-t04-none.json,48.91340637207031,1.1245756149291992,48.93452000396792,32.501078287760414,1.1245756149291992,1.423828125,57.336830139160156,1.5920982360839844,57.36896199960029,33.57559458414713,1.5920982360839844,2.458984375,47.025150299072266,1.029289722442627,47.0568570017349,3.4802347819010415,1.029289722442627,1.65625,171.56396484375,235.6875,0.0,,,,,,
inference,lpt,,tensor,5,none,passed,,162988800,60,12,60,60,0,0,float32,research-baseline,experiments/l40s/results/research-baselines/inference-lpt-tensor-t05-none.json,62.0503044128418,1.1245756149291992,62.072299006104004,40.93948872884115,1.1245756149291992,1.423828125,72.24422454833984,1.7416610717773438,72.26883700059261,42.206207275390625,1.7416610717773438,2.755859375,58.97520065307617,1.0382275581359863,58.997920001274906,4.321621259053548,1.0382275581359863,1.8046875,180.7049560546875,235.6875,0.0,,,,,,
inference,lpt,,tensor,6,none,passed,,162988800,72,12,72,72,0,0,float32,research-baseline,experiments/l40s/results/research-baselines/inference-lpt-tensor-t06-none.json,74.38642883300781,1.1245756149291992,74.41074499365641,49.163604736328125,1.1245756149291992,1.423828125,86.24639892578125,1.8912239074707031,86.27126600185875,50.69721476236979,1.8912239074707031,3.056640625,70.02623748779297,1.0471653938293457,70.04940500337398,5.151061375935872,1.0471653938293457,1.955078125,189.845947265625,235.6875,0.0,,,,,,
inference,lpt,,tensor,7,none,passed,,162988800,84,12,84,84,0,0,float32,research-baseline,experiments/l40s/results/research-baselines/inference-lpt-tensor-t07-none.json,85.36473846435547,1.1245756149291992,85.38846600276884,57.48872375488281,1.1245756149291992,1.423828125,98.5169906616211,2.0407867431640625,98.54268100025365,59.25751241048177,2.0407867431640625,3.357421875,81.21548461914062,1.056103229522705,81.23802600312047,5.985962549845378,1.056103229522705,2.10546875,198.9869384765625,235.6875,0.0,,,,,,
inference,lpt,,tensor,8,none,passed,,162988800,96,12,96,96,0,0,float32,research-baseline,experiments/l40s/results/research-baselines/inference-lpt-tensor-t08-none.json,101.82950592041016,1.1245756149291992,101.85230399656575,65.87358093261719,1.1245756149291992,1.423828125,117.94534301757812,2.190349578857422,117.9721119988244,67.77477518717448,2.190349578857422,3.658203125,100.95820617675781,1.0650410652160645,100.98302199912723,6.82154655456543,1.0650410652160645,2.255859375,208.1279296875,235.6875,0.0,,,,,,
inference,lpt,,tensor,9,none,passed,,162988800,108,12,108,108,0,0,float32,research-baseline,experiments/l40s/results/research-baselines/inference-lpt-tensor-t09-none.json,111.46752166748047,1.1245756149291992,111.5003889935906,73.3450215657552,1.1245756149291992,1.423828125,129.62815856933594,2.3399124145507812,129.6546980011044,75.46566263834636,2.3399124145507812,3.958984375,104.48387145996094,1.0739789009094238,104.51053699944168,7.636650721232097,1.0739789009094238,2.40625,217.2689208984375,235.6875,0.0,,,,,,
inference,lpt,,tensor,10,none,passed,,162988800,120,12,120,120,0,0,float32,research-baseline,experiments/l40s/results/research-baselines/inference-lpt-tensor-t10-none.json,126.35443115234375,1.1245756149291992,126.37799300136976,81.63601175944011,1.1245756149291992,1.423828125,147.19879150390625,2.4894752502441406,147.22530400467804,83.93250020345052,2.4894752502441406,4.255859375,119.36870574951172,1.0829167366027832,119.39372699998785,8.472234725952148,1.0829167366027832,2.5546875,226.409912109375,235.6875,0.0,,,,,,
inference,lpt,,tensor,11,none,passed,,162988800,132,12,132,132,0,0,float32,research-baseline,experiments/l40s/results/research-baselines/inference-lpt-tensor-t11-none.json,137.30508422851562,1.1245756149291992,137.33807800599607,90.1570536295573,1.1245756149291992,1.423828125,161.9978485107422,2.6390380859375,162.02600600081496,93.02425130208333,2.6390380859375,4.556640625,129.30047607421875,1.0918545722961426,129.32575099694077,9.320074717203775,1.0918545722961426,2.705078125,235.5509033203125,235.6875,0.0,,,,,,
inference,lpt,,tensor,12,none,passed,,162988800,144,12,144,144,0,0,float32,research-baseline,experiments/l40s/results/research-baselines/inference-lpt-tensor-t12-none.json,152.7132110595703,1.1245756149291992,152.74144500290276,102.50171915690105,1.1245756149291992,1.423828125,177.41311645507812,2.7886009216308594,177.4374610031373,104.08174641927083,2.7886009216308594,4.857421875,150.97549438476562,1.100792407989502,151.0031549987616,10.159786860148111,1.100792407989502,2.85546875,244.69189453125,235.6875,0.0,,,,,,
inference,lpt,,tensor,13,none,passed,,162988800,156,12,156,156,0,0,float32,research-baseline,experiments/l40s/results/research-baselines/inference-lpt-tensor-t13-none.json,168.48486328125,1.1245756149291992,168.50799499661662,106.55641682942708,1.1245756149291992,1.423828125,187.30496215820312,2.9381637573242188,187.33350500406232,109.40210978190105,2.9381637573242188,5.158203125,162.55999755859375,1.1097302436828613,162.58464899874525,10.971818288167318,1.1097302436828613,3.005859375,253.8328857421875,235.6875,0.0,,,,,,
inference,lpt,,tensor,14,none,passed,,162988800,168,12,168,168,0,0,float32,research-baseline,experiments/l40s/results/research-baselines/inference-lpt-tensor-t14-none.json,180.3837432861328,1.1245756149291992,180.41182599699823,114.57877604166667,1.1245756149291992,1.423828125,213.9166717529297,3.087726593017578,213.9446439978201,117.5521240234375,3.087726593017578,5.458984375,170.38131713867188,1.1186680793762207,170.40589100361103,11.800576527913412,1.1186680793762207,3.15625,262.973876953125,235.6875,0.0,,,,,,
inference,lpt,,tensor,15,none,passed,,162988800,180,12,180,180,0,0,float32,research-baseline,experiments/l40s/results/research-baselines/inference-lpt-tensor-t15-none.json,189.59872436523438,1.1245756149291992,189.62180099333636,122.98922729492188,1.1245756149291992,1.423828125,223.59039306640625,3.2372894287109375,223.6174130011932,125.7154541015625,3.2372894287109375,5.755859375,189.51065063476562,1.12760591506958,189.53482199867722,12.630699157714844,1.12760591506958,3.3046875,272.1148681640625,235.6875,0.0,,,,,,
inference,lpt,,tensor,16,none,passed,,162988800,192,12,192,192,0,0,float32,research-baseline,experiments/l40s/results/research-baselines/inference-lpt-tensor-t16-none.json,201.50064086914062,1.1245756149291992,201.52444599807495,132.38579305013022,1.1245756149291992,1.423828125,232.9712677001953,3.386852264404297,233.00156099867309,135.7479248046875,3.386852264404297,6.056640625,190.023681640625,1.1365437507629395,190.0537749970681,13.549908955891928,1.1365437507629395,3.455078125,281.255859375,235.6875,0.0,,,,,,
inference,lpt,,torch,1,none,passed,,162988800,12,12,12,12,0,0,float32,research-baseline,experiments/l40s/results/research-baselines/inference-lpt-torch-t01-none.json,7.522304058074951,1.1215238571166992,7.545448999735527,6.975146611531575,1.1294584274291992,1.427734375,7.99948787689209,1.1513328552246094,8.023451002372894,7.436277389526367,1.1592674255371094,1.623046875,6.194176197052002,1.0111117362976074,6.23080600053072,1.3294400374094646,1.0190463066101074,1.240234375,144.140625,235.6875,0.0,,,,,,
inference,lpt,,torch,2,none,passed,,162988800,24,12,24,24,0,0,float32,research-baseline,experiments/l40s/results/research-baselines/inference-lpt-torch-t02-none.json,15.446944236755371,1.1332464218139648,15.474088002520148,14.357504526774088,1.1411809921264648,1.474609375,16.374784469604492,1.3016204833984375,16.399398999055848,15.048362731933594,1.3095550537109375,1.943359375,13.384703636169434,1.0322327613830566,13.407492995611392,2.683221181233724,1.0401673316955566,1.41015625,153.28125,235.6875,0.0,,,,,,
inference,lpt,,torch,3,none,passed,,162988800,36,12,36,36,0,0,float32,research-baseline,experiments/l40s/results/research-baselines/inference-lpt-torch-t03-none.json,23.86742401123047,1.1332464218139648,23.92031099589076,21.681803385416668,1.1411809921264648,1.474609375,24.560543060302734,1.451171875,24.588238004071172,22.62664540608724,1.4591064453125,2.244140625,18.731008529663086,1.0411591529846191,18.753354001091793,4.013738632202148,1.0490937232971191,1.560546875,162.421875,235.6875,0.0,,,,,,
inference,lpt,,torch,4,none,passed,,162988800,48,12,48,48,0,0,float32,research-baseline,experiments/l40s/results/research-baselines/inference-lpt-torch-t04-none.json,31.19820785522461,1.1332464218139648,31.229970001732,29.102762858072918,1.1411809921264648,1.474609375,32.81817626953125,1.6007232666015625,32.84356099902652,30.246912638346355,1.6086578369140625,2.544921875,25.05523109436035,1.0500855445861816,25.07678300025873,5.3459625244140625,1.0580201148986816,1.7109375,171.5625,235.6875,0.0,,,,,,
inference,lpt,,torch,5,none,passed,,162988800,60,12,60,60,0,0,float32,research-baseline,experiments/l40s/results/research-baselines/inference-lpt-torch-t05-none.json,38.77580642700195,1.1332464218139648,38.80124200077262,36.32025655110677,1.1411809921264648,1.474609375,40.996864318847656,1.750274658203125,41.03224800201133,37.57875315348307,1.758209228515625,2.841796875,31.912864685058594,1.0590119361877441,31.943310998030938,6.6751149495442705,1.0669465065002441,1.859375,180.703125,235.6875,0.0,,,,,,
inference,lpt,,torch,6,none,passed,,162988800,72,12,72,72,0,0,float32,research-baseline,experiments/l40s/results/research-baselines/inference-lpt-torch-t06-none.json,67.76614379882812,1.1332464218139648,67.80724900454516,43.85655212402344,1.1411809921264648,1.474609375,48.765953063964844,1.8998260498046875,48.79133500071475,45.328043619791664,1.9077606201171875,3.142578125,37.42924880981445,1.0679383277893066,37.45153999625472,8.007978439331055,1.0758728981018066,2.009765625,189.84375,235.6875,0.0,,,,,,
inference,lpt,,torch,7,none,passed,,162988800,84,12,84,84,0,0,float32,research-baseline,experiments/l40s/results/research-baselines/inference-lpt-torch-t07-none.json,54.733726501464844,1.1332464218139648,54.76106000423897,51.05899556477865,1.1411809921264648,1.474609375,57.16070556640625,2.04937744140625,57.18274399987422,52.91793314615885,2.05731201171875,3.443359375,43.11449432373047,1.0768647193908691,43.13526299665682,9.336490631103516,1.0847992897033691,2.16015625,198.984375,235.6875,0.0,,,,,,
inference,lpt,,torch,8,none,passed,,162988800,96,12,96,96,0,0,float32,research-baseline,experiments/l40s/results/research-baselines/inference-lpt-torch-t08-none.json,91.74630737304688,1.1332464218139648,91.77991199976532,58.493611653645836,1.1411809921264648,1.474609375,65.56877136230469,2.1989288330078125,65.59066400222946,60.56925964355469,2.2068634033203125,3.744140625,49.82476806640625,1.0857911109924316,49.84719600179233,10.665301640828451,1.0937256813049316,2.310546875,208.125,235.6875,0.0,,,,,,
inference,lpt,,torch,9,none,passed,,162988800,108,12,108,108,0,0,float32,research-baseline,experiments/l40s/results/research-baselines/inference-lpt-torch-t09-none.json,70.27200317382812,1.1332464218139648,70.29939600033686,65.69983927408855,1.1411809921264648,1.474609375,74.31270599365234,2.348480224609375,74.33473999844864,68.00179036458333,2.356414794921875,4.044921875,57.05830383300781,1.0947175025939941,57.08178199711256,11.997503916422525,1.1026520729064941,2.4609375,217.265625,235.6875,0.0,,,,,,
inference,lpt,,torch,10,none,passed,,162988800,120,12,120,120,0,0,float32,research-baseline,experiments/l40s/results/research-baselines/inference-lpt-torch-t10-none.json,78.06566619873047,1.1332464218139648,78.1118390004849,73.05830383300781,1.1411809921264648,1.474609375,83.06371307373047,2.4980316162109375,83.08641299663577,75.48484293619792,2.5059661865234375,4.341796875,63.314945220947266,1.1036438941955566,63.33756900130538,13.328384399414062,1.1115784645080566,2.609375,226.40625,235.6875,0.0,,,,,,
inference,lpt,,torch,11,none,passed,,162988800,132,12,132,132,0,0,float32,research-baseline,experiments/l40s/results/research-baselines/inference-lpt-torch-t11-none.json,87.88050842285156,1.1332464218139648,87.91155499784509,82.64464823404948,1.1411809921264648,1.474609375,90.3637466430664,2.6475830078125,90.39234199735802,85.8576151529948,2.655517578125,4.642578125,68.19737243652344,1.1125702857971191,68.23664799594553,14.684810638427734,1.1205048561096191,2.759765625,235.546875,235.6875,0.0,,,,,,
inference,lpt,,torch,12,none,passed,,162988800,144,12,144,144,0,0,float32,research-baseline,experiments/l40s/results/research-baselines/inference-lpt-torch-t12-none.json,93.2628173828125,1.1332464218139648,93.29083500051638,87.47280883789062,1.1411809921264648,1.474609375,98.6798095703125,2.7971343994140625,98.70905000570929,90.34171549479167,2.8050689697265625,4.943359375,76.3595199584961,1.1214966773986816,76.38031899841735,15.990090688069662,1.1294312477111816,2.91015625,244.6875,235.6875,0.0,,,,,,
inference,lpt,,torch,13,none,passed,,162988800,156,12,156,156,0,0,float32,research-baseline,experiments/l40s/results/research-baselines/inference-lpt-torch-t13-none.json,102.25357055664062,1.1332464218139648,102.29118599818321,95.04017130533855,1.1411809921264648,1.474609375,152.97637939453125,2.946685791015625,153.01364000333706,98.24392700195312,2.954620361328125,5.244140625,131.34136962890625,1.1304230690002441,131.38622899714392,17.320959726969402,1.1383576393127441,3.060546875,253.828125,235.6875,0.0,,,,,,
inference,lpt,,torch,14,none,passed,,162988800,168,12,168,168,0,0,float32,research-baseline,experiments/l40s/results/research-baselines/inference-lpt-torch-t14-none.json,109.30687713623047,1.1332464218139648,109.33279000164475,102.4006856282552,1.1411809921264648,1.474609375,117.9504623413086,3.0962371826171875,117.99328200140735,105.70240275065105,3.1041717529296875,5.544921875,86.47577667236328,1.1393494606018066,86.4960980034084,18.651818593343098,1.1472840309143066,3.2109375,262.96875,235.6875,0.0,,,,,,
inference,lpt,,torch,15,none,passed,,162988800,180,12,180,180,0,0,float32,research-baseline,experiments/l40s/results/research-baselines/inference-lpt-torch-t15-none.json,120.774658203125,1.1332464218139648,120.80881900328677,112.34918212890625,1.1411809921264648,1.474609375,122.75917053222656,3.24578857421875,122.79316600324819,116.63082885742188,3.25372314453125,5.841796875,99.30242919921875,1.1482758522033691,99.32721799850697,20.024319966634113,1.1562104225158691,3.359375,272.109375,235.6875,0.0,,,,,,
inference,lpt,,torch,16,none,passed,,162988800,192,12,192,192,0,0,float32,research-baseline,experiments/l40s/results/research-baselines/inference-lpt-torch-t16-none.json,174.14247131347656,1.1332464218139648,174.18234499928076,119.81039428710938,1.1411809921264648,1.474609375,131.44473266601562,3.3953399658203125,131.47750099597033,124.05248006184895,3.4032745361328125,6.142578125,103.00518035888672,1.1572022438049316,103.03354800271336,21.357215881347656,1.1651368141174316,3.509765625,281.25,235.6875,0.0,,,,,,
inference,per_layer_latent,64,tensor,1,none,passed,,150602496,12,12,12,12,0,0,float32,research-baseline,experiments/l40s/results/research-baselines/inference-per_layer_latent-tensor-t01-none.json,14.143487930297852,0.8909330368041992,14.165169995976612,7.115093231201172,0.8831233978271484,1.1328125,15.557632446289062,0.8963041305541992,15.585406006721314,7.173429489135742,0.8884944915771484,1.169921875,11.190272331237793,0.7857809066772461,11.210994998691604,0.7553173700968424,0.7857809066772461,0.970703125,6.0062255859375,185.0625,27.0,,,,,,
inference,per_layer_latent,64,tensor,2,none,passed,,150602496,24,12,24,24,0,0,float32,research-baseline,experiments/l40s/results/research-baselines/inference-per_layer_latent-tensor-t02-none.json,24.707040786743164,0.8909330368041992,24.7282880009152,13.725696563720703,0.8831233978271484,1.1328125,26.907520294189453,0.9021635055541992,26.930786996672396,13.795669555664062,0.8943538665771484,1.197265625,21.64838409423828,0.7916574478149414,21.67154299968388,1.3417812983194988,0.7916574478149414,0.984375,12.012451171875,185.0625,27.0,,,,,,
inference,per_layer_latent,64,tensor,3,none,passed,,150602496,36,12,36,36,0,0,float32,research-baseline,experiments/l40s/results/research-baselines/inference-per_layer_latent-tensor-t03-none.json,33.79814529418945,0.8909330368041992,33.819349999248516,20.22263463338216,0.8831233978271484,1.1328125,38.32316970825195,0.9080228805541992,38.346282999555115,20.435284932454426,0.9002132415771484,1.224609375,31.362079620361328,0.7975339889526367,31.385510999825783,1.9339946111043294,0.7975339889526367,0.998046875,18.0186767578125,185.0625,27.0,,,,,,
inference,per_layer_latent,64,tensor,4,none,passed,,150602496,48,12,48,48,0,0,float32,research-baseline,experiments/l40s/results/research-baselines/inference-per_layer_latent-tensor-t04-none.json,44.991519927978516,0.8909330368041992,45.01988999982132,26.736981709798176,0.8831233978271484,1.1328125,50.135009765625,0.9138822555541992,50.15730200102553,27.016192118326824,0.9060726165771484,1.251953125,43.16979217529297,0.803410530090332,43.193867000809405,2.524160067240397,0.803410530090332,1.01171875,24.02490234375,185.0625,27.0,,,,,,
inference,per_layer_latent,64,tensor,5,none,passed,,150602496,60,12,60,60,0,0,float32,research-baseline,experiments/l40s/results/research-baselines/inference-per_layer_latent-tensor-t05-none.json,54.89561462402344,0.8909330368041992,54.91537699708715,33.19466654459635,0.8831233978271484,1.1328125,61.77996826171875,0.9197416305541992,61.80194499756908,33.50732676188151,0.9119319915771484,1.279296875,52.922271728515625,0.8092870712280273,52.94556699664099,3.109546661376953,0.8092870712280273,1.025390625,30.0311279296875,185.0625,27.0,,,,,,
inference,per_layer_latent,64,tensor,6,none,passed,,150602496,72,12,72,72,0,0,float32,research-baseline,experiments/l40s/results/research-baselines/inference-per_layer_latent-tensor-t06-none.json,64.82227325439453,0.8909330368041992,64.84436099708546,40.69205220540365,0.8831233978271484,1.1328125,73.8334732055664,0.9256010055541992,73.856221002643,41.02929178873698,0.9177913665771484,1.306640625,64.45465850830078,0.8151636123657227,64.4768549973378,3.714026769002279,0.8151636123657227,1.0390625,36.037353515625,185.0625,27.0,,,,,,
inference,per_layer_latent,64,tensor,7,none,passed,,150602496,84,12,84,84,0,0,float32,research-baseline,experiments/l40s/results/research-baselines/inference-per_layer_latent-tensor-t07-none.json,75.56198120117188,0.8909330368041992,75.59110000147484,46.823404947916664,0.8831233978271484,1.1328125,85.13638305664062,0.9314603805541992,85.16178499849048,47.391743977864586,0.9236507415771484,1.333984375,74.22566223144531,0.821040153503418,74.24887300294358,4.307264010111491,0.821040153503418,1.052734375,42.0435791015625,185.0625,27.0,,,,,,
inference,per_layer_latent,64,tensor,8,none,passed,,150602496,96,12,96,96,0,0,float32,research-baseline,experiments/l40s/results/research-baselines/inference-per_layer_latent-tensor-t08-none.json,89.7413101196289,0.8909330368041992,89.77054700517328,52.911102294921875,0.8831233978271484,1.1328125,97.0854721069336,0.9373197555541992,97.11033200437669,53.533355712890625,0.9295101165771484,1.361328125,87.02054595947266,0.8269166946411133,87.04252100142185,4.878335952758789,0.8269166946411133,1.06640625,48.0498046875,185.0625,27.0,,,,,,
inference,per_layer_latent,64,tensor,9,none,passed,,150602496,108,12,108,108,0,0,float32,research-baseline,experiments/l40s/results/research-baselines/inference-per_layer_latent-tensor-t09-none.json,98.3009262084961,0.8909330368041992,98.3228689947282,59.42510986328125,0.8831233978271484,1.1328125,112.84585571289062,0.9431791305541992,112.87301999982446,60.05521138509115,0.9353694915771484,1.388671875,100.17894744873047,0.8327932357788086,100.2028539951425,5.4685014088948565,0.8327932357788086,1.080078125,54.0560302734375,185.0625,27.0,,,,,,
inference,per_layer_latent,64,tensor,10,none,passed,,150602496,120,12,120,120,0,0,float32,research-baseline,experiments/l40s/results/research-baselines/inference-per_layer_latent-tensor-t10-none.json,107.4678726196289,0.8909330368041992,107.48985400277888,66.31048583984375,0.8831233978271484,1.1328125,120.31692504882812,0.9490385055541992,120.34244099777425,66.89280192057292,0.9412288665771484,1.416015625,105.7966079711914,0.8386697769165039,105.81991900107823,6.066176096598308,0.8386697769165039,1.09375,60.062255859375,185.0625,27.0,,,,,,
inference,per_layer_latent,64,tensor,11,none,passed,,150602496,132,12,132,132,0,0,float32,research-baseline,experiments/l40s/results/research-baselines/inference-per_layer_latent-tensor-t11-none.json,117.17724609375,0.8909330368041992,117.19999799970537,72.24316914876302,0.8831233978271484,1.1328125,133.1876220703125,0.9548978805541992,133.2103799941251,73.00096130371094,0.9470882415771484,1.443359375,118.46246337890625,0.8445463180541992,118.48317499971017,6.647466659545898,0.8445463180541992,1.107421875,66.0684814453125,185.0625,27.0,,,,,,
inference,per_layer_latent,64,tensor,12,none,passed,,150602496,144,12,144,144,0,0,float32,research-baseline,experiments/l40s/results/research-baselines/inference-per_layer_latent-tensor-t12-none.json,127.66204833984375,0.8909330368041992,127.68381399655482,79.27395121256511,0.8831233978271484,1.1328125,150.50547790527344,0.9607572555541992,150.53364200139185,80.00682576497395,0.9529476165771484,1.470703125,132.95309448242188,0.8504228591918945,132.9781379972701,7.236266454060872,0.8504228591918945,1.12109375,72.07470703125,185.0625,27.0,,,,,,
inference,per_layer_latent,64,tensor,13,none,passed,,150602496,156,12,156,156,0,0,float32,research-baseline,experiments/l40s/results/research-baselines/inference-per_layer_latent-tensor-t13-none.json,133.94125366210938,0.8909330368041992,133.96739000017988,85.83031209309895,0.8831233978271484,1.1328125,157.233154296875,0.9666166305541992,157.25491700140992,86.79115804036458,0.9588069915771484,1.498046875,133.2305908203125,0.8562994003295898,133.25505900138523,7.83189328511556,0.8562994003295898,1.134765625,78.0809326171875,185.0625,27.0,,,,,,
inference,per_layer_latent,64,tensor,14,none,passed,,150602496,168,12,168,168,0,0,float32,research-baseline,experiments/l40s/results/research-baselines/inference-per_layer_latent-tensor-t14-none.json,154.63731384277344,0.8909330368041992,154.6623379981611,92.9576924641927,0.8831233978271484,1.1328125,163.35360717773438,0.9724760055541992,163.38252499554073,93.74514770507812,0.9646663665771484,1.525390625,145.10797119140625,0.8621759414672852,145.13192899903515,8.42581303914388,0.8621759414672852,1.1484375,84.087158203125,185.0625,27.0,,,,,,
inference,per_layer_latent,64,tensor,15,none,passed,,150602496,180,12,180,180,0,0,float32,research-baseline,experiments/l40s/results/research-baselines/inference-per_layer_latent-tensor-t15-none.json,164.2117156982422,0.8909330368041992,164.23628399934387,100.43051147460938,0.8831233978271484,1.1328125,178.02342224121094,0.9783353805541992,178.04737899859902,102.48124186197917,0.9705257415771484,1.552734375,156.86041259765625,0.8680524826049805,156.88437499920838,9.036458969116211,0.8680524826049805,1.162109375,90.0933837890625,185.0625,27.0,,,,,,
inference,per_layer_latent,64,tensor,16,none,passed,,150602496,192,12,192,192,0,0,float32,research-baseline,experiments/l40s/results/research-baselines/inference-per_layer_latent-tensor-t16-none.json,168.44288635253906,0.8909330368041992,168.46795899618883,105.16748046875,0.8831233978271484,1.1328125,188.8737335205078,0.9841947555541992,188.89815198781434,106.25946044921875,0.9763851165771484,1.580078125,173.63865661621094,0.8739290237426758,173.6634819972096,9.594538370768229,0.8739290237426758,1.17578125,96.099609375,185.0625,27.0,,,,,,
inference,per_layer_latent,64,torch,1,none,passed,,150602496,12,12,12,12,0,0,float32,research-baseline,experiments/l40s/results/research-baselines/inference-per_layer_latent-torch-t01-none.json,8.42137622833252,0.9021635055541992,8.44469200092135,6.353237152099609,0.8966732025146484,1.154296875,8.507519721984863,0.9081449508666992,8.5324550018413,6.390783945719401,0.9026546478271484,1.1640625,5.72108793258667,0.7976012229919434,5.756201993790455,1.098410685857137,0.8055357933044434,0.98828125,6.005859375,182.8125,27.0,,,,,,
inference,per_layer_latent,64,torch,2,none,passed,,150602496,24,12,24,24,0,0,float32,research-baseline,experiments/l40s/results/research-baselines/inference-per_layer_latent-torch-t02-none.json,14.49062442779541,0.9021635055541992,14.540394004143309,12.197493235270182,0.8966732025146484,1.154296875,14.593055725097656,0.9140043258666992,14.616785003454424,12.249088287353516,0.9085140228271484,1.19140625,10.903552055358887,0.8034663200378418,10.923577996436507,2.064021269480387,0.8114008903503418,1.001953125,12.01171875,182.8125,27.0,,,,,,
inference,per_layer_latent,64,torch,3,none,passed,,150602496,36,12,36,36,0,0,float32,research-baseline,experiments/l40s/results/research-baselines/inference-per_layer_latent-torch-t03-none.json,20.760576248168945,0.9021635055541992,20.789442998648155,18.13708750406901,0.8966732025146484,1.154296875,20.930559158325195,0.9198637008666992,20.955526000761893,18.235733032226562,0.9143733978271484,1.21875,15.714303970336914,0.8093314170837402,15.735795997898094,3.0351359049479165,0.8172659873962402,1.015625,18.017578125,182.8125,27.0,,,,,,
inference,per_layer_latent,64,torch,4,none,passed,,150602496,48,12,48,48,0,0,float32,research-baseline,experiments/l40s/results/research-baselines/inference-per_layer_latent-torch-t04-none.json,26.93120002746582,0.9021635055541992,26.958670001477003,23.884801228841145,0.8966732025146484,1.154296875,27.027456283569336,0.9257230758666992,27.057302002504002,23.997098286946613,0.9202327728271484,1.24609375,21.68832015991211,0.8151965141296387,21.716944000218064,4.003498713175456,0.8231310844421387,1.029296875,24.0234375,182.8125,27.0,,,,,,
inference,per_layer_latent,64,torch,5,none,passed,,150602496,60,12,60,60,0,0,float32,research-baseline,experiments/l40s/results/research-baselines/inference-per_layer_latent-torch-t05-none.json,32.65536117553711,0.9021635055541992,32.68052200292004,29.487103780110676,0.8966732025146484,1.154296875,33.13868713378906,0.9315824508666992,33.16645399900153,29.682347615559895,0.9260921478271484,1.2734375,26.75507164001465,0.8210616111755371,26.775807004014496,4.96503480275472,0.8289961814880371,1.04296875,30.029296875,182.8125,27.0,,,,,,
inference,per_layer_latent,64,torch,6,none,passed,,150602496,72,12,72,72,0,0,float32,research-baseline,experiments/l40s/results/research-baselines/inference-per_layer_latent-torch-t06-none.json,38.98777770996094,0.9021635055541992,39.015877002384514,35.52525838216146,0.8966732025146484,1.154296875,39.29606246948242,0.9374418258666992,39.325170997472014,35.694933573404946,0.9319515228271484,1.30078125,31.60883140563965,0.8269267082214355,31.631140001991298,5.93715222676595,0.8348612785339355,1.056640625,36.03515625,182.8125,27.0,,,,,,
inference,per_layer_latent,64,torch,7,none,passed,,150602496,84,12,84,84,0,0,float32,research-baseline,experiments/l40s/results/research-baselines/inference-per_layer_latent-torch-t07-none.json,45.283329010009766,0.9021635055541992,45.31339000095613,41.45049540201823,0.8966732025146484,1.154296875,45.790016174316406,0.9433012008666992,45.81652199703967,41.744041442871094,0.9378108978271484,1.328125,37.70265579223633,0.832791805267334,37.738607003120705,6.905855814615886,0.840726375579834,1.0703125,42.041015625,182.8125,27.0,,,,,,
inference,per_layer_latent,64,torch,8,none,passed,,150602496,96,12,96,96,0,0,float32,research-baseline,experiments/l40s/results/research-baselines/inference-per_layer_latent-torch-t08-none.json,51.4600944519043,0.9021635055541992,51.48799399466952,47.20025634765625,0.8966732025146484,1.154296875,51.84204864501953,0.9491605758666992,51.875033997930586,47.51872253417969,0.9436702728271484,1.35546875,42.837886810302734,0.8386569023132324,42.859631997998804,7.864661534627278,0.8465914726257324,1.083984375,48.046875,182.8125,27.0,,,,,,
inference,per_layer_latent,64,torch,9,none,passed,,150602496,108,12,108,108,0,0,float32,research-baseline,experiments/l40s/results/research-baselines/inference-per_layer_latent-torch-t09-none.json,57.66041564941406,0.9021635055541992,57.69833199883578,53.108734130859375,0.8966732025146484,1.154296875,58.13350296020508,0.9550199508666992,58.161182001640555,53.41832478841146,0.9495296478271484,1.3828125,48.21401596069336,0.8445219993591309,48.23713900259463,8.828917185465494,0.8524565696716309,1.09765625,54.052734375,182.8125,27.0,,,,,,
inference,per_layer_latent,64,torch,10,none,passed,,150602496,120,12,120,120,0,0,float32,research-baseline,experiments/l40s/results/research-baselines/inference-per_layer_latent-torch-t10-none.json,63.76448059082031,0.9021635055541992,63.82121100614313,58.98168436686198,0.8966732025146484,1.154296875,64.14028930664062,0.9608793258666992,64.17127999884542,59.410430908203125,0.9553890228271484,1.41015625,52.94899368286133,0.8503870964050293,52.97038099524798,9.812992095947266,0.8583216667175293,1.111328125,60.05859375,182.8125,27.0,,,,,,
inference,per_layer_latent,64,torch,11,none,passed,,150602496,132,12,132,132,0,0,float32,research-baseline,experiments/l40s/results/research-baselines/inference-per_layer_latent-torch-t11-none.json,69.15885162353516,0.9021635055541992,69.18684300035238,64.12834167480469,0.8966732025146484,1.154296875,69.55213165283203,0.9667387008666992,69.58062000194332,64.58367919921875,0.9612483978271484,1.4375,60.628990173339844,0.8562521934509277,60.652832995401695,10.766335805257162,0.8641867637634277,1.125,66.064453125,182.8125,27.0,,,,,,
inference,per_layer_latent,64,torch,12,none,passed,,150602496,144,12,144,144,0,0,float32,research-baseline,experiments/l40s/results/research-baselines/inference-per_layer_latent-torch-t12-none.json,75.43901062011719,0.9021635055541992,75.47872900613584,70.11052958170573,0.8966732025146484,1.154296875,76.03507232666016,0.9725980758666992,76.06179799768142,70.60207112630208,0.9671077728271484,1.46484375,61.8711051940918,0.8621172904968262,61.89373099914519,11.734699249267578,0.8700518608093262,1.138671875,72.0703125,182.8125,27.0,,,,,,
inference,per_layer_latent,64,torch,13,none,passed,,150602496,156,12,156,156,0,0,float32,research-baseline,experiments/l40s/results/research-baselines/inference-per_layer_latent-torch-t13-none.json,81.4172134399414,0.9021635055541992,81.45060599781573,75.8831787109375,0.8966732025146484,1.154296875,82.22003173828125,0.9784574508666992,82.25097300601192,76.38391621907552,0.9729671478271484,1.4921875,71.19872283935547,0.8679823875427246,71.22014999913517,12.702378590901693,0.8759169578552246,1.15234375,78.076171875,182.8125,27.0,,,,,,
inference,per_layer_latent,64,torch,14,none,passed,,150602496,168,12,168,168,0,0,float32,research-baseline,experiments/l40s/results/research-baselines/inference-per_layer_latent-torch-t14-none.json,89.40953826904297,0.9021635055541992,89.44188800523989,83.45838928222656,0.8966732025146484,1.154296875,89.9768295288086,0.9843168258666992,90.0067010006751,84.08132425944011,0.9788265228271484,1.51953125,73.24569702148438,0.873847484588623,73.26756900147302,13.70419184366862,0.881782054901123,1.166015625,84.08203125,182.8125,27.0,,,,,,
inference,per_layer_latent,64,torch,15,none,passed,,150602496,180,12,180,180,0,0,float32,research-baseline,experiments/l40s/results/research-baselines/inference-per_layer_latent-torch-t15-none.json,94.92991638183594,0.9021635055541992,94.96030100126518,88.62310791015625,0.8966732025146484,1.154296875,95.61923217773438,0.9901762008666992,95.64777799823787,89.42318725585938,0.9846858978271484,1.546875,83.95059204101562,0.8797125816345215,83.97469500050647,14.675968170166016,0.8876471519470215,1.1796875,90.087890625,182.8125,27.0,,,,,,
inference,per_layer_latent,64,torch,16,none,passed,,150602496,192,12,192,192,0,0,float32,research-baseline,experiments/l40s/results/research-baselines/inference-per_layer_latent-torch-t16-none.json,99.58911895751953,0.9021635055541992,99.62017899670172,93.1427001953125,0.8966732025146484,1.154296875,100.26496124267578,0.9960355758666992,100.29548199963756,93.6997578938802,0.9905452728271484,1.57421875,90.75609588623047,0.8855776786804199,90.77784699911717,15.602005004882812,0.8935122489929199,1.193359375,96.09375,182.8125,27.0,,,,,,
inference,uyoco,,tensor,1,none,passed,,163401216,12,12,12,12,0,0,float32,research-baseline,experiments/l40s/results/research-baselines/inference-uyoco-tensor-t01-none.json,13.554688453674316,0.9931802749633789,13.582241997937672,5.0350081125895185,0.9931802749633789,1.142578125,15.158368110656738,1.051774024963379,15.180932001385372,5.218954722086589,1.051774024963379,1.28125,13.804544448852539,0.9119772911071777,13.828029004798736,0.9000960191090902,0.9119772911071777,1.072265625,48.011932373046875,237.9375,0.0,,,,,,
inference,uyoco,,tensor,2,none,passed,,163401216,18,12,18,18,0,0,float32,research-baseline,experiments/l40s/results/research-baselines/inference-uyoco-tensor-t02-none.json,21.67807960510254,0.9931802749633789,21.69949399831239,9.371306737263998,0.9931802749633789,1.142578125,23.970815658569336,1.122086524963379,23.99552200222388,9.712981541951498,1.122086524963379,1.421875,20.97235107421875,0.9471392631530762,20.995708997361362,1.3202773729960124,0.9471392631530762,1.142578125,84.01211547851562,237.9375,0.0,,,,,,
inference,uyoco,,tensor,3,none,passed,,163401216,24,12,24,24,0,0,float32,research-baseline,experiments/l40s/results/research-baselines/inference-uyoco-tensor-t03-none.json,28.472320556640625,0.9931802749633789,28.496140999777708,13.705557505289713,0.9931802749633789,1.142578125,31.686656951904297,1.2045221328735352,31.7085299975588,14.20083236694336,1.2045221328735352,1.6015625,28.417184829711914,0.9823012351989746,28.44084800017299,1.7401173909505208,0.9823012351989746,1.232421875,120.01229858398438,237.9375,0.0,,,,,,
inference,uyoco,,tensor,4,none,passed,,163401216,30,12,30,30,0,0,float32,research-baseline,experiments/l40s/results/research-baselines/inference-uyoco-tensor-t04-none.json,36.903934478759766,0.9931802749633789,36.92755499650957,18.000896453857422,0.9931802749633789,1.142578125,41.0777587890625,1.3099966049194336,41.10227499768371,18.63372802734375,1.3099966049194336,1.80078125,36.94899368286133,1.017463207244873,36.971917004848365,2.161322593688965,1.017463207244873,1.341796875,156.01248168945312,237.9375,0.0,,,,,,
inference,uyoco,,tensor,5,none,passed,,163401216,36,12,36,36,0,0,float32,research-baseline,experiments/l40s/results/research-baselines/inference-uyoco-tensor-t05-none.json,44.779518127441406,0.9931802749633789,44.80029799742624,22.323883056640625,0.9931802749633789,1.142578125,50.08476638793945,1.415471076965332,50.106319002225064,23.108245849609375,1.415471076965332,2.01953125,44.14771270751953,1.0526251792907715,44.17300500062993,2.5832106272379556,1.0526251792907715,1.451171875,192.01266479492188,237.9375,0.0,,,,,,
inference,uyoco,,tensor,6,none,passed,,163401216,42,12,42,42,0,0,float32,research-baseline,experiments/l40s/results/research-baselines/inference-uyoco-tensor-t06-none.json,53.1517448425293,0.9931802749633789,53.17494599876227,26.707285563151043,0.9931802749633789,1.142578125,59.12575912475586,1.5209455490112305,59.15007300063735,27.631617228190105,1.5209455490112305,2.23828125,51.22982406616211,1.08778715133667,51.25592099648202,3.0016425450642905,1.08778715133667,1.560546875,228.01284790039062,237.9375,0.0,,,,,,
inference,uyoco,,tensor,7,none,passed,,163401216,48,12,48,48,0,0,float32,research-baseline,experiments/l40s/results/research-baselines/inference-uyoco-tensor-t07-none.json,61.16156768798828,0.9931802749633789,61.184746999060735,30.998868306477863,0.9931802749633789,1.142578125,68.75647735595703,1.626420021057129,68.78715399943758,31.94196319580078,1.626420021057129,2.45703125,59.44105529785156,1.1229491233825684,59.46564600162674,3.424938519795736,1.1229491233825684,1.669921875,264.0130310058594,237.9375,0.0,,,,,,
inference,uyoco,,tensor,8,none,passed,,163401216,54,12,54,54,0,0,float32,research-baseline,experiments/l40s/results/research-baselines/inference-uyoco-tensor-t08-none.json,68.8189468383789,0.9931802749633789,68.84894000540953,35.443712870279946,0.9931802749633789,1.142578125,79.64358520507812,1.7318944931030273,79.6668690018123,36.69538116455078,1.7318944931030273,2.67578125,71.29190063476562,1.1581110954284668,71.31493899942143,3.8417065938313804,1.1581110954284668,1.779296875,300.0132141113281,237.9375,0.0,,,,,,
inference,uyoco,,tensor,9,none,passed,,163401216,60,12,60,60,0,0,float32,research-baseline,experiments/l40s/results/research-baselines/inference-uyoco-tensor-t09-none.json,76.01766204833984,0.9931802749633789,76.04142100171885,39.46461741129557,0.9931802749633789,1.142578125,85.40774536132812,1.8373689651489258,85.43036800256232,40.878763834635414,1.8373689651489258,2.89453125,74.6424331665039,1.1932730674743652,74.66560800094157,4.260181427001953,1.1932730674743652,1.888671875,336.0133972167969,237.9375,0.0,,,,,,
inference,uyoco,,tensor,10,none,passed,,163401216,66,12,66,66,0,0,float32,research-baseline,experiments/l40s/results/research-baselines/inference-uyoco-tensor-t10-none.json,88.77568054199219,0.9931802749633789,88.79804799653357,43.698516845703125,0.9931802749633789,1.142578125,95.79519653320312,1.9428434371948242,95.82075700018322,45.25260925292969,1.9428434371948242,3.11328125,84.51277160644531,1.2284350395202637,84.53473200643202,4.677632013956706,1.2284350395202637,1.998046875,372.0135803222656,237.9375,0.0,,,,,,
inference,uyoco,,tensor,11,none,passed,,163401216,72,12,72,72,0,0,float32,research-baseline,experiments/l40s/results/research-baselines/inference-uyoco-tensor-t11-none.json,95.98770904541016,0.9931802749633789,96.00971799955005,48.251220703125,0.9931802749633789,1.142578125,107.83948516845703,2.0483179092407227,107.86353599542053,49.93296813964844,2.0483179092407227,3.33203125,91.97465515136719,1.263597011566162,91.99651899689343,5.099520047505696,1.263597011566162,2.107421875,408.0137634277344,237.9375,0.0,,,,,,
inference,uyoco,,tensor,12,none,passed,,163401216,78,12,78,78,0,0,float32,research-baseline,experiments/l40s/results/research-baselines/inference-uyoco-tensor-t12-none.json,104.3763198852539,0.9931802749633789,104.39896499883616,52.611063639322914,0.9931802749633789,1.142578125,113.71929931640625,2.153792381286621,113.74246599734761,54.48089599609375,2.153792381286621,3.55078125,99.53791809082031,1.2987589836120605,99.56189500371693,5.513557434082031,1.2987589836120605,2.216796875,444.0139465332031,237.9375,0.0,,,,,,
inference,uyoco,,tensor,13,none,passed,,163401216,84,12,84,84,0,0,float32,research-baseline,experiments/l40s/results/research-baselines/inference-uyoco-tensor-t13-none.json,107.83232116699219,0.9931802749633789,107.85739299899433,56.6292470296224,0.9931802749633789,1.142578125,122.5000991821289,2.2592668533325195,122.5253930024337,58.7496083577474,2.2592668533325195,3.76953125,109.75532531738281,1.333920955657959,109.77708700374933,5.934762954711914,1.333920955657959,2.326171875,480.0141296386719,237.9375,0.0,,,,,,
inference,uyoco,,tensor,14,none,passed,,163401216,90,12,90,90,0,0,float32,research-baseline,experiments/l40s/results/research-baselines/inference-uyoco-tensor-t14-none.json,114.88870239257812,0.9931802749633789,114.9109700054396,61.002400716145836,0.9931802749633789,1.142578125,132.87432861328125,2.364741325378418,132.90011600474827,63.34088643391927,2.364741325378418,3.98828125,109.9079360961914,1.3690829277038574,109.93241999676684,6.351189295450847,1.3690829277038574,2.435546875,516.0143127441406,237.9375,0.0,,,,,,
inference,uyoco,,tensor,15,none,passed,,163401216,96,12,96,96,0,0,float32,research-baseline,experiments/l40s/results/research-baselines/inference-uyoco-tensor-t15-none.json,128.068603515625,0.9931802749633789,128.08961100381566,65.99270629882812,0.9931802749633789,1.142578125,137.1504669189453,2.4702157974243164,137.17653999628965,68.4949951171875,2.4702157974243164,4.20703125,119.36563110351562,1.4042448997497559,119.38842599920463,6.796288172403972,1.4042448997497559,2.544921875,552.0144958496094,237.9375,0.0,,,,,,
inference,uyoco,,tensor,16,none,passed,,163401216,102,12,102,102,0,0,float32,research-baseline,experiments/l40s/results/research-baselines/inference-uyoco-tensor-t16-none.json,132.490234375,0.9931802749633789,132.51217100332724,70.71334330240886,0.9931802749633789,1.142578125,149.93714904785156,2.575690269470215,149.96297399920877,73.04158020019531,2.575690269470215,4.42578125,129.58924865722656,1.4394068717956543,129.61486000131117,7.221920013427734,1.4394068717956543,2.654296875,588.0146789550781,237.9375,0.0,,,,,,
inference,uyoco,,torch,1,none,passed,,163401216,12,12,12,12,0,0,float32,research-baseline,experiments/l40s/results/research-baselines/inference-uyoco-torch-t01-none.json,10.070015907287598,1.0035600662231445,10.098314000060782,6.281557083129883,1.0114946365356445,1.19921875,16.465824127197266,1.0621538162231445,16.495345000294037,6.333098729451497,1.0700883865356445,1.3046875,11.472895622253418,0.9223418235778809,11.517929997353349,1.6411306063334148,0.9302763938903809,1.109375,48.01171875,237.9375,0.0,,,,,,
inference,uyoco,,torch,2,none,passed,,163401216,18,12,18,18,0,0,float32,research-baseline,experiments/l40s/results/research-baselines/inference-uyoco-torch-t02-none.json,17.986560821533203,1.0024614334106445,18.007587001193315,11.716266632080078,1.0103960037231445,1.19921875,18.354175567626953,1.1313676834106445,18.3926150057232,11.757568359375,1.1393022537231445,1.4453125,15.794367790222168,0.9563994407653809,15.83176400163211,2.625194708506266,0.9643340110778809,1.1796875,84.01171875,237.9375,0.0,,,,,,
inference,uyoco,,torch,3,none,passed,,163401216,24,12,24,24,0,0,float32,research-baseline,experiments/l40s/results/research-baselines/inference-uyoco-torch-t03-none.json,24.144832611083984,1.0024614334106445,24.174617996322922,17.213099161783855,1.0103960037231445,1.19921875,25.458688735961914,1.213785171508789,25.4808640020201,17.1868158976237,1.221719741821289,1.625,21.984256744384766,0.9915556907653809,22.026405997166876,3.605504035949707,0.9994902610778809,1.26953125,120.01171875,237.9375,0.0,,,,,,
inference,uyoco,,torch,4,none,passed,,163401216,30,12,30,30,0,0,float32,research-baseline,experiments/l40s/results/research-baselines/inference-uyoco-torch-t04-none.json,31.127552032470703,1.0024614334106445,31.155084005149547,22.60991923014323,1.0103960037231445,1.19921875,33.61689758300781,1.319253921508789,33.6432319963933,22.59076182047526,1.327199935913086,1.82421875,27.688831329345703,1.0267119407653809,27.72494199598441,4.588533401489258,1.0346465110778809,1.359375,156.01171875,237.9375,0.0,,,,,,
inference,uyoco,,torch,5,none,passed,,163401216,36,12,36,36,0,0,float32,research-baseline,experiments/l40s/results/research-baselines/inference-uyoco-torch-t05-none.json,38.523902893066406,1.0024614334106445,38.550834004126955,28.16546122233073,1.0103960037231445,1.19921875,40.2657585144043,1.424722671508789,40.29559400078142,28.098902384440105,1.432657241821289,2.04296875,34.151424407958984,1.0618681907653809,34.173980995547026,5.572256088256836,1.0698027610778809,1.46875,192.01171875,237.9375,0.0,,,,,,
inference,uyoco,,torch,6,none,passed,,163401216,42,12,42,42,0,0,float32,research-baseline,experiments/l40s/results/research-baselines/inference-uyoco-torch-t06-none.json,44.391361236572266,1.0024614334106445,44.41650999797275,33.56910959879557,1.0103960037231445,1.19921875,47.85660934448242,1.530191421508789,47.89826300111599,33.456128438313804,1.538137435913086,2.26171875,39.82438278198242,1.0970244407653809,39.84662100265268,6.554623921712239,1.1049590110778809,1.578125,228.01171875,237.9375,0.0,,,,,,
inference,uyoco,,torch,7,none,passed,,163401216,48,12,48,48,0,0,float32,research-baseline,experiments/l40s/results/research-baselines/inference-uyoco-torch-t07-none.json,50.949119567871094,1.0024614334106445,50.98074099805672,39.1014404296875,1.0103960037231445,1.19921875,53.733375549316406,1.635660171508789,53.75590000039665,38.95671590169271,1.643594741821289,2.48046875,44.44259262084961,1.1321806907653809,44.46619100053795,7.540053049723308,1.1401152610778809,1.6875,264.01171875,237.9375,0.0,,,,,,
inference,uyoco,,torch,8,none,passed,,163401216,54,12,54,54,0,0,float32,research-baseline,experiments/l40s/results/research-baselines/inference-uyoco-torch-t08-none.json,57.30624008178711,1.0024614334106445,57.33426599908853,44.62660217285156,1.0103960037231445,1.19921875,63.903743743896484,1.741128921508789,63.93715299782343,44.42825826009115,1.749074935913086,2.69921875,53.718017578125,1.1673369407653809,53.73847399459919,8.519338607788086,1.1752715110778809,1.796875,300.01171875,237.9375,0.0,,,,,,
inference,uyoco,,torch,9,none,passed,,163401216,60,12,60,60,0,0,float32,research-baseline,experiments/l40s/results/research-baselines/inference-uyoco-torch-t09-none.json,104.11929321289062,1.0024614334106445,104.15498100337572,49.811116536458336,1.0103960037231445,1.19921875,68.30496215820312,1.846597671508789,68.3407670003362,49.58270772298177,1.854532241821289,2.91796875,56.91068649291992,1.2024931907653809,56.95618399477098,9.501696268717447,1.2104277610778809,1.90625,336.01171875,237.9375,0.0,,,,,,
inference,uyoco,,torch,10,none,passed,,163401216,66,12,66,66,0,0,float32,research-baseline,experiments/l40s/results/research-baselines/inference-uyoco-torch-t10-none.json,74.47650909423828,1.0024614334106445,74.49946899578208,54.94852193196615,1.0103960037231445,1.19921875,74.70285034179688,1.952066421508789,74.72612399578793,54.75293986002604,1.960012435913086,3.13671875,65.870849609375,1.2376494407653809,65.89192899991758,10.484394709269205,1.2455840110778809,2.015625,372.01171875,237.9375,0.0,,,,,,
inference,uyoco,,torch,11,none,passed,,163401216,72,12,72,72,0,0,float32,research-baseline,experiments/l40s/results/research-baselines/inference-uyoco-torch-t11-none.json,81.53190612792969,1.0024614334106445,81.55756300402572,60.85832722981771,1.0103960037231445,1.19921875,84.98579406738281,2.057535171508789,85.0063969992334,60.78191121419271,2.065469741821289,3.35546875,70.28934478759766,1.2728056907653809,70.31860799907008,11.467093149820963,1.2807402610778809,2.125,408.01171875,237.9375,0.0,,,,,,
inference,uyoco,,torch,12,none,passed,,163401216,78,12,78,78,0,0,float32,research-baseline,experiments/l40s/results/research-baselines/inference-uyoco-torch-t12-none.json,87.34809875488281,1.0024614334106445,87.37141000165138,66.63782246907552,1.0103960037231445,1.19921875,91.21382141113281,2.163003921508789,91.23782400274649,66.47564697265625,2.170949935913086,3.57421875,79.3733139038086,1.3079619407653809,79.39503600209719,12.45798365275065,1.3158965110778809,2.234375,444.01171875,237.9375,0.0,,,,,,
inference,uyoco,,torch,13,none,passed,,163401216,84,12,84,84,0,0,float32,research-baseline,experiments/l40s/results/research-baselines/inference-uyoco-torch-t13-none.json,143.09683227539062,1.0024614334106445,143.13771999877645,71.24001057942708,1.0103960037231445,1.19921875,97.73567962646484,2.268472671508789,97.75969500333304,70.9014180501302,2.276407241821289,3.79296875,86.11225891113281,1.3431181907653809,86.1334259971045,13.43112564086914,1.3510527610778809,2.34375,480.01171875,237.9375,0.0,,,,,,
inference,uyoco,,torch,14,none,passed,,163401216,90,12,90,90,0,0,float32,research-baseline,experiments/l40s/results/research-baselines/inference-uyoco-torch-t14-none.json,107.98079681396484,1.0024614334106445,108.00853300315794,76.81433614095052,1.0103960037231445,1.19921875,106.80831909179688,2.373941421508789,106.83740499371197,76.57710774739583,2.381887435913086,4.01171875,90.15090942382812,1.3782744407653809,90.17642500111833,14.413823445638021,1.3862090110778809,2.453125,516.01171875,237.9375,0.0,,,,,,
inference,uyoco,,torch,15,none,passed,,163401216,96,12,96,96,0,0,float32,research-baseline,experiments/l40s/results/research-baselines/inference-uyoco-torch-t15-none.json,111.2432632446289,1.0024614334106445,111.26852500456152,83.50242106119792,1.0103960037231445,1.19921875,111.77782440185547,2.479410171508789,111.80748899641912,83.2901102701823,2.487344741821289,4.23046875,96.71270751953125,1.4134306907653809,96.73479699995369,15.40164311726888,1.4213652610778809,2.5625,552.01171875,237.9375,0.0,,,,,,
inference,uyoco,,torch,16,none,passed,,163401216,102,12,102,102,0,0,float32,research-baseline,experiments/l40s/results/research-baselines/inference-uyoco-torch-t16-none.json,111.86278533935547,1.0024614334106445,111.8900229994324,87.7888895670573,1.0103960037231445,1.19921875,116.49638366699219,2.584878921508789,116.52100900391815,87.33451334635417,2.592824935913086,4.44921875,99.02591705322266,1.4485869407653809,99.04769700369798,16.3778559366862,1.4565215110778809,2.671875,588.01171875,237.9375,0.0,,,,,,
training,attention_only,,tensor,1,ac,passed,,162988800,12,12,12,12,0,0,float32,research-baseline,experiments/l40s/results/research-baselines/training-attention_only-tensor-t01-ac.json,,,,,,,,,,,,,,,,,,,0.0,0.0,0.0,85.85625457763672,2.9047045707702637,85.8858439969481,52.529154459635414,2.9047064781188965,4.537109375
training,attention_only,,tensor,1,none,passed,,162988800,12,12,12,12,0,0,float32,research-baseline,experiments/l40s/results/research-baselines/training-attention_only-tensor-t01-none.json,,,,,,,,,,,,,,,,,,,0.0,0.0,0.0,58.68134307861328,4.192183017730713,58.71486799878767,45.13124084472656,4.193039417266846,6.857421875
training,attention_only,,tensor,2,ac,passed,,162988800,24,12,24,12,0,0,float32,research-baseline,experiments/l40s/results/research-baselines/training-attention_only-tensor-t02-ac.json,,,,,,,,,,,,,,,,,,,0.0,0.0,0.0,137.2046661376953,3.0445971488952637,137.23157899949,71.63596598307292,3.0445990562438965,4.685546875
training,attention_only,,tensor,2,none,passed,,162988800,24,12,24,12,0,0,float32,research-baseline,experiments/l40s/results/research-baselines/training-attention_only-tensor-t02-none.json,,,,,,,,,,,,,,,,,,,0.0,0.0,0.0,88.04659271240234,4.916728496551514,88.07141899887938,60.99626668294271,4.9175848960876465,8.384765625
training,attention_only,,tensor,3,ac,passed,,162988800,36,12,36,12,0,0,float32,research-baseline,experiments/l40s/results/research-baselines/training-attention_only-tensor-t03-ac.json,,,,,,,,,,,,,,,,,,,0.0,0.0,0.0,184.56268310546875,3.184492588043213,184.58978799753822,90.76906331380208,3.1844944953918457,4.92578125
training,attention_only,,tensor,3,none,passed,,162988800,36,12,36,12,0,0,float32,research-baseline,experiments/l40s/results/research-baselines/training-attention_only-tensor-t03-none.json,,,,,,,,,,,,,,,,,,,0.0,0.0,0.0,121.417724609375,5.620042324066162,121.44396799703827,76.57949829101562,5.620898723602295,9.880859375
training,attention_only,,tensor,4,ac,passed,,162988800,48,12,48,12,0,0,float32,research-baseline,experiments/l40s/results/research-baselines/training-attention_only-tensor-t04-ac.json,,,,,,,,,,,,,,,,,,,0.0,0.0,0.0,235.03768920898438,3.327070713043213,235.06603600253584,109.88817342122395,3.3270726203918457,5.21484375
training,attention_only,,tensor,4,none,passed,,162988800,48,12,48,12,0,0,float32,research-baseline,experiments/l40s/results/research-baselines/training-attention_only-tensor-t04-none.json,,,,,,,,,,,,,,,,,,,0.0,0.0,0.0,150.6129913330078,6.325547695159912,150.63948800525395,92.3511454264323,6.326404094696045,11.388671875
training,attention_only,,tensor,5,ac,passed,,162988800,60,12,60,12,0,0,float32,research-baseline,experiments/l40s/results/research-baselines/training-attention_only-tensor-t05-ac.json,,,,,,,,,,,,,,,,,,,0.0,0.0,0.0,284.35455322265625,3.471113681793213,284.3831260033767,128.79047648111978,3.4711155891418457,5.5078125
training,attention_only,,tensor,5,none,passed,,162988800,60,12,60,12,0,0,float32,research-baseline,experiments/l40s/results/research-baselines/training-attention_only-tensor-t05-none.json,,,,,,,,,,,,,,,,,,,0.0,0.0,0.0,185.21600341796875,7.031053066253662,185.24885299848393,107.72855631510417,7.031909465789795,12.892578125
training,attention_only,,tensor,6,ac,passed,,162988800,72,12,72,12,0,0,float32,research-baseline,experiments/l40s/results/research-baselines/training-attention_only-tensor-t06-ac.json,,,,,,,,,,,,,,,,,,,0.0,0.0,0.0,329.7177734375,3.620527744293213,329.7451859980356,148.50487263997397,3.6205296516418457,5.7890625
training,attention_only,,tensor,6,none,passed,,162988800,72,12,72,12,0,0,float32,research-baseline,experiments/l40s/results/research-baselines/training-attention_only-tensor-t06-none.json,,,,,,,,,,,,,,,,,,,0.0,0.0,0.0,219.1636505126953,7.736558437347412,219.1921400008141,123.84324137369792,7.737414836883545,14.396484375
training,attention_only,,tensor,7,ac,passed,,162988800,84,12,84,12,0,0,float32,research-baseline,experiments/l40s/results/research-baselines/training-attention_only-tensor-t07-ac.json,,,,,,,,,,,,,,,,,,,0.0,0.0,0.0,389.7271728515625,3.769941806793213,389.76786300190724,167.8902587890625,3.7699437141418457,6.0703125
training,attention_only,,tensor,7,none,passed,,162988800,84,12,84,12,0,0,float32,research-baseline,experiments/l40s/results/research-baselines/training-attention_only-tensor-t07-none.json,,,,,,,,,,,,,,,,,,,0.0,0.0,0.0,254.80703735351562,8.442063808441162,254.84329699975206,139.64424641927084,8.442920207977295,15.900390625
training,attention_only,,tensor,8,ac,passed,,162988800,96,12,96,12,0,0,float32,research-baseline,experiments/l40s/results/research-baselines/training-attention_only-tensor-t08-ac.json,,,,,,,,,,,,,,,,,,,0.0,0.0,0.0,437.3985290527344,3.919355869293213,437.4333419982577,186.5328572591146,3.9193577766418457,6.3515625
training,attention_only,,tensor,8,none,passed,,162988800,96,12,96,12,0,0,float32,research-baseline,experiments/l40s/results/research-baselines/training-attention_only-tensor-t08-none.json,,,,,,,,,,,,,,,,,,,0.0,0.0,0.0,279.8110656738281,9.147569179534912,279.84189800190507,154.8612263997396,9.148425579071045,17.404296875
training,attention_only,,tensor,9,ac,passed,,162988800,108,12,108,12,0,0,float32,research-baseline,experiments/l40s/results/research-baselines/training-attention_only-tensor-t09-ac.json,,,,,,,,,,,,,,,,,,,0.0,0.0,0.0,490.1877746582031,4.065840244293213,490.2135800002725,205.50040690104166,4.065842151641846,6.6328125
training,attention_only,,tensor,9,none,passed,,162988800,108,12,108,12,0,0,float32,research-baseline,experiments/l40s/results/research-baselines/training-attention_only-tensor-t09-none.json,,,,,,,,,,,,,,,,,,,0.0,0.0,0.0,320.5765075683594,9.853074550628662,320.6062489989563,170.57211303710938,9.853930950164795,18.912109375
training,attention_only,,tensor,10,ac,passed,,162988800,120,12,120,12,0,0,float32,research-baseline,experiments/l40s/results/research-baselines/training-attention_only-tensor-t10-ac.json,,,,,,,,,,,,,,,,,,,0.0,0.0,0.0,530.5548095703125,4.206465244293213,530.6009050036664,224.2262980143229,4.206467151641846,6.9140625
training,attention_only,,tensor,10,none,passed,,162988800,120,12,120,12,0,0,float32,research-baseline,experiments/l40s/results/research-baselines/training-attention_only-tensor-t10-none.json,,,,,,,,,,,,,,,,,,,0.0,0.0,0.0,344.4264831542969,10.558579921722412,344.45927899650997,185.63480631510416,10.559436321258545,20.416015625
training,attention_only,,tensor,11,ac,passed,,162988800,132,12,132,12,0,0,float32,research-baseline,experiments/l40s/results/research-baselines/training-attention_only-tensor-t11-ac.json,,,,,,,,,,,,,,,,,,,0.0,0.0,0.0,593.5267944335938,4.347090244293213,593.5543190062162,243.8130086263021,4.347092151641846,7.1953125
training,attention_only,,tensor,11,none,passed,,162988800,132,12,132,12,0,0,float32,research-baseline,experiments/l40s/results/research-baselines/training-attention_only-tensor-t11-none.json,,,,,,,,,,,,,,,,,,,0.0,0.0,0.0,379.2301940917969,11.264085292816162,379.2701929996838,201.6252644856771,11.264941692352295,21.919921875
training,attention_only,,tensor,12,ac,passed,,162988800,144,12,144,12,0,0,float32,research-baseline,experiments/l40s/results/research-baselines/training-attention_only-tensor-t12-ac.json,,,,,,,,,,,,,,,,,,,0.0,0.0,0.0,641.65478515625,4.487715244293213,641.6870839966577,263.0004069010417,4.487717151641846,7.4765625
training,attention_only,,tensor,12,none,passed,,162988800,144,12,144,12,0,0,float32,research-baseline,experiments/l40s/results/research-baselines/training-attention_only-tensor-t12-none.json,,,,,,,,,,,,,,,,,,,0.0,0.0,0.0,398.91455078125,11.969590663909912,398.9407429980929,217.50579833984375,11.970447063446045,23.423828125
training,attention_only,,tensor,13,ac,passed,,162988800,156,12,156,12,0,0,float32,research-baseline,experiments/l40s/results/research-baselines/training-attention_only-tensor-t13-ac.json,,,,,,,,,,,,,,,,,,,0.0,0.0,0.0,694.9734497070312,4.628340244293213,695.0239349971525,282.2591145833333,4.628342151641846,7.7578125
training,attention_only,,tensor,13,none,passed,,162988800,156,12,156,12,0,0,float32,research-baseline,experiments/l40s/results/research-baselines/training-attention_only-tensor-t13-none.json,,,,,,,,,,,,,,,,,,,0.0,0.0,0.0,447.0865783691406,12.675096035003662,447.11587599886116,233.19108072916666,12.675952434539795,24.931640625
training,attention_only,,tensor,14,ac,passed,,162988800,168,12,168,12,0,0,float32,research-baseline,experiments/l40s/results/research-baselines/training-attention_only-tensor-t14-ac.json,,,,,,,,,,,,,,,,,,,0.0,0.0,0.0,745.1494140625,4.768965244293213,745.1787719983258,302.10422770182294,4.768967151641846,8.0390625
training,attention_only,,tensor,14,none,passed,,162988800,168,12,168,12,0,0,float32,research-baseline,experiments/l40s/results/research-baselines/training-attention_only-tensor-t14-none.json,,,,,,,,,,,,,,,,,,,0.0,0.0,0.0,473.74951171875,13.380601406097412,473.78163800021866,250.0484619140625,13.381457805633545,26.435546875
training,attention_only,,tensor,15,ac,passed,,162988800,180,12,180,12,0,0,float32,research-baseline,experiments/l40s/results/research-baselines/training-attention_only-tensor-t15-ac.json,,,,,,,,,,,,,,,,,,,0.0,0.0,0.0,789.4599609375,4.909590244293213,789.4950609988882,322.2176513671875,4.909592151641846,8.3203125
training,attention_only,,tensor,15,none,passed,,162988800,180,12,180,12,0,0,float32,research-baseline,experiments/l40s/results/research-baselines/training-attention_only-tensor-t15-none.json,,,,,,,,,,,,,,,,,,,0.0,0.0,0.0,507.1993103027344,14.086106777191162,507.2303520064452,265.74094645182294,14.086963176727295,27.939453125
training,attention_only,,tensor,16,ac,passed,,162988800,192,12,192,12,0,0,float32,research-baseline,experiments/l40s/results/research-baselines/training-attention_only-tensor-t16-ac.json,,,,,,,,,,,,,,,,,,,0.0,0.0,0.0,854.9713745117188,5.050215244293213,855.009582999628,339.74477132161456,5.050217151641846,8.6015625
training,attention_only,,tensor,16,none,passed,,162988800,192,12,192,12,0,0,float32,research-baseline,experiments/l40s/results/research-baselines/training-attention_only-tensor-t16-none.json,,,,,,,,,,,,,,,,,,,0.0,0.0,0.0,552.6773681640625,14.791612148284912,552.713646000484,280.02162679036456,14.792468547821045,29.443359375
training,attention_only,,torch,1,ac,passed,,162988800,12,12,12,12,0,0,float32,research-baseline,experiments/l40s/results/research-baselines/training-attention_only-torch-t01-ac.json,,,,,,,,,,,,,,,,,,,0.0,0.0,0.0,63.66515350341797,4.516669273376465,63.69482300215168,57.26720174153646,4.532845497131348,8.759765625
training,attention_only,,torch,1,none,passed,,162988800,12,12,12,12,0,0,float32,research-baseline,experiments/l40s/results/research-baselines/training-attention_only-torch-t01-none.json,,,,,,,,,,,,,,,,,,,0.0,0.0,0.0,53.2756462097168,5.9135284423828125,53.3079410015489,52.23389689127604,5.9229936599731445,11.2109375
training,attention_only,,torch,2,ac,passed,,162988800,24,12,24,12,0,0,float32,research-baseline,experiments/l40s/results/research-baselines/training-attention_only-torch-t02-ac.json,,,,,,,,,,,,,,,,,,,0.0,0.0,0.0,83.06995391845703,4.656808853149414,83.09927499794867,71.12157694498698,4.672985076904297,9.052734375
training,attention_only,,torch,2,none,passed,,162988800,24,12,24,12,0,0,float32,research-baseline,experiments/l40s/results/research-baselines/training-attention_only-torch-t02-none.json,,,,,,,,,,,,,,,,,,,0.0,0.0,0.0,66.61837005615234,6.619289398193359,66.65046399575658,63.25895690917969,6.634369850158691,12.75390625
training,attention_only,,torch,3,ac,passed,,162988800,36,12,36,12,0,0,float32,research-baseline,experiments/l40s/results/research-baselines/training-attention_only-torch-t03-ac.json,,,,,,,,,,,,,,,,,,,0.0,0.0,0.0,111.18077087402344,4.798901557922363,111.21074999391567,85.3411865234375,4.815077781677246,9.333984375
training,attention_only,,torch,3,none,passed,,162988800,36,12,36,12,0,0,float32,research-baseline,experiments/l40s/results/research-baselines/training-attention_only-torch-t03-none.json,,,,,,,,,,,,,,,,,,,0.0,0.0,0.0,80.17203521728516,7.3303022384643555,80.20073700026842,74.83221435546875,7.3475799560546875,14.3125
training,attention_only,,torch,4,ac,passed,,162988800,48,12,48,12,0,0,float32,research-baseline,experiments/l40s/results/research-baselines/training-attention_only-torch-t04-ac.json,,,,,,,,,,,,,,,,,,,0.0,0.0,0.0,138.61990356445312,4.948071479797363,138.65455600171117,99.86423746744792,4.964247703552246,9.615234375
training,attention_only,,torch,4,none,passed,,162988800,48,12,48,12,0,0,float32,research-baseline,experiments/l40s/results/research-baselines/training-attention_only-torch-t04-none.json,,,,,,,,,,,,,,,,,,,0.0,0.0,0.0,94.20800018310547,8.039112091064453,94.24002600280801,86.46895345052083,8.054192543029785,15.859375
training,attention_only,,torch,5,ac,passed,,162988800,60,12,60,12,0,0,float32,research-baseline,experiments/l40s/results/research-baselines/training-attention_only-torch-t05-ac.json,,,,,,,,,,,,,,,,,,,0.0,0.0,0.0,167.7382354736328,5.097485542297363,167.77346299932105,113.4714864095052,5.113661766052246,9.896484375
training,attention_only,,torch,5,none,passed,,162988800,60,12,60,12,0,0,float32,research-baseline,experiments/l40s/results/research-baselines/training-attention_only-torch-t05-none.json,,,,,,,,,,,,,,,,,,,0.0,0.0,0.0,107.03750610351562,8.75036907196045,107.06782800116343,97.46841430664062,8.767402648925781,17.41796875
training,attention_only,,torch,6,ac,passed,,162988800,72,12,72,12,0,0,float32,research-baseline,experiments/l40s/results/research-baselines/training-attention_only-torch-t06-ac.json,,,,,,,,,,,,,,,,,,,0.0,0.0,0.0,191.5115509033203,5.246899604797363,191.54392400378129,127.91432698567708,5.263075828552246,10.177734375
training,attention_only,,torch,6,none,passed,,162988800,72,12,72,12,0,0,float32,research-baseline,experiments/l40s/results/research-baselines/training-attention_only-torch-t06-none.json,,,,,,,,,,,,,,,,,,,0.0,0.0,0.0,120.45619201660156,9.459911346435547,120.48877300549066,109.31336466471355,9.474015235900879,18.9609375
training,attention_only,,torch,7,ac,passed,,162988800,84,12,84,12,0,0,float32,research-baseline,experiments/l40s/results/research-baselines/training-attention_only-torch-t07-ac.json,,,,,,,,,,,,,,,,,,,0.0,0.0,0.0,225.84934997558594,5.395581245422363,225.88538599666208,142.48482259114584,5.411757469177246,10.458984375
training,attention_only,,torch,7,none,passed,,162988800,84,12,84,12,0,0,float32,research-baseline,experiments/l40s/results/research-baselines/training-attention_only-torch-t07-none.json,,,,,,,,,,,,,,,,,,,0.0,0.0,0.0,135.2623291015625,10.167017936706543,135.30012399860425,120.9364522298177,10.187225341796875,20.51953125
training,attention_only,,torch,8,ac,passed,,162988800,96,12,96,12,0,0,float32,research-baseline,experiments/l40s/results/research-baselines/training-attention_only-torch-t08-ac.json,,,,,,,,,,,,,,,,,,,0.0,0.0,0.0,255.25552368164062,5.539135932922363,255.28720500005875,156.119384765625,5.555312156677246,10.740234375
training,attention_only,,torch,8,none,passed,,162988800,96,12,96,12,0,0,float32,research-baseline,experiments/l40s/results/research-baselines/training-attention_only-torch-t08-none.json,,,,,,,,,,,,,,,,,,,0.0,0.0,0.0,148.5455322265625,10.88022232055664,148.57759699953021,131.7887980143229,10.893837928771973,22.064453125
training,attention_only,,torch,9,ac,passed,,162988800,108,12,108,12,0,0,float32,research-baseline,experiments/l40s/results/research-baselines/training-attention_only-torch-t09-ac.json,,,,,,,,,,,,,,,,,,,0.0,0.0,0.0,273.85650634765625,5.679760932922363,273.8929370025289,169.94849650065103,5.695937156677246,11.021484375
training,attention_only,,torch,9,none,passed,,162988800,108,12,108,12,0,0,float32,research-baseline,experiments/l40s/results/research-baselines/training-attention_only-torch-t09-none.json,,,,,,,,,,,,,,,,,,,0.0,0.0,0.0,162.59376525878906,11.590502738952637,162.62521600583568,143.17157999674478,11.607048034667969,23.625
training,attention_only,,torch,10,ac,passed,,162988800,120,12,120,12,0,0,float32,research-baseline,experiments/l40s/results/research-baselines/training-attention_only-torch-t10-ac.json,,,,,,,,,,,,,,,,,,,0.0,0.0,0.0,303.9129638671875,5.820385932922363,303.9438190025976,185.22794596354166,5.836562156677246,11.302734375
training,attention_only,,torch,10,none,passed,,162988800,120,12,120,12,0,0,float32,research-baseline,experiments/l40s/results/research-baselines/training-attention_only-torch-t10-none.json,,,,,,,,,,,,,,,,,,,0.0,0.0,0.0,176.8785858154297,12.299800872802734,176.94232899521012,155.37391153971353,12.313660621643066,25.16796875
training,attention_only,,torch,11,ac,passed,,162988800,132,12,132,12,0,0,float32,research-baseline,experiments/l40s/results/research-baselines/training-attention_only-torch-t11-ac.json,,,,,,,,,,,,,,,,,,,0.0,0.0,0.0,331.1626281738281,5.961010932922363,331.1949449998792,198.255615234375,5.977187156677246,11.583984375
training,attention_only,,torch,11,none,passed,,162988800,132,12,132,12,0,0,float32,research-baseline,experiments/l40s/results/research-baselines/training-attention_only-torch-t11-none.json,,,,,,,,,,,,,,,,,,,0.0,0.0,0.0,188.61363220214844,13.00422191619873,188.64749200292863,165.97742716471353,13.020278930664062,26.7265625
training,attention_only,,torch,12,ac,passed,,162988800,144,12,144,12,0,0,float32,research-baseline,experiments/l40s/results/research-baselines/training-attention_only-torch-t12-ac.json,,,,,,,,,,,,,,,,,,,0.0,0.0,0.0,371.7939147949219,6.101635932922363,371.8262760012294,212.81962076822916,6.117812156677246,11.865234375
training,attention_only,,torch,12,none,passed,,162988800,144,12,144,12,0,0,float32,research-baseline,experiments/l40s/results/research-baselines/training-attention_only-torch-t12-none.json,,,,,,,,,,,,,,,,,,,0.0,0.0,0.0,202.72128295898438,13.709857940673828,202.7643219989841,177.6892293294271,13.72469425201416,28.26953125
training,attention_only,,torch,13,ac,passed,,162988800,156,12,156,12,0,0,float32,research-baseline,experiments/l40s/results/research-baselines/training-attention_only-torch-t13-ac.json,,,,,,,,,,,,,,,,,,,0.0,0.0,0.0,393.4975891113281,6.242260932922363,393.5356839938322,227.0198974609375,6.258437156677246,12.146484375
training,attention_only,,torch,13,none,passed,,162988800,156,12,156,12,0,0,float32,research-baseline,experiments/l40s/results/research-baselines/training-attention_only-torch-t13-none.json,,,,,,,,,,,,,,,,,,,0.0,0.0,0.0,218.01881408691406,14.416720390319824,218.04982199682854,189.1747843424479,14.431312561035156,29.83203125
training,attention_only,,torch,14,ac,passed,,162988800,168,12,168,12,0,0,float32,research-baseline,experiments/l40s/results/research-baselines/training-attention_only-torch-t14-ac.json,,,,,,,,,,,,,,,,,,,0.0,0.0,0.0,427.70123291015625,6.382885932922363,427.7327919990057,242.04083251953125,6.399062156677246,12.427734375
training,attention_only,,torch,14,none,passed,,162988800,168,12,168,12,0,0,float32,research-baseline,experiments/l40s/results/research-baselines/training-attention_only-torch-t14-none.json,,,,,,,,,,,,,,,,,,,0.0,0.0,0.0,231.30726623535156,15.121379852294922,231.36924100253964,200.9743448893229,15.135727882385254,31.375
training,attention_only,,torch,15,ac,passed,,162988800,180,12,180,12,0,0,float32,research-baseline,experiments/l40s/results/research-baselines/training-attention_only-torch-t15-ac.json,,,,,,,,,,,,,,,,,,,0.0,0.0,0.0,456.1182861328125,6.523510932922363,456.1547179982881,256.6174723307292,6.539687156677246,12.708984375
training,attention_only,,torch,15,none,passed,,162988800,180,12,180,12,0,0,float32,research-baseline,experiments/l40s/results/research-baselines/training-attention_only-torch-t15-none.json,,,,,,,,,,,,,,,,,,,0.0,0.0,0.0,244.30181884765625,15.826289176940918,244.3399039984797,213.34151204427084,15.84234619140625,32.93359375
training,attention_only,,torch,16,ac,passed,,162988800,192,12,192,12,0,0,float32,research-baseline,experiments/l40s/results/research-baselines/training-attention_only-torch-t16-ac.json,,,,,,,,,,,,,,,,,,,0.0,0.0,0.0,484.92236328125,6.664135932922363,484.9619199958397,269.09560139973956,6.680312156677246,12.990234375
training,attention_only,,torch,16,none,passed,,162988800,192,12,192,12,0,0,float32,research-baseline,experiments/l40s/results/research-baselines/training-attention_only-torch-t16-none.json,,,,,,,,,,,,,,,,,,,0.0,0.0,0.0,256.1957092285156,16.533878326416016,256.2337720009964,223.0859171549479,16.546761512756348,34.4765625
training,grt,,tensor,1,ac,passed,,165960960,12,12,12,12,1,1,bfloat16,research-baseline,experiments/l40s/results/research-baselines/training-grt-tensor-t01-ac.json,,,,,,,,,,,,,,,,,,,0.0,0.0,0.0,87.57030487060547,2.873598575592041,87.59633299632696,53.02101135253906,2.8736014366149902,4.6796875
training,grt,,tensor,1,none,passed,,165960960,12,12,12,12,1,1,bfloat16,research-baseline,experiments/l40s/results/research-baselines/training-grt-tensor-t01-none.json,,,,,,,,,,,,,,,,,,,0.0,0.0,0.0,63.487998962402344,4.145080089569092,63.51212900335668,45.4659423828125,4.145937442779541,6.796875
training,grt,,tensor,2,ac,passed,,165960960,20,12,20,20,2,2,bfloat16,research-baseline,experiments/l40s/results/research-baselines/training-grt-tensor-t02-ac.json,,,,,,,,,,,,,,,,,,,0.0,0.0,0.0,135.39840698242188,3.045318126678467,135.42947800306138,78.20909627278645,3.044344425201416,4.73046875
training,grt,,tensor,2,none,passed,,165960960,20,12,20,20,2,2,bfloat16,research-baseline,experiments/l40s/results/research-baselines/training-grt-tensor-t02-none.json,,,,,,,,,,,,,,,,,,,0.0,0.0,0.0,97.88825225830078,5.117095470428467,97.91585800121538,65.6370340983073,5.117952823638916,8.8359375
training,grt,,tensor,3,ac,passed,,165960960,28,12,28,28,3,3,bfloat16,research-baseline,experiments/l40s/results/research-baselines/training-grt-tensor-t03-ac.json,,,,,,,,,,,,,,,,,,,0.0,0.0,0.0,184.5207061767578,3.217650890350342,184.54509299772326,102.82154337565105,3.216555118560791,5.044921875
training,grt,,tensor,3,none,passed,,165960960,28,12,28,28,3,3,bfloat16,research-baseline,experiments/l40s/results/research-baselines/training-grt-tensor-t03-none.json,,,,,,,,,,,,,,,,,,,0.0,0.0,0.0,129.0680389404297,6.0930256843566895,129.0926590008894,85.32718912760417,6.092662334442139,10.865234375
training,grt,,tensor,4,ac,passed,,165960960,36,12,36,36,4,4,bfloat16,research-baseline,experiments/l40s/results/research-baselines/training-grt-tensor-t04-ac.json,,,,,,,,,,,,,,,,,,,0.0,0.0,0.0,238.08819580078125,3.388518810272217,238.11098800069885,127.4982401529948,3.388521671295166,5.384765625
training,grt,,tensor,4,none,passed,,165960960,36,12,36,36,4,4,bfloat16,research-baseline,experiments/l40s/results/research-baselines/training-grt-tensor-t04-none.json,,,,,,,,,,,,,,,,,,,0.0,0.0,0.0,162.48422241210938,7.069182872772217,162.51665000163484,105.18118286132812,7.069307804107666,12.904296875
training,grt,,tensor,5,ac,passed,,165960960,44,12,44,44,5,5,bfloat16,research-baseline,experiments/l40s/results/research-baselines/training-grt-tensor-t05-ac.json,,,,,,,,,,,,,,,,,,,0.0,0.0,0.0,289.1018371582031,3.559752941131592,289.12866399332415,152.22545369466147,3.559755802154541,5.771484375
training,grt,,tensor,5,none,passed,,165960960,44,12,44,44,5,5,bfloat16,research-baseline,experiments/l40s/results/research-baselines/training-grt-tensor-t05-none.json,,,,,,,,,,,,,,,,,,,0.0,0.0,0.0,195.51426696777344,8.045348644256592,195.53993199951947,124.97544352213542,8.045473575592041,14.943359375
training,grt,,tensor,6,ac,passed,,165960960,52,12,52,52,6,6,bfloat16,research-baseline,experiments/l40s/results/research-baselines/training-grt-tensor-t06-ac.json,,,,,,,,,,,,,,,,,,,0.0,0.0,0.0,341.8561706542969,3.731963634490967,341.88168500259053,177.8387654622396,3.731966495513916,6.109375
training,grt,,tensor,6,none,passed,,165960960,52,12,52,52,6,6,bfloat16,research-baseline,experiments/l40s/results/research-baselines/training-grt-tensor-t06-none.json,,,,,,,,,,,,,,,,,,,0.0,0.0,0.0,229.65554809570312,9.021514415740967,229.68499399576103,145.59431966145834,9.021639347076416,16.978515625
training,grt,,tensor,7,ac,passed,,165960960,60,12,60,60,7,7,bfloat16,research-baseline,experiments/l40s/results/research-baselines/training-grt-tensor-t07-ac.json,,,,,,,,,,,,,,,,,,,0.0,0.0,0.0,384.77105712890625,3.904174327850342,384.79702299810015,202.50248209635416,3.904177188873291,6.45703125
training,grt,,tensor,7,none,passed,,165960960,60,12,60,60,7,7,bfloat16,research-baseline,experiments/l40s/results/research-baselines/training-grt-tensor-t07-none.json,,,,,,,,,,,,,,,,,,,0.0,0.0,0.0,265.7514953613281,9.993285655975342,265.7794390033814,165.1568603515625,9.993410587310791,18.998046875
training,grt,,tensor,8,ac,passed,,165960960,68,12,68,68,8,8,bfloat16,research-baseline,experiments/l40s/results/research-baselines/training-grt-tensor-t08-ac.json,,,,,,,,,,,,,,,,,,,0.0,0.0,0.0,430.47845458984375,4.076385021209717,430.5050949988072,227.80757649739584,4.076387882232666,6.779296875
training,grt,,tensor,8,none,passed,,165960960,68,12,68,68,8,8,bfloat16,research-baseline,experiments/l40s/results/research-baselines/training-grt-tensor-t08-none.json,,,,,,,,,,,,,,,,,,,0.0,0.0,0.0,298.83905029296875,10.962127208709717,298.8711770012742,185.47981770833334,10.962252140045166,21.025390625
training,grt,,tensor,9,ac,passed,,165960960,76,12,76,76,9,9,bfloat16,research-baseline,experiments/l40s/results/research-baselines/training-grt-tensor-t09-ac.json,,,,,,,,,,,,,,,,,,,0.0,0.0,0.0,499.57989501953125,4.249328136444092,499.6074119990226,251.4913330078125,4.248598575592041,7.126953125
training,grt,,tensor,9,none,passed,,165960960,76,12,76,76,9,9,bfloat16,research-baseline,experiments/l40s/results/research-baselines/training-grt-tensor-t09-none.json,,,,,,,,,,,,,,,,,,,0.0,0.0,0.0,324.1502685546875,11.930968761444092,324.1903870002716,204.81024169921875,11.931093692779541,23.052734375
training,grt,,tensor,10,ac,passed,,165960960,84,12,84,84,10,10,bfloat16,research-baseline,experiments/l40s/results/research-baselines/training-grt-tensor-t10-ac.json,,,,,,,,,,,,,,,,,,,0.0,0.0,0.0,550.3856811523438,4.420806407928467,550.4116089941817,275.9621988932292,4.420809268951416,7.46484375
training,grt,,tensor,10,none,passed,,165960960,84,12,84,84,10,10,bfloat16,research-baseline,experiments/l40s/results/research-baselines/training-grt-tensor-t10-none.json,,,,,,,,,,,,,,,,,,,0.0,0.0,0.0,356.0693664550781,12.899810314178467,356.0987979944912,224.4955851236979,12.899935245513916,25.080078125
training,grt,,tensor,11,ac,passed,,165960960,92,12,92,92,11,11,bfloat16,research-baseline,experiments/l40s/results/research-baselines/training-grt-tensor-t11-ac.json,,,,,,,,,,,,,,,,,,,0.0,0.0,0.0,587.7741088867188,4.593017101287842,587.8004909973242,301.9833984375,4.593019962310791,7.8125
training,grt,,tensor,11,none,passed,,165960960,92,12,92,92,11,11,bfloat16,research-baseline,experiments/l40s/results/research-baselines/training-grt-tensor-t11-none.json,,,,,,,,,,,,,,,,,,,0.0,0.0,0.0,403.0198669433594,13.868651866912842,403.0509579970385,249.5146280924479,13.868776798248291,27.107421875
training,grt,,tensor,12,ac,passed,,165960960,100,12,100,100,12,12,bfloat16,research-baseline,experiments/l40s/results/research-baselines/training-grt-tensor-t12-ac.json,,,,,,,,,,,,,,,,,,,0.0,0.0,0.0,691.5932006835938,4.765227794647217,691.6266670014011,325.3343505859375,4.765230655670166,8.146484375
training,grt,,tensor,12,none,passed,,165960960,100,12,100,100,12,12,bfloat16,research-baseline,experiments/l40s/results/research-baselines/training-grt-tensor-t12-none.json,,,,,,,,,,,,,,,,,,,0.0,0.0,0.0,437.8030090332031,14.837493419647217,437.8319149982417,263.81414794921875,14.837618350982666,29.134765625
training,grt,,tensor,13,ac,passed,,165960960,108,12,108,108,13,13,bfloat16,research-baseline,experiments/l40s/results/research-baselines/training-grt-tensor-t13-ac.json,,,,,,,,,,,,,,,,,,,0.0,0.0,0.0,698.6854248046875,4.937926769256592,698.7274359998992,350.8623453776042,4.937441349029541,8.494140625
training,grt,,tensor,13,none,passed,,165960960,108,12,108,108,13,13,bfloat16,research-baseline,experiments/l40s/results/research-baselines/training-grt-tensor-t13-none.json,,,,,,,,,,,,,,,,,,,0.0,0.0,0.0,469.0216979980469,15.806334972381592,469.0514059984707,284.37367757161456,15.806459903717041,31.162109375
training,grt,,tensor,14,ac,passed,,165960960,116,12,116,116,14,14,bfloat16,research-baseline,experiments/l40s/results/research-baselines/training-grt-tensor-t14-ac.json,,,,,,,,,,,,,,,,,,,0.0,0.0,0.0,732.8132934570312,5.109649181365967,732.846304999839,376.2343343098958,5.109652042388916,8.83203125
training,grt,,tensor,14,none,passed,,165960960,116,12,116,116,14,14,bfloat16,research-baseline,experiments/l40s/results/research-baselines/training-grt-tensor-t14-none.json,,,,,,,,,,,,,,,,,,,0.0,0.0,0.0,501.3606262207031,16.775176525115967,501.39147599838907,304.02492268880206,16.775301456451416,33.189453125
training,grt,,tensor,15,ac,passed,,165960960,124,12,124,124,15,15,bfloat16,research-baseline,experiments/l40s/results/research-baselines/training-grt-tensor-t15-ac.json,,,,,,,,,,,,,,,,,,,0.0,0.0,0.0,788.0908813476562,5.281859874725342,788.1219549963134,404.7199300130208,5.281862735748291,9.177734375
training,grt,,tensor,15,none,passed,,165960960,124,12,124,124,15,15,bfloat16,research-baseline,experiments/l40s/results/research-baselines/training-grt-tensor-t15-none.json,,,,,,,,,,,,,,,,,,,0.0,0.0,0.0,533.2346801757812,17.744018077850342,533.2646179958829,327.43284098307294,17.74414300918579,35.216796875
training,grt,,tensor,16,ac,passed,,165960960,132,12,132,132,16,16,bfloat16,research-baseline,experiments/l40s/results/research-baselines/training-grt-tensor-t16-ac.json,,,,,,,,,,,,,,,,,,,0.0,0.0,0.0,855.4088134765625,5.454070568084717,855.4443330067443,427.43603515625,5.454073429107666,9.52734375
training,grt,,tensor,16,none,passed,,165960960,132,12,132,132,16,16,bfloat16,research-baseline,experiments/l40s/results/research-baselines/training-grt-tensor-t16-none.json,,,,,,,,,,,,,,,,,,,0.0,0.0,0.0,586.3679809570312,18.712859630584717,586.4010410004994,346.0177815755208,18.712984561920166,37.244140625
training,grt,,torch,1,ac,passed,,165960960,12,12,12,12,1,1,bfloat16,research-baseline,experiments/l40s/results/research-baselines/training-grt-torch-t01-ac.json,,,,,,,,,,,,,,,,,,,0.0,0.0,0.0,62.22528076171875,4.472138404846191,62.2560319970944,57.514668782552086,4.487827301025391,8.689453125
training,grt,,torch,1,none,passed,,165960960,12,12,12,12,1,1,bfloat16,research-baseline,experiments/l40s/results/research-baselines/training-grt-torch-t01-none.json,,,,,,,,,,,,,,,,,,,0.0,0.0,0.0,53.0247688293457,6.060281753540039,53.05602699809242,52.08644104003906,6.0704803466796875,11.37890625
training,grt,,torch,2,ac,passed,,165960960,20,12,20,20,2,2,bfloat16,research-baseline,experiments/l40s/results/research-baselines/training-grt-torch-t02-ac.json,,,,,,,,,,,,,,,,,,,0.0,0.0,0.0,85.21625518798828,4.617368698120117,85.24954799941042,77.60377502441406,4.632935523986816,8.982421875
training,grt,,torch,2,none,passed,,165960960,20,12,20,20,2,2,bfloat16,research-baseline,experiments/l40s/results/research-baselines/training-grt-torch-t02-none.json,,,,,,,,,,,,,,,,,,,0.0,0.0,0.0,69.7026596069336,7.172929763793945,69.75722200149903,68.23730977376302,7.1794633865356445,13.640625
training,grt,,torch,3,ac,passed,,165960960,28,12,28,28,3,3,bfloat16,research-baseline,experiments/l40s/results/research-baselines/training-grt-torch-t03-ac.json,,,,,,,,,,,,,,,,,,,0.0,0.0,0.0,107.1114273071289,4.767850875854492,107.14481300237821,97.13424682617188,4.780976295471191,9.263671875
training,grt,,torch,3,none,passed,,165960960,28,12,28,28,3,3,bfloat16,research-baseline,experiments/l40s/results/research-baselines/training-grt-torch-t03-none.json,,,,,,,,,,,,,,,,,,,0.0,0.0,0.0,86.0416030883789,8.266046524047852,86.09998399333563,84.10248311360677,8.27135944366455,15.90234375
training,grt,,torch,4,ac,passed,,165960960,36,12,36,36,4,4,bfloat16,research-baseline,experiments/l40s/results/research-baselines/training-grt-torch-t04-ac.json,,,,,,,,,,,,,,,,,,,0.0,0.0,0.0,129.54214477539062,4.912595748901367,129.57113499578554,116.65540568033855,4.928162574768066,9.568359375
training,grt,,torch,4,none,passed,,165960960,36,12,36,36,4,4,bfloat16,research-baseline,experiments/l40s/results/research-baselines/training-grt-torch-t04-none.json,,,,,,,,,,,,,,,,,,,0.0,0.0,0.0,102.38451385498047,9.350618362426758,102.41576500266092,100.06050618489583,9.356663703918457,18.1640625
training,grt,,torch,5,ac,passed,,165960960,44,12,44,44,5,5,bfloat16,research-baseline,experiments/l40s/results/research-baselines/training-grt-torch-t05-ac.json,,,,,,,,,,,,,,,,,,,0.0,0.0,0.0,151.77728271484375,5.060151100158691,151.80749400315108,136.13016764322916,5.075473785400391,9.849609375
training,grt,,torch,5,none,passed,,165960960,44,12,44,44,5,5,bfloat16,research-baseline,experiments/l40s/results/research-baselines/training-grt-torch-t05-none.json,,,,,,,,,,,,,,,,,,,0.0,0.0,0.0,118.3529281616211,10.430429458618164,118.38414100202499,115.7024434407552,10.442700386047363,20.427734375
training,grt,,torch,6,ac,passed,,165960960,52,12,52,52,6,6,bfloat16,research-baseline,experiments/l40s/results/research-baselines/training-grt-torch-t06-ac.json,,,,,,,,,,,,,,,,,,,0.0,0.0,0.0,175.0108184814453,5.204288482666016,175.0424350029789,156.88430786132812,5.220587730407715,10.15625
training,grt,,torch,6,none,passed,,165960960,52,12,52,52,6,6,bfloat16,research-baseline,experiments/l40s/results/research-baselines/training-grt-torch-t06-none.json,,,,,,,,,,,,,,,,,,,0.0,0.0,0.0,135.18637084960938,11.51292610168457,135.21659500111127,132.50115966796875,11.52873706817627,22.689453125
training,grt,,torch,7,ac,passed,,165960960,60,12,60,60,7,7,bfloat16,research-baseline,experiments/l40s/results/research-baselines/training-grt-torch-t07-ac.json,,,,,,,,,,,,,,,,,,,0.0,0.0,0.0,199.47433471679688,5.355503082275391,199.50235000578687,177.1089884440104,5.370822906494141,10.4375
training,grt,,torch,7,none,passed,,165960960,60,12,60,60,7,7,bfloat16,research-baseline,experiments/l40s/results/research-baselines/training-grt-torch-t07-none.json,,,,,,,,,,,,,,,,,,,0.0,0.0,0.0,152.3568572998047,12.598474502563477,152.39332600322086,148.67383829752603,12.614773750305176,24.951171875
training,grt,,torch,8,ac,passed,,165960960,68,12,68,68,8,8,bfloat16,research-baseline,experiments/l40s/results/research-baselines/training-grt-torch-t08-ac.json,,,,,,,,,,,,,,,,,,,0.0,0.0,0.0,222.9923858642578,5.502079010009766,223.02934199979063,195.998046875,5.518866539001465,10.7421875
training,grt,,torch,8,none,passed,,165960960,68,12,68,68,8,8,bfloat16,research-baseline,experiments/l40s/results/research-baselines/training-grt-torch-t08-none.json,,,,,,,,,,,,,,,,,,,0.0,0.0,0.0,168.39967346191406,13.684511184692383,168.43364499800373,164.5608927408854,13.700810432434082,27.21484375
training,grt,,torch,9,ac,passed,,165960960,76,12,76,76,9,9,bfloat16,research-baseline,experiments/l40s/results/research-baselines/training-grt-torch-t09-ac.json,,,,,,,,,,,,,,,,,,,0.0,0.0,0.0,246.54336547851562,5.653779029846191,246.57255900092423,215.42911783854166,5.669101715087891,11.0234375
training,grt,,torch,9,none,passed,,165960960,76,12,76,76,9,9,bfloat16,research-baseline,experiments/l40s/results/research-baselines/training-grt-torch-t09-none.json,,,,,,,,,,,,,,,,,,,0.0,0.0,0.0,184.06605529785156,14.770547866821289,184.10155600577127,179.85774739583334,14.786847114562988,29.4765625
training,grt,,torch,10,ac,passed,,165960960,84,12,84,84,10,10,bfloat16,research-baseline,experiments/l40s/results/research-baselines/training-grt-torch-t10-ac.json,,,,,,,,,,,,,,,,,,,0.0,0.0,0.0,265.9266662597656,5.800846099853516,265.9579550017952,235.5899658203125,5.817145347595215,11.328125
training,grt,,torch,10,none,passed,,165960960,84,12,84,84,10,10,bfloat16,research-baseline,experiments/l40s/results/research-baselines/training-grt-torch-t10-none.json,,,,,,,,,,,,,,,,,,,0.0,0.0,0.0,201.15968322753906,15.856584548950195,201.1926159975701,196.07208251953125,15.872883796691895,31.73828125
training,grt,,torch,11,ac,passed,,165960960,92,12,92,92,11,11,bfloat16,research-baseline,experiments/l40s/results/research-baselines/training-grt-torch-t11-ac.json,,,,,,,,,,,,,,,,,,,0.0,0.0,0.0,292.99713134765625,5.952060699462891,293.03082099795574,254.693359375,5.967380523681641,11.609375
training,grt,,torch,11,none,passed,,165960960,92,12,92,92,11,11,bfloat16,research-baseline,experiments/l40s/results/research-baselines/training-grt-torch-t11-none.json,,,,,,,,,,,,,,,,,,,0.0,0.0,0.0,217.01734924316406,16.9426212310791,217.0766250055749,211.62359619140625,16.9589204788208,34.0
training,grt,,torch,12,ac,passed,,165960960,100,12,100,100,12,12,bfloat16,research-baseline,experiments/l40s/results/research-baselines/training-grt-torch-t12-ac.json,,,,,,,,,,,,,,,,,,,0.0,0.0,0.0,319.3396301269531,6.098636627197266,319.37310499779414,274.6536458333333,6.115424156188965,11.9140625
training,grt,,torch,12,none,passed,,165960960,100,12,100,100,12,12,bfloat16,research-baseline,experiments/l40s/results/research-baselines/training-grt-torch-t12-none.json,,,,,,,,,,,,,,,,,,,0.0,0.0,0.0,233.64813232421875,18.028657913208008,233.70778700336814,227.6764933268229,18.044957160949707,36.26171875
training,grt,,torch,13,ac,passed,,165960960,108,12,108,108,13,13,bfloat16,research-baseline,experiments/l40s/results/research-baselines/training-grt-torch-t13-ac.json,,,,,,,,,,,,,,,,,,,0.0,0.0,0.0,342.8956298828125,6.250336647033691,342.93857000011485,294.89288330078125,6.265659332275391,12.193359375
training,grt,,torch,13,none,passed,,165960960,108,12,108,108,13,13,bfloat16,research-baseline,experiments/l40s/results/research-baselines/training-grt-torch-t13-none.json,,,,,,,,,,,,,,,,,,,0.0,0.0,0.0,250.7939910888672,19.114694595336914,250.82819200179074,244.2270711263021,19.130993843078613,38.5234375
training,grt,,torch,14,ac,passed,,165960960,116,12,116,116,14,14,bfloat16,research-baseline,experiments/l40s/results/research-baselines/training-grt-torch-t14-ac.json,,,,,,,,,,,,,,,,,,,0.0,0.0,0.0,370.6399230957031,6.397403717041016,370.6728960023611,315.1267496744792,6.413702964782715,12.498046875
training,grt,,torch,14,none,passed,,165960960,116,12,116,116,14,14,bfloat16,research-baseline,experiments/l40s/results/research-baselines/training-grt-torch-t14-none.json,,,,,,,,,,,,,,,,,,,0.0,0.0,0.0,266.96807861328125,20.20073127746582,267.0051609966322,260.4574381510417,20.21703052520752,40.78515625
training,grt,,torch,15,ac,passed,,165960960,124,12,124,124,15,15,bfloat16,research-baseline,experiments/l40s/results/research-baselines/training-grt-torch-t15-ac.json,,,,,,,,,,,,,,,,,,,0.0,0.0,0.0,401.29632568359375,6.548618316650391,401.3303850006196,335.5320231119792,6.563938140869141,12.779296875
training,grt,,torch,15,none,passed,,165960960,124,12,124,124,15,15,bfloat16,research-baseline,experiments/l40s/results/research-baselines/training-grt-torch-t15-none.json,,,,,,,,,,,,,,,,,,,0.0,0.0,0.0,284.4354553222656,21.286767959594727,284.4720560024143,276.8424886067708,21.303067207336426,43.046875
training,grt,,torch,16,ac,passed,,165960960,132,12,132,132,16,16,bfloat16,research-baseline,experiments/l40s/results/research-baselines/training-grt-torch-t16-ac.json,,,,,,,,,,,,,,,,,,,0.0,0.0,0.0,427.6601257324219,6.695194244384766,427.6997730048606,355.8638916015625,6.711981773376465,13.083984375
training,grt,,torch,16,none,passed,,165960960,132,12,132,132,16,16,bfloat16,research-baseline,experiments/l40s/results/research-baselines/training-grt-torch-t16-none.json,,,,,,,,,,,,,,,,,,,0.0,0.0,0.0,302.1455383300781,22.372804641723633,302.20890999771655,294.19724527994794,22.389103889465332,25.474609375
training,lpt,,tensor,1,ac,passed,,162988800,12,12,12,12,0,0,float32,research-baseline,experiments/l40s/results/research-baselines/training-lpt-tensor-t01-ac.json,,,,,,,,,,,,,,,,,,,0.0,0.0,0.0,82.5354232788086,2.7648091316223145,82.56079100101488,53.05071004231771,2.7648110389709473,4.580078125
training,lpt,,tensor,1,none,passed,,162988800,12,12,12,12,0,0,float32,research-baseline,experiments/l40s/results/research-baselines/training-lpt-tensor-t01-none.json,,,,,,,,,,,,,,,,,,,0.0,0.0,0.0,58.7775993347168,4.185347080230713,58.802240004297346,45.12085469563802,4.185715198516846,6.853515625
training,lpt,,tensor,2,ac,passed,,162988800,24,12,24,24,0,0,float32,research-baseline,experiments/l40s/results/research-baselines/training-lpt-tensor-t02-ac.json,,,,,,,,,,,,,,,,,,,0.0,0.0,0.0,160.88575744628906,3.0483813285827637,160.91594700264977,92.73480224609375,3.0476508140563965,5.02734375
training,lpt,,tensor,2,none,passed,,162988800,24,12,24,24,0,0,float32,research-baseline,experiments/l40s/results/research-baselines/training-lpt-tensor-t02-none.json,,,,,,,,,,,,,,,,,,,0.0,0.0,0.0,106.81343841552734,5.8990864753723145,106.83982699993066,75.75412495930989,5.899942874908447,10.796875
training,lpt,,tensor,3,ac,passed,,162988800,36,12,36,36,0,0,float32,research-baseline,experiments/l40s/results/research-baselines/training-lpt-tensor-t03-ac.json,,,,,,,,,,,,,,,,,,,0.0,0.0,0.0,230.25868225097656,3.194666862487793,230.28258600243134,132.08230590820312,3.1925454139709473,5.2890625
training,lpt,,tensor,3,none,passed,,162988800,36,12,36,36,0,0,float32,research-baseline,experiments/l40s/results/research-baselines/training-lpt-tensor-t03-none.json,,,,,,,,,,,,,,,,,,,0.0,0.0,0.0,156.6402587890625,7.589885234832764,156.66740499727894,106.40383911132812,7.5907416343688965,14.42578125
training,lpt,,tensor,4,ac,passed,,162988800,48,12,48,48,0,0,float32,research-baseline,experiments/l40s/results/research-baselines/training-lpt-tensor-t04-ac.json,,,,,,,,,,,,,,,,,,,0.0,0.0,0.0,307.084228515625,3.336268424987793,307.1137160004582,171.6281941731771,3.3331704139709473,5.5625
training,lpt,,tensor,4,none,passed,,162988800,48,12,48,48,0,0,float32,research-baseline,experiments/l40s/results/research-baselines/training-lpt-tensor-t04-none.json,,,,,,,,,,,,,,,,,,,0.0,0.0,0.0,199.4977264404297,9.279948711395264,199.52509800350526,137.0855712890625,9.280805110931396,17.98046875
training,lpt,,tensor,5,ac,passed,,162988800,60,12,60,60,0,0,float32,research-baseline,experiments/l40s/results/research-baselines/training-lpt-tensor-t05-ac.json,,,,,,,,,,,,,,,,,,,0.0,0.0,0.0,372.9981384277344,3.476893424987793,373.02619100228185,211.9874064127604,3.4737954139709473,5.703125
training,lpt,,tensor,5,none,passed,,162988800,60,12,60,60,0,0,float32,research-baseline,experiments/l40s/results/research-baselines/training-lpt-tensor-t05-none.json,,,,,,,,,,,,,,,,,,,0.0,0.0,0.0,248.732666015625,10.970012187957764,248.76848599524237,168.68517049153647,10.970868587493896,21.546875
training,lpt,,tensor,6,ac,passed,,162988800,72,12,72,72,0,0,float32,research-baseline,experiments/l40s/results/research-baselines/training-lpt-tensor-t06-ac.json,,,,,,,,,,,,,,,,,,,0.0,0.0,0.0,454.6539611816406,3.615321159362793,454.6903449954698,252.0238037109375,3.6144204139709473,5.904296875
training,lpt,,tensor,6,none,passed,,162988800,72,12,72,72,0,0,float32,research-baseline,experiments/l40s/results/research-baselines/training-lpt-tensor-t06-none.json,,,,,,,,,,,,,,,,,,,0.0,0.0,0.0,296.7642822265625,12.660075664520264,296.7916490015341,199.2789306640625,12.660932064056396,25.48828125
training,lpt,,tensor,7,ac,passed,,162988800,84,12,84,84,0,0,float32,research-baseline,experiments/l40s/results/research-baselines/training-lpt-tensor-t07-ac.json,,,,,,,,,,,,,,,,,,,0.0,0.0,0.0,516.6315307617188,3.755946159362793,516.6625639976701,291.62733968098956,3.7550454139709473,6.185546875
training,lpt,,tensor,7,none,passed,,162988800,84,12,84,84,0,0,float32,research-baseline,experiments/l40s/results/research-baselines/training-lpt-tensor-t07-none.json,,,,,,,,,,,,,,,,,,,0.0,0.0,0.0,340.6028747558594,14.350139141082764,340.64263600157574,229.99346923828125,14.350995540618896,29.056640625
training,lpt,,tensor,8,ac,passed,,162988800,96,12,96,96,0,0,float32,research-baseline,experiments/l40s/results/research-baselines/training-lpt-tensor-t08-ac.json,,,,,,,,,,,,,,,,,,,0.0,0.0,0.0,616.4541625976562,3.896571159362793,616.4828769979067,331.6794026692708,3.8956704139709473,6.466796875
training,lpt,,tensor,8,none,passed,,162988800,96,12,96,96,0,0,float32,research-baseline,experiments/l40s/results/research-baselines/training-lpt-tensor-t08-none.json,,,,,,,,,,,,,,,,,,,0.0,0.0,0.0,383.5013122558594,16.040202617645264,383.5281470019254,260.702880859375,16.041059017181396,32.611328125
training,lpt,,tensor,9,ac,passed,,162988800,108,12,108,108,0,0,float32,research-baseline,experiments/l40s/results/research-baselines/training-lpt-tensor-t09-ac.json,,,,,,,,,,,,,,,,,,,0.0,0.0,0.0,686.51416015625,4.037196159362793,686.5477480023401,369.3342692057292,4.036295413970947,6.748046875
training,lpt,,tensor,9,none,passed,,162988800,108,12,108,108,0,0,float32,research-baseline,experiments/l40s/results/research-baselines/training-lpt-tensor-t09-none.json,,,,,,,,,,,,,,,,,,,0.0,0.0,0.0,438.0416259765625,17.730266094207764,438.0706480005756,290.60300699869794,17.731122493743896,36.25
training,lpt,,tensor,10,ac,passed,,162988800,120,12,120,120,0,0,float32,research-baseline,experiments/l40s/results/research-baselines/training-lpt-tensor-t10-ac.json,,,,,,,,,,,,,,,,,,,0.0,0.0,0.0,757.7130737304688,4.177821159362793,757.7446670038626,409.1600341796875,4.176920413970947,7.029296875
training,lpt,,tensor,10,none,passed,,162988800,120,12,120,120,0,0,float32,research-baseline,experiments/l40s/results/research-baselines/training-lpt-tensor-t10-none.json,,,,,,,,,,,,,,,,,,,0.0,0.0,0.0,493.0365295410156,19.420329570770264,493.073194003955,320.73927815755206,19.421185970306396,40.251953125
training,lpt,,tensor,11,ac,passed,,162988800,132,12,132,132,0,0,float32,research-baseline,experiments/l40s/results/research-baselines/training-lpt-tensor-t11-ac.json,,,,,,,,,,,,,,,,,,,0.0,0.0,0.0,815.4962158203125,4.318446159362793,815.533539003809,450.8275960286458,4.317545413970947,7.310546875
training,lpt,,tensor,11,none,passed,,162988800,132,12,132,132,0,0,float32,research-baseline,experiments/l40s/results/research-baselines/training-lpt-tensor-t11-none.json,,,,,,,,,,,,,,,,,,,0.0,0.0,0.0,545.3302001953125,21.110393047332764,545.3605220027384,353.2335611979167,21.111249446868896,23.62109375
training,lpt,,tensor,12,ac,passed,,162988800,144,12,144,144,0,0,float32,research-baseline,experiments/l40s/results/research-baselines/training-lpt-tensor-t12-ac.json,,,,,,,,,,,,,,,,,,,0.0,0.0,0.0,898.8129272460938,4.459071159362793,898.849514000176,493.3003743489583,4.458170413970947,7.591796875
training,lpt,,tensor,12,none,passed,,162988800,144,12,144,144,0,0,float32,research-baseline,experiments/l40s/results/research-baselines/training-lpt-tensor-t12-none.json,,,,,,,,,,,,,,,,,,,0.0,0.0,0.0,596.7072143554688,22.800456523895264,596.7410969969933,385.3431396484375,22.801312923431396,25.345703125
training,lpt,,tensor,13,ac,passed,,162988800,156,12,156,156,0,0,float32,research-baseline,experiments/l40s/results/research-baselines/training-lpt-tensor-t13-ac.json,,,,,,,,,,,,,,,,,,,0.0,0.0,0.0,985.2846069335938,4.599696159362793,985.315828002058,529.6097412109375,4.598795413970947,7.873046875
training,lpt,,tensor,13,none,passed,,162988800,156,12,156,156,0,0,float32,research-baseline,experiments/l40s/results/research-baselines/training-lpt-tensor-t13-none.json,,,,,,,,,,,,,,,,,,,0.0,0.0,0.0,641.1100463867188,24.490520000457764,641.1412680026842,413.2467854817708,24.491376399993896,27.111328125
training,lpt,,tensor,14,ac,passed,,162988800,168,12,168,168,0,0,float32,research-baseline,experiments/l40s/results/research-baselines/training-lpt-tensor-t14-ac.json,,,,,,,,,,,,,,,,,,,0.0,0.0,0.0,1043.1785888671875,4.740321159362793,1043.2140750053804,568.5974934895834,4.739420413970947,8.154296875
training,lpt,,tensor,14,none,passed,,162988800,168,12,168,168,0,0,float32,research-baseline,experiments/l40s/results/research-baselines/training-lpt-tensor-t14-none.json,,,,,,,,,,,,,,,,,,,0.0,0.0,0.0,708.5977172851562,26.180583477020264,708.6289090002538,444.2579752604167,26.181439876556396,28.80078125
training,lpt,,tensor,15,ac,passed,,162988800,180,12,180,180,0,0,float32,research-baseline,experiments/l40s/results/research-baselines/training-lpt-tensor-t15-ac.json,,,,,,,,,,,,,,,,,,,0.0,0.0,0.0,1125.74169921875,4.880946159362793,1125.7799430022715,608.6621907552084,4.880045413970947,8.435546875
training,lpt,,tensor,15,none,passed,,162988800,180,12,180,180,0,0,float32,research-baseline,experiments/l40s/results/research-baselines/training-lpt-tensor-t15-none.json,,,,,,,,,,,,,,,,,,,0.0,0.0,0.0,739.090576171875,27.870646953582764,739.1245869948762,476.742431640625,27.871503353118896,30.2265625
training,lpt,,tensor,16,ac,passed,,162988800,192,12,192,192,0,0,float32,research-baseline,experiments/l40s/results/research-baselines/training-lpt-tensor-t16-ac.json,,,,,,,,,,,,,,,,,,,0.0,0.0,0.0,1230.7783203125,5.021571159362793,1230.81496800296,650.3219401041666,5.020670413970947,8.716796875
training,lpt,,tensor,16,none,passed,,162988800,192,12,192,192,0,0,float32,research-baseline,experiments/l40s/results/research-baselines/training-lpt-tensor-t16-none.json,,,,,,,,,,,,,,,,,,,0.0,0.0,0.0,782.7793579101562,29.560710430145264,782.8118429970345,506.6762288411458,29.561566829681396,32.046875
training,lpt,,torch,1,ac,passed,,162988800,12,12,12,12,0,0,float32,research-baseline,experiments/l40s/results/research-baselines/training-lpt-torch-t01-ac.json,,,,,,,,,,,,,,,,,,,0.0,0.0,0.0,63.637569427490234,4.375561714172363,63.66539000009652,58.0304209391276,4.392592430114746,8.810546875
training,lpt,,torch,1,none,passed,,162988800,12,12,12,12,0,0,float32,research-baseline,experiments/l40s/results/research-baselines/training-lpt-torch-t01-none.json,,,,,,,,,,,,,,,,,,,0.0,0.0,0.0,53.336063385009766,5.925860404968262,53.36382899986347,52.20556640625,5.920677185058594,11.1953125
training,lpt,,torch,2,ac,passed,,162988800,24,12,24,24,0,0,float32,research-baseline,experiments/l40s/results/research-baselines/training-lpt-torch-t02-ac.json,,,,,,,,,,,,,,,,,,,0.0,0.0,0.0,105.98092651367188,4.6627912521362305,106.01829200459179,89.59385172526042,4.679821968078613,9.138671875
training,lpt,,torch,2,none,passed,,162988800,24,12,24,24,0,0,float32,research-baseline,experiments/l40s/results/research-baselines/training-lpt-torch-t02-none.json,,,,,,,,,,,,,,,,,,,0.0,0.0,0.0,81.64249420166016,7.570392608642578,81.67636800499167,77.5386454264323,7.56337833404541,14.59375
training,lpt,,torch,3,ac,passed,,162988800,36,12,36,36,0,0,float32,research-baseline,experiments/l40s/results/research-baselines/training-lpt-torch-t03-ac.json,,,,,,,,,,,,,,,,,,,0.0,0.0,0.0,183.8919677734375,4.8019514083862305,183.93175300298026,122.06387329101562,4.818982124328613,9.419921875
training,lpt,,torch,3,none,passed,,162988800,36,12,36,36,0,0,float32,research-baseline,experiments/l40s/results/research-baselines/training-lpt-torch-t03-none.json,,,,,,,,,,,,,,,,,,,0.0,0.0,0.0,124.57670593261719,9.182333946228027,124.62324499938404,103.75543212890625,9.182039260864258,17.98046875
training,lpt,,torch,4,ac,passed,,162988800,48,12,48,48,0,0,float32,research-baseline,experiments/l40s/results/research-baselines/training-lpt-torch-t04-ac.json,,,,,,,,,,,,,,,,,,,0.0,0.0,0.0,199.4944610595703,4.94074821472168,199.52900499629322,154.23385620117188,4.9577789306640625,9.701171875
training,lpt,,torch,4,none,passed,,162988800,48,12,48,48,0,0,float32,research-baseline,experiments/l40s/results/research-baselines/training-lpt-torch-t04-none.json,,,,,,,,,,,,,,,,,,,0.0,0.0,0.0,157.23526000976562,10.793295860290527,157.28798800410004,129.6544392903646,10.800444602966309,21.359375
training,lpt,,torch,5,ac,passed,,162988800,60,12,60,60,0,0,float32,research-baseline,experiments/l40s/results/research-baselines/training-lpt-torch-t05-ac.json,,,,,,,,,,,,,,,,,,,0.0,0.0,0.0,240.8335418701172,5.08137321472168,240.87119899922982,186.6222941080729,5.0984039306640625,9.982421875
training,lpt,,torch,5,none,passed,,162988800,60,12,60,60,0,0,float32,research-baseline,experiments/l40s/results/research-baselines/training-lpt-torch-t05-none.json,,,,,,,,,,,,,,,,,,,0.0,0.0,0.0,168.17459106445312,12.413046836853027,168.2176660033292,156.43580118815103,12.420076370239258,24.73828125
training,lpt,,torch,6,ac,passed,,162988800,72,12,72,72,0,0,float32,research-baseline,experiments/l40s/results/research-baselines/training-lpt-torch-t06-ac.json,,,,,,,,,,,,,,,,,,,0.0,0.0,0.0,300.95159912109375,5.22199821472168,300.9851940005319,220.1797892252604,5.2390289306640625,10.263671875
training,lpt,,torch,6,none,passed,,162988800,72,12,72,72,0,0,float32,research-baseline,experiments/l40s/results/research-baselines/training-lpt-torch-t06-none.json,,,,,,,,,,,,,,,,,,,0.0,0.0,0.0,196.47488403320312,14.032797813415527,196.51081600022735,182.41571044921875,14.039827346801758,28.119140625
training,lpt,,torch,7,ac,passed,,162988800,84,12,84,84,0,0,float32,research-baseline,experiments/l40s/results/research-baselines/training-lpt-torch-t07-ac.json,,,,,,,,,,,,,,,,,,,0.0,0.0,0.0,331.6121520996094,5.36262321472168,331.6456949978601,251.56640625,5.3796539306640625,10.544921875
training,lpt,,torch,7,none,passed,,162988800,84,12,84,84,0,0,float32,research-baseline,experiments/l40s/results/research-baselines/training-lpt-torch-t07-none.json,,,,,,,,,,,,,,,,,,,0.0,0.0,0.0,225.27488708496094,15.652548789978027,225.31756100215716,208.4072062174479,15.659578323364258,31.5
training,lpt,,torch,8,ac,passed,,162988800,96,12,96,96,0,0,float32,research-baseline,experiments/l40s/results/research-baselines/training-lpt-torch-t08-ac.json,,,,,,,,,,,,,,,,,,,0.0,0.0,0.0,389.6678466796875,5.50324821472168,389.70154200069373,284.30780029296875,5.5202789306640625,10.826171875
training,lpt,,torch,8,none,passed,,162988800,96,12,96,96,0,0,float32,research-baseline,experiments/l40s/results/research-baselines/training-lpt-torch-t08-none.json,,,,,,,,,,,,,,,,,,,0.0,0.0,0.0,253.93548583984375,17.272299766540527,253.98461500299163,233.6890869140625,17.279329299926758,34.87890625
training,lpt,,torch,9,ac,passed,,162988800,108,12,108,108,0,0,float32,research-baseline,experiments/l40s/results/research-baselines/training-lpt-torch-t09-ac.json,,,,,,,,,,,,,,,,,,,0.0,0.0,0.0,437.8030090332031,5.64387321472168,437.83907699980773,315.6850179036458,5.6609039306640625,11.107421875
training,lpt,,torch,9,none,passed,,162988800,108,12,108,108,0,0,float32,research-baseline,experiments/l40s/results/research-baselines/training-lpt-torch-t09-none.json,,,,,,,,,,,,,,,,,,,0.0,0.0,0.0,285.9366455078125,18.892050743103027,285.98678200069116,258.4971923828125,18.899080276489258,38.2578125
training,lpt,,torch,10,ac,passed,,162988800,120,12,120,120,0,0,float32,research-baseline,experiments/l40s/results/research-baselines/training-lpt-torch-t10-ac.json,,,,,,,,,,,,,,,,,,,0.0,0.0,0.0,475.7820129394531,5.78449821472168,475.82038000109605,348.51806640625,5.8015289306640625,11.388671875
training,lpt,,torch,10,none,passed,,162988800,120,12,120,120,0,0,float32,research-baseline,experiments/l40s/results/research-baselines/training-lpt-torch-t10-none.json,,,,,,,,,,,,,,,,,,,0.0,0.0,0.0,351.47894287109375,20.511801719665527,351.53337699739495,284.40814208984375,20.518831253051758,41.640625
training,lpt,,torch,11,ac,passed,,162988800,132,12,132,132,0,0,float32,research-baseline,experiments/l40s/results/research-baselines/training-lpt-torch-t11-ac.json,,,,,,,,,,,,,,,,,,,0.0,0.0,0.0,525.8792114257812,5.92512321472168,525.9218610008247,383.018310546875,5.9421539306640625,11.669921875
training,lpt,,torch,11,none,passed,,162988800,132,12,132,132,0,0,float32,research-baseline,experiments/l40s/results/research-baselines/training-lpt-torch-t11-none.json,,,,,,,,,,,,,,,,,,,0.0,0.0,0.0,341.1466369628906,22.131552696228027,341.187322002952,312.1732177734375,22.138582229614258,25.158203125
training,lpt,,torch,12,ac,passed,,162988800,144,12,144,144,0,0,float32,research-baseline,experiments/l40s/results/research-baselines/training-lpt-torch-t12-ac.json,,,,,,,,,,,,,,,,,,,0.0,0.0,0.0,572.0831909179688,6.06574821472168,572.1237539983122,412.2364501953125,6.0827789306640625,11.951171875
training,lpt,,torch,12,none,passed,,162988800,144,12,144,144,0,0,float32,research-baseline,experiments/l40s/results/research-baselines/training-lpt-torch-t12-none.json,,,,,,,,,,,,,,,,,,,0.0,0.0,0.0,367.5002746582031,23.751303672790527,367.5401989967213,337.25746663411456,23.758333206176758,26.248046875
training,lpt,,torch,13,ac,passed,,162988800,156,12,156,156,0,0,float32,research-baseline,experiments/l40s/results/research-baselines/training-lpt-torch-t13-ac.json,,,,,,,,,,,,,,,,,,,0.0,0.0,0.0,630.7420043945312,6.20637321472168,630.7808569981717,444.3583170572917,6.2234039306640625,12.232421875
training,lpt,,torch,13,none,passed,,162988800,156,12,156,156,0,0,float32,research-baseline,experiments/l40s/results/research-baselines/training-lpt-torch-t13-none.json,,,,,,,,,,,,,,,,,,,0.0,0.0,0.0,399.2381591796875,25.371054649353027,399.2785709997406,362.3492431640625,25.378084182739258,27.939453125
training,lpt,,torch,14,ac,passed,,162988800,168,12,168,168,0,0,float32,research-baseline,experiments/l40s/results/research-baselines/training-lpt-torch-t14-ac.json,,,,,,,,,,,,,,,,,,,0.0,0.0,0.0,667.4063110351562,6.34699821472168,667.4488130011014,477.194580078125,6.3640289306640625,12.513671875
training,lpt,,torch,14,none,passed,,162988800,168,12,168,168,0,0,float32,research-baseline,experiments/l40s/results/research-baselines/training-lpt-torch-t14-none.json,,,,,,,,,,,,,,,,,,,0.0,0.0,0.0,422.076416015625,26.990805625915527,422.11680600303225,388.0427652994792,26.997835159301758,29.62890625
training,lpt,,torch,15,ac,passed,,162988800,180,12,180,180,0,0,float32,research-baseline,experiments/l40s/results/research-baselines/training-lpt-torch-t15-ac.json,,,,,,,,,,,,,,,,,,,0.0,0.0,0.0,737.3424682617188,6.48762321472168,737.3768510005902,511.0015869140625,6.5046539306640625,12.794921875
training,lpt,,torch,15,none,passed,,162988800,180,12,180,180,0,0,float32,research-baseline,experiments/l40s/results/research-baselines/training-lpt-torch-t15-none.json,,,,,,,,,,,,,,,,,,,0.0,0.0,0.0,456.5657653808594,28.610556602478027,456.61043399741175,417.3540852864583,28.617586135864258,31.318359375
training,lpt,,torch,16,ac,passed,,162988800,192,12,192,192,0,0,float32,research-baseline,experiments/l40s/results/research-baselines/training-lpt-torch-t16-ac.json,,,,,,,,,,,,,,,,,,,0.0,0.0,0.0,791.9032592773438,6.62824821472168,791.9470229971921,547.7495524088541,6.6452789306640625,13.076171875
training,lpt,,torch,16,none,passed,,162988800,192,12,192,192,0,0,float32,research-baseline,experiments/l40s/results/research-baselines/training-lpt-torch-t16-none.json,,,,,,,,,,,,,,,,,,,0.0,0.0,0.0,477.3591003417969,30.230307579040527,477.39971300325124,442.7506510416667,30.237337112426758,33.009765625
training,per_layer_latent,64,tensor,1,ac,passed,,150602496,12,12,12,12,0,0,float32,research-baseline,experiments/l40s/results/research-baselines/training-per_layer_latent-tensor-t01-ac.json,,,,,,,,,,,,,,,,,,,0.0,0.0,0.0,81.32300567626953,2.699873447418213,81.34826800232986,49.31717427571615,2.6813292503356934,4.287109375
training,per_layer_latent,64,tensor,1,none,passed,,150602496,12,12,12,12,0,0,float32,research-baseline,experiments/l40s/results/research-baselines/training-per_layer_latent-tensor-t01-none.json,,,,,,,,,,,,,,,,,,,0.0,0.0,0.0,60.73651123046875,3.986128330230713,60.76630300231045,42.7386220296224,3.968066692352295,6.9140625
training,per_layer_latent,64,tensor,2,ac,passed,,150602496,24,12,24,24,0,0,float32,research-baseline,experiments/l40s/results/research-baselines/training-per_layer_latent-tensor-t02-ac.json,,,,,,,,,,,,,,,,,,,0.0,0.0,0.0,140.0063934326172,2.838301181793213,140.03020599921,82.27498881022136,2.8226780891418457,4.4296875
training,per_layer_latent,64,tensor,2,none,passed,,150602496,24,12,24,24,0,0,float32,research-baseline,experiments/l40s/results/research-baselines/training-per_layer_latent-tensor-t02-none.json,,,,,,,,,,,,,,,,,,,0.0,0.0,0.0,98.3746566772461,5.412153720855713,98.40158000588417,68.7489725748698,5.397387981414795,9.908203125
training,per_layer_latent,64,tensor,3,ac,passed,,150602496,36,12,36,36,0,0,float32,research-baseline,experiments/l40s/results/research-baselines/training-per_layer_latent-tensor-t03-ac.json,,,,,,,,,,,,,,,,,,,0.0,0.0,0.0,194.3673553466797,2.974653720855713,194.39276300545316,114.82931518554688,2.961841106414795,4.646484375
training,per_layer_latent,64,tensor,3,none,passed,,150602496,36,12,36,36,0,0,float32,research-baseline,experiments/l40s/results/research-baselines/training-per_layer_latent-tensor-t03-none.json,,,,,,,,,,,,,,,,,,,0.0,0.0,0.0,134.28115844726562,6.825361728668213,134.30786800017813,94.4851582845052,6.812060832977295,12.888671875
training,per_layer_latent,64,tensor,4,ac,passed,,150602496,48,12,48,48,0,0,float32,research-baseline,experiments/l40s/results/research-baselines/training-per_layer_latent-tensor-t04-ac.json,,,,,,,,,,,,,,,,,,,0.0,0.0,0.0,255.89453125,3.112349033355713,255.92334300017683,147.30615234375,3.102221965789795,4.927734375
training,per_layer_latent,64,tensor,4,none,passed,,150602496,48,12,48,48,0,0,float32,research-baseline,experiments/l40s/results/research-baselines/training-per_layer_latent-tensor-t04-none.json,,,,,,,,,,,,,,,,,,,0.0,0.0,0.0,168.6537322998047,8.240034580230713,168.67853500298224,120.46096801757812,8.226733684539795,15.8828125
training,per_layer_latent,64,tensor,5,ac,passed,,150602496,60,12,60,60,0,0,float32,research-baseline,experiments/l40s/results/research-baselines/training-per_layer_latent-tensor-t05-ac.json,,,,,,,,,,,,,,,,,,,0.0,0.0,0.0,317.8577880859375,3.251509189605713,317.88647299981676,179.3251953125,3.242846965789795,5.208984375
training,per_layer_latent,64,tensor,5,none,passed,,150602496,60,12,60,60,0,0,float32,research-baseline,experiments/l40s/results/research-baselines/training-per_layer_latent-tensor-t05-none.json,,,,,,,,,,,,,,,,,,,0.0,0.0,0.0,209.13766479492188,9.654707431793213,209.16058100556256,146.17155965169272,9.641406536102295,18.876953125
training,per_layer_latent,64,tensor,6,ac,passed,,150602496,72,12,72,72,0,0,float32,research-baseline,experiments/l40s/results/research-baselines/training-per_layer_latent-tensor-t06-ac.json,,,,,,,,,,,,,,,,,,,0.0,0.0,0.0,375.30419921875,3.392134189605713,375.38854499871377,213.99346923828125,3.383471965789795,5.490234375
training,per_layer_latent,64,tensor,6,none,passed,,150602496,72,12,72,72,0,0,float32,research-baseline,experiments/l40s/results/research-baselines/training-per_layer_latent-tensor-t06-none.json,,,,,,,,,,,,,,,,,,,0.0,0.0,0.0,242.36134338378906,11.069380283355713,242.38576099742204,173.4311319986979,11.056079387664795,21.869140625
training,per_layer_latent,64,tensor,7,ac,passed,,150602496,84,12,84,84,0,0,float32,research-baseline,experiments/l40s/results/research-baselines/training-per_layer_latent-tensor-t07-ac.json,,,,,,,,,,,,,,,,,,,0.0,0.0,0.0,439.6441650390625,3.532759189605713,439.6783550037071,247.1178181966146,3.524096965789795,5.771484375
training,per_layer_latent,64,tensor,7,none,passed,,150602496,84,12,84,84,0,0,float32,research-baseline,experiments/l40s/results/research-baselines/training-per_layer_latent-tensor-t07-none.json,,,,,,,,,,,,,,,,,,,0.0,0.0,0.0,279.6492614746094,12.484053134918213,279.6780110002146,199.86466471354166,12.470752239227295,25.248046875
training,per_layer_latent,64,tensor,8,ac,passed,,150602496,96,12,96,96,0,0,float32,research-baseline,experiments/l40s/results/research-baselines/training-per_layer_latent-tensor-t08-ac.json,,,,,,,,,,,,,,,,,,,0.0,0.0,0.0,509.2044677734375,3.673384189605713,509.23529799911194,278.15423583984375,3.664721965789795,6.052734375
training,per_layer_latent,64,tensor,8,none,passed,,150602496,96,12,96,96,0,0,float32,research-baseline,experiments/l40s/results/research-baselines/training-per_layer_latent-tensor-t08-none.json,,,,,,,,,,,,,,,,,,,0.0,0.0,0.0,321.38555908203125,13.898725986480713,321.41922900336795,224.66729736328125,13.885425090789795,28.2421875
training,per_layer_latent,64,tensor,9,ac,passed,,150602496,108,12,108,108,0,0,float32,research-baseline,experiments/l40s/results/research-baselines/training-per_layer_latent-tensor-t09-ac.json,,,,,,,,,,,,,,,,,,,0.0,0.0,0.0,550.908935546875,3.814009189605713,550.9459500026423,310.62184651692706,3.805346965789795,6.333984375
training,per_layer_latent,64,tensor,9,none,passed,,150602496,108,12,108,108,0,0,float32,research-baseline,experiments/l40s/results/research-baselines/training-per_layer_latent-tensor-t09-none.json,,,,,,,,,,,,,,,,,,,0.0,0.0,0.0,358.0149841308594,15.313398838043213,358.0435689946171,250.2809041341146,15.300097942352295,31.234375
training,per_layer_latent,64,tensor,10,ac,passed,,150602496,120,12,120,120,0,0,float32,research-baseline,experiments/l40s/results/research-baselines/training-per_layer_latent-tensor-t10-ac.json,,,,,,,,,,,,,,,,,,,0.0,0.0,0.0,613.4395141601562,3.954634189605713,613.4735480009113,343.7840576171875,3.945971965789795,6.615234375
training,per_layer_latent,64,tensor,10,none,passed,,150602496,120,12,120,120,0,0,float32,research-baseline,experiments/l40s/results/research-baselines/training-per_layer_latent-tensor-t10-none.json,,,,,,,,,,,,,,,,,,,0.0,0.0,0.0,389.907470703125,16.728071689605713,389.9348920022021,276.97971598307294,16.714770793914795,34.228515625
training,per_layer_latent,64,tensor,11,ac,passed,,150602496,132,12,132,132,0,0,float32,research-baseline,experiments/l40s/results/research-baselines/training-per_layer_latent-tensor-t11-ac.json,,,,,,,,,,,,,,,,,,,0.0,0.0,0.0,671.6825561523438,4.095259189605713,671.7120929970406,374.6512044270833,4.086596965789795,6.896484375
training,per_layer_latent,64,tensor,11,none,passed,,150602496,132,12,132,132,0,0,float32,research-baseline,experiments/l40s/results/research-baselines/training-per_layer_latent-tensor-t11-none.json,,,,,,,,,,,,,,,,,,,0.0,0.0,0.0,431.4644470214844,18.142744541168213,431.5093249970232,301.88783772786456,18.129443645477295,37.294921875
training,per_layer_latent,64,tensor,12,ac,passed,,150602496,144,12,144,144,0,0,float32,research-baseline,experiments/l40s/results/research-baselines/training-per_layer_latent-tensor-t12-ac.json,,,,,,,,,,,,,,,,,,,0.0,0.0,0.0,738.7473754882812,4.235884189605713,738.7814929970773,409.1866455078125,4.227221965789795,7.177734375
training,per_layer_latent,64,tensor,12,none,passed,,150602496,144,12,144,144,0,0,float32,research-baseline,experiments/l40s/results/research-baselines/training-per_layer_latent-tensor-t12-none.json,,,,,,,,,,,,,,,,,,,0.0,0.0,0.0,481.3209533691406,19.557417392730713,481.37074599799234,328.72959391276044,19.544116497039795,40.32421875
training,per_layer_latent,64,tensor,13,ac,passed,,150602496,156,12,156,156,0,0,float32,research-baseline,experiments/l40s/results/research-baselines/training-per_layer_latent-tensor-t13-ac.json,,,,,,,,,,,,,,,,,,,0.0,0.0,0.0,792.2853393554688,4.376509189605713,792.3168940033065,441.9849853515625,4.367846965789795,7.458984375
training,per_layer_latent,64,tensor,13,none,passed,,150602496,156,12,156,156,0,0,float32,research-baseline,experiments/l40s/results/research-baselines/training-per_layer_latent-tensor-t13-none.json,,,,,,,,,,,,,,,,,,,0.0,0.0,0.0,513.8903198242188,20.972090244293213,513.9240620046621,354.6627604166667,20.958789348602295,43.7734375
training,per_layer_latent,64,tensor,14,ac,passed,,150602496,168,12,168,168,0,0,float32,research-baseline,experiments/l40s/results/research-baselines/training-per_layer_latent-tensor-t14-ac.json,,,,,,,,,,,,,,,,,,,0.0,0.0,0.0,855.1076049804688,4.517134189605713,855.1406219994533,474.9643147786458,4.508471965789795,7.740234375
training,per_layer_latent,64,tensor,14,none,passed,,150602496,168,12,168,168,0,0,float32,research-baseline,experiments/l40s/results/research-baselines/training-per_layer_latent-tensor-t14-none.json,,,,,,,,,,,,,,,,,,,0.0,0.0,0.0,543.1724243164062,22.386763095855713,543.2064880005782,381.0996907552083,22.373462200164795,24.390625
training,per_layer_latent,64,tensor,15,ac,passed,,150602496,180,12,180,180,0,0,float32,research-baseline,experiments/l40s/results/research-baselines/training-per_layer_latent-tensor-t15-ac.json,,,,,,,,,,,,,,,,,,,0.0,0.0,0.0,908.1405639648438,4.657759189605713,908.1727559969295,507.5906575520833,4.649096965789795,8.021484375
training,per_layer_latent,64,tensor,15,none,passed,,150602496,180,12,180,180,0,0,float32,research-baseline,experiments/l40s/results/research-baselines/training-per_layer_latent-tensor-t15-none.json,,,,,,,,,,,,,,,,,,,0.0,0.0,0.0,578.1389770507812,23.801435947418213,578.1699330036645,407.3270670572917,23.788135051727295,25.85546875
training,per_layer_latent,64,tensor,16,ac,passed,,150602496,192,12,192,192,0,0,float32,research-baseline,experiments/l40s/results/research-baselines/training-per_layer_latent-tensor-t16-ac.json,,,,,,,,,,,,,,,,,,,0.0,0.0,0.0,986.3997192382812,4.798384189605713,986.4321409986587,539.4940592447916,4.789721965789795,8.302734375
training,per_layer_latent,64,tensor,16,none,passed,,150602496,192,12,192,192,0,0,float32,research-baseline,experiments/l40s/results/research-baselines/training-per_layer_latent-tensor-t16-none.json,,,,,,,,,,,,,,,,,,,0.0,0.0,0.0,622.6759643554688,25.216108798980713,622.7102430129889,434.3954671223958,25.202807903289795,27.37890625
training,per_layer_latent,64,torch,1,ac,passed,,150602496,12,12,12,12,0,0,float32,research-baseline,experiments/l40s/results/research-baselines/training-per_layer_latent-torch-t01-ac.json,,,,,,,,,,,,,,,,,,,0.0,0.0,0.0,59.875328063964844,4.308056831359863,59.90759599808371,53.0093994140625,4.311781883239746,8.55078125
training,per_layer_latent,64,torch,1,none,passed,,150602496,12,12,12,12,0,0,float32,research-baseline,experiments/l40s/results/research-baselines/training-per_layer_latent-torch-t01-none.json,,,,,,,,,,,,,,,,,,,0.0,0.0,0.0,51.74067306518555,5.574062347412109,51.79631999635603,48.6997324625651,5.571808815002441,10.021484375
training,per_layer_latent,64,torch,2,ac,passed,,150602496,24,12,24,24,0,0,float32,research-baseline,experiments/l40s/results/research-baselines/training-per_layer_latent-torch-t02-ac.json,,,,,,,,,,,,,,,,,,,0.0,0.0,0.0,89.56620788574219,4.448803901672363,89.5953030048986,77.74242146809895,4.450087547302246,8.111328125
training,per_layer_latent,64,torch,2,none,passed,,150602496,24,12,24,24,0,0,float32,research-baseline,experiments/l40s/results/research-baselines/training-per_layer_latent-torch-t02-none.json,,,,,,,,,,,,,,,,,,,0.0,0.0,0.0,72.68351745605469,6.853248596191406,72.7171870021266,69.02205912272136,6.855020523071289,13.4296875
training,per_layer_latent,64,torch,3,ac,passed,,150602496,36,12,36,36,0,0,float32,research-baseline,experiments/l40s/results/research-baselines/training-per_layer_latent-torch-t03-ac.json,,,,,,,,,,,,,,,,,,,0.0,0.0,0.0,124.8542709350586,4.593332290649414,124.88390000362415,102.80550130208333,4.591689109802246,8.392578125
training,per_layer_latent,64,torch,3,none,passed,,150602496,36,12,36,36,0,0,float32,research-baseline,experiments/l40s/results/research-baselines/training-per_layer_latent-torch-t03-none.json,,,,,,,,,,,,,,,,,,,0.0,0.0,0.0,94.74559783935547,8.126206398010254,94.77639500255464,89.58908081054688,8.126885414123535,15.3046875
training,per_layer_latent,64,torch,4,ac,passed,,150602496,48,12,48,48,0,0,float32,research-baseline,experiments/l40s/results/research-baselines/training-per_layer_latent-torch-t04-ac.json,,,,,,,,,,,,,,,,,,,0.0,0.0,0.0,155.44216918945312,4.733591079711914,155.47201400477206,127.43918863932292,4.732192039489746,8.673828125
training,per_layer_latent,64,torch,4,none,passed,,150602496,48,12,48,48,0,0,float32,research-baseline,experiments/l40s/results/research-baselines/training-per_layer_latent-torch-t04-none.json,,,,,,,,,,,,,,,,,,,0.0,0.0,0.0,116.5322265625,9.39977741241455,116.56257600407116,110.03836059570312,9.400209426879883,17.947265625
training,per_layer_latent,64,torch,5,ac,passed,,150602496,60,12,60,60,0,0,float32,research-baseline,experiments/l40s/results/research-baselines/training-per_layer_latent-torch-t05-ac.json,,,,,,,,,,,,,,,,,,,0.0,0.0,0.0,191.9896697998047,4.874460220336914,192.02417300402885,151.34719848632812,4.872817039489746,8.955078125
training,per_layer_latent,64,torch,5,none,passed,,150602496,60,12,60,60,0,0,float32,research-baseline,experiments/l40s/results/research-baselines/training-per_layer_latent-torch-t05-none.json,,,,,,,,,,,,,,,,,,,0.0,0.0,0.0,138.30963134765625,10.673836708068848,138.36196200281847,130.0637003580729,10.67426872253418,20.587890625
training,per_layer_latent,64,torch,6,ac,passed,,150602496,72,12,72,72,0,0,float32,research-baseline,experiments/l40s/results/research-baselines/training-per_layer_latent-torch-t06-ac.json,,,,,,,,,,,,,,,,,,,0.0,0.0,0.0,227.06080627441406,5.015085220336914,227.11506899941014,177.154052734375,5.013442039489746,9.236328125
training,per_layer_latent,64,torch,6,none,passed,,150602496,72,12,72,72,0,0,float32,research-baseline,experiments/l40s/results/research-baselines/training-per_layer_latent-torch-t06-none.json,,,,,,,,,,,,,,,,,,,0.0,0.0,0.0,160.02560424804688,11.947896003723145,160.0564230029704,151.6220906575521,11.948328018188477,23.23046875
training,per_layer_latent,64,torch,7,ac,passed,,150602496,84,12,84,84,0,0,float32,research-baseline,experiments/l40s/results/research-baselines/training-per_layer_latent-torch-t07-ac.json,,,,,,,,,,,,,,,,,,,0.0,0.0,0.0,266.451904296875,5.155710220336914,266.48731200111797,202.61136881510416,5.154067039489746,9.517578125
training,per_layer_latent,64,torch,7,none,passed,,150602496,84,12,84,84,0,0,float32,research-baseline,experiments/l40s/results/research-baselines/training-per_layer_latent-torch-t07-none.json,,,,,,,,,,,,,,,,,,,0.0,0.0,0.0,181.4036407470703,13.221955299377441,181.4462670008652,172.15999348958334,13.222387313842773,25.873046875
training,per_layer_latent,64,torch,8,ac,passed,,150602496,96,12,96,96,0,0,float32,research-baseline,experiments/l40s/results/research-baselines/training-per_layer_latent-torch-t08-ac.json,,,,,,,,,,,,,,,,,,,0.0,0.0,0.0,299.873291015625,5.296335220336914,299.9274489993695,226.8200887044271,5.294692039489746,9.798828125
training,per_layer_latent,64,torch,8,none,passed,,150602496,96,12,96,96,0,0,float32,research-baseline,experiments/l40s/results/research-baselines/training-per_layer_latent-torch-t08-none.json,,,,,,,,,,,,,,,,,,,0.0,0.0,0.0,202.9854736328125,14.496014595031738,203.04595999914454,192.0699666341146,14.49644660949707,28.513671875
training,per_layer_latent,64,torch,9,ac,passed,,150602496,108,12,108,108,0,0,float32,research-baseline,experiments/l40s/results/research-baselines/training-per_layer_latent-torch-t09-ac.json,,,,,,,,,,,,,,,,,,,0.0,0.0,0.0,339.7754821777344,5.436960220336914,339.8088879985153,251.3062947591146,5.435317039489746,10.080078125
training,per_layer_latent,64,torch,9,none,passed,,150602496,108,12,108,108,0,0,float32,research-baseline,experiments/l40s/results/research-baselines/training-per_layer_latent-torch-t09-none.json,,,,,,,,,,,,,,,,,,,0.0,0.0,0.0,223.7205047607422,15.770073890686035,223.7537600012729,212.3891805013021,15.770505905151367,31.158203125
training,per_layer_latent,64,torch,10,ac,passed,,150602496,120,12,120,120,0,0,float32,research-baseline,experiments/l40s/results/research-baselines/training-per_layer_latent-torch-t10-ac.json,,,,,,,,,,,,,,,,,,,0.0,0.0,0.0,370.1995544433594,5.577585220336914,370.23128099826863,276.46258544921875,5.575942039489746,10.361328125
training,per_layer_latent,64,torch,10,none,passed,,150602496,120,12,120,120,0,0,float32,research-baseline,experiments/l40s/results/research-baselines/training-per_layer_latent-torch-t10-none.json,,,,,,,,,,,,,,,,,,,0.0,0.0,0.0,246.3836212158203,17.044133186340332,246.43971199839143,233.25528971354166,17.044565200805664,33.798828125
training,per_layer_latent,64,torch,11,ac,passed,,150602496,132,12,132,132,0,0,float32,research-baseline,experiments/l40s/results/research-baselines/training-per_layer_latent-torch-t11-ac.json,,,,,,,,,,,,,,,,,,,0.0,0.0,0.0,403.62701416015625,5.718210220336914,403.6853079960565,298.92266845703125,5.716567039489746,10.642578125
training,per_layer_latent,64,torch,11,none,passed,,150602496,132,12,132,132,0,0,float32,research-baseline,experiments/l40s/results/research-baselines/training-per_layer_latent-torch-t11-none.json,,,,,,,,,,,,,,,,,,,0.0,0.0,0.0,264.27490234375,18.31819248199463,264.31167499686126,252.3050740559896,18.31862449645996,36.439453125
training,per_layer_latent,64,torch,12,ac,passed,,150602496,144,12,144,144,0,0,float32,research-baseline,experiments/l40s/results/research-baselines/training-per_layer_latent-torch-t12-ac.json,,,,,,,,,,,,,,,,,,,0.0,0.0,0.0,438.9806213378906,5.858835220336914,439.0159009999479,324.42539469401044,5.857192039489746,10.923828125
training,per_layer_latent,64,torch,12,none,passed,,150602496,144,12,144,144,0,0,float32,research-baseline,experiments/l40s/results/research-baselines/training-per_layer_latent-torch-t12-none.json,,,,,,,,,,,,,,,,,,,0.0,0.0,0.0,290.76788330078125,19.592251777648926,290.8056900050724,273.5380452473958,19.592683792114258,39.083984375
training,per_layer_latent,64,torch,13,ac,passed,,150602496,156,12,156,156,0,0,float32,research-baseline,experiments/l40s/results/research-baselines/training-per_layer_latent-torch-t13-ac.json,,,,,,,,,,,,,,,,,,,0.0,0.0,0.0,481.5687561035156,5.999460220336914,481.6057870048098,349.1263020833333,5.997817039489746,11.205078125
training,per_layer_latent,64,torch,13,none,passed,,150602496,156,12,156,156,0,0,float32,research-baseline,experiments/l40s/results/research-baselines/training-per_layer_latent-torch-t13-none.json,,,,,,,,,,,,,,,,,,,0.0,0.0,0.0,311.73101806640625,20.866311073303223,311.7717260029167,293.81016031901044,20.866743087768555,41.724609375
training,per_layer_latent,64,torch,14,ac,passed,,150602496,168,12,168,168,0,0,float32,research-baseline,experiments/l40s/results/research-baselines/training-per_layer_latent-torch-t14-ac.json,,,,,,,,,,,,,,,,,,,0.0,0.0,0.0,524.6996459960938,6.140085220336914,524.7332119979546,378.74755859375,6.138442039489746,11.486328125
training,per_layer_latent,64,torch,14,none,passed,,150602496,168,12,168,168,0,0,float32,research-baseline,experiments/l40s/results/research-baselines/training-per_layer_latent-torch-t14-none.json,,,,,,,,,,,,,,,,,,,0.0,0.0,0.0,331.5251159667969,22.14037036895752,331.58859200193547,316.8177490234375,22.14080238342285,24.73046875
training,per_layer_latent,64,torch,15,ac,passed,,150602496,180,12,180,180,0,0,float32,research-baseline,experiments/l40s/results/research-baselines/training-per_layer_latent-torch-t15-ac.json,,,,,,,,,,,,,,,,,,,0.0,0.0,0.0,558.6884155273438,6.280710220336914,558.7236450010096,402.6156412760417,6.279067039489746,11.767578125
training,per_layer_latent,64,torch,15,none,passed,,150602496,180,12,180,180,0,0,float32,research-baseline,experiments/l40s/results/research-baselines/training-per_layer_latent-torch-t15-none.json,,,,,,,,,,,,,,,,,,,0.0,0.0,0.0,357.4527893066406,23.414429664611816,357.5135520004551,338.4319661458333,23.41486167907715,25.677734375
training,per_layer_latent,64,torch,16,ac,passed,,150602496,192,12,192,192,0,0,float32,research-baseline,experiments/l40s/results/research-baselines/training-per_layer_latent-torch-t16-ac.json,,,,,,,,,,,,,,,,,,,0.0,0.0,0.0,583.0379638671875,6.421335220336914,583.0703039973741,422.0593668619792,6.419692039489746,12.048828125
training,per_layer_latent,64,torch,16,none,passed,,150602496,192,12,192,192,0,0,float32,research-baseline,experiments/l40s/results/research-baselines/training-per_layer_latent-torch-t16-none.json,,,,,,,,,,,,,,,,,,,0.0,0.0,0.0,375.61431884765625,24.688488960266113,375.6572900019819,354.2497151692708,24.688920974731445,26.998046875
training,uyoco,,tensor,1,ac,passed,,163401216,12,12,12,12,0,0,float32,research-baseline,experiments/l40s/results/research-baselines/training-uyoco-tensor-t01-ac.json,,,,,,,,,,,,,,,,,,,0.0,0.0,0.0,92.68224334716797,2.7917861938476562,92.70849300082773,56.59443155924479,2.791055679321289,4.4765625
training,uyoco,,tensor,1,none,passed,,163401216,12,12,12,12,0,0,float32,research-baseline,experiments/l40s/results/research-baselines/training-uyoco-tensor-t01-none.json,,,,,,,,,,,,,,,,,,,0.0,0.0,0.0,65.08953857421875,4.426801681518555,65.11577199853491,48.6228993733724,4.4238739013671875,7.80859375
training,uyoco,,tensor,2,ac,passed,,163401216,18,12,18,18,0,0,float32,research-baseline,experiments/l40s/results/research-baselines/training-uyoco-tensor-t02-ac.json,,,,,,,,,,,,,,,,,,,0.0,0.0,0.0,138.99154663085938,2.8595352172851562,139.0152699968894,78.27145385742188,2.859537124633789,4.837890625
training,uyoco,,tensor,2,none,passed,,163401216,18,12,18,18,0,0,float32,research-baseline,experiments/l40s/results/research-baselines/training-uyoco-tensor-t02-none.json,,,,,,,,,,,,,,,,,,,0.0,0.0,0.0,95.50643157958984,5.348987579345703,95.53395200055093,65.83052571614583,5.345815658569336,9.7890625
training,uyoco,,tensor,3,ac,passed,,163401216,24,12,24,24,0,0,float32,research-baseline,experiments/l40s/results/research-baselines/training-uyoco-tensor-t03-ac.json,,,,,,,,,,,,,,,,,,,0.0,0.0,0.0,185.31837463378906,2.9342422485351562,185.35566199716413,99.79836018880208,2.933511734008789,4.67578125
training,uyoco,,tensor,3,none,passed,,163401216,24,12,24,24,0,0,float32,research-baseline,experiments/l40s/results/research-baselines/training-uyoco-tensor-t03-none.json,,,,,,,,,,,,,,,,,,,0.0,0.0,0.0,123.72582244873047,6.267023086547852,123.75545100076124,82.91361999511719,6.263362884521484,11.716796875
training,uyoco,,tensor,4,ac,passed,,163401216,30,12,30,30,0,0,float32,research-baseline,experiments/l40s/results/research-baselines/training-uyoco-tensor-t04-ac.json,,,,,,,,,,,,,,,,,,,0.0,0.0,0.0,228.82713317871094,3.0052871704101562,228.85564099851763,121.10779825846355,3.004556655883789,4.76953125
training,uyoco,,tensor,4,none,passed,,163401216,30,12,30,30,0,0,float32,research-baseline,experiments/l40s/results/research-baselines/training-uyoco-tensor-t04-none.json,,,,,,,,,,,,,,,,,,,0.0,0.0,0.0,153.64710998535156,7.182373046875,153.67113100364804,99.80757649739583,7.178712844848633,13.63671875
training,uyoco,,tensor,5,ac,passed,,163401216,36,12,36,36,0,0,float32,research-baseline,experiments/l40s/results/research-baselines/training-uyoco-tensor-t05-ac.json,,,,,,,,,,,,,,,,,,,0.0,0.0,0.0,274.9030456542969,3.0746231079101562,274.9470749986358,142.884521484375,3.074625015258789,4.990234375
training,uyoco,,tensor,5,none,passed,,163401216,36,12,36,36,0,0,float32,research-baseline,experiments/l40s/results/research-baselines/training-uyoco-tensor-t05-none.json,,,,,,,,,,,,,,,,,,,0.0,0.0,0.0,187.07859802246094,8.097723007202148,187.10336199728772,117.31421915690105,8.094062805175781,15.59765625
training,uyoco,,tensor,6,ac,passed,,163401216,42,12,42,42,0,0,float32,research-baseline,experiments/l40s/results/research-baselines/training-uyoco-tensor-t06-ac.json,,,,,,,,,,,,,,,,,,,0.0,0.0,0.0,321.1550598144531,3.1446914672851562,321.18342100147856,164.31820678710938,3.144693374633789,5.166015625
training,uyoco,,tensor,6,none,passed,,163401216,42,12,42,42,0,0,float32,research-baseline,experiments/l40s/results/research-baselines/training-uyoco-tensor-t06-none.json,,,,,,,,,,,,,,,,,,,0.0,0.0,0.0,212.60287475585938,9.013072967529297,212.6287719947868,133.99585978190103,9.00941276550293,17.49609375
training,uyoco,,tensor,7,ac,passed,,163401216,48,12,48,48,0,0,float32,research-baseline,experiments/l40s/results/research-baselines/training-uyoco-tensor-t07-ac.json,,,,,,,,,,,,,,,,,,,0.0,0.0,0.0,364.87371826171875,3.2157363891601562,364.9048250008491,185.78841145833334,3.215005874633789,5.376953125
training,uyoco,,tensor,7,none,passed,,163401216,48,12,48,48,0,0,float32,research-baseline,experiments/l40s/results/research-baselines/training-uyoco-tensor-t07-none.json,,,,,,,,,,,,,,,,,,,0.0,0.0,0.0,240.0821075439453,9.928422927856445,240.10988300142344,151.39567057291666,9.924762725830078,19.41015625
training,uyoco,,tensor,8,ac,passed,,163401216,54,12,54,54,0,0,float32,research-baseline,experiments/l40s/results/research-baselines/training-uyoco-tensor-t08-ac.json,,,,,,,,,,,,,,,,,,,0.0,0.0,0.0,413.8260498046875,3.2860488891601562,413.8696379959583,207.73956298828125,3.285318374633789,5.587890625
training,uyoco,,tensor,8,none,passed,,163401216,54,12,54,54,0,0,float32,research-baseline,experiments/l40s/results/research-baselines/training-uyoco-tensor-t08-none.json,,,,,,,,,,,,,,,,,,,0.0,0.0,0.0,269.9366455078125,10.843772888183594,269.9633129959693,168.47803751627603,10.840112686157227,21.3359375
training,uyoco,,tensor,9,ac,passed,,163401216,60,12,60,60,0,0,float32,research-baseline,experiments/l40s/results/research-baselines/training-uyoco-tensor-t09-ac.json,,,,,,,,,,,,,,,,,,,0.0,0.0,0.0,465.64044189453125,3.3563613891601562,465.66789500502637,227.9761962890625,3.355630874633789,5.798828125
training,uyoco,,tensor,9,none,passed,,163401216,60,12,60,60,0,0,float32,research-baseline,experiments/l40s/results/research-baselines/training-uyoco-tensor-t09-none.json,,,,,,,,,,,,,,,,,,,0.0,0.0,0.0,307.8562316894531,11.759122848510742,307.8811980012688,184.44254557291666,11.755462646484375,23.234375
training,uyoco,,tensor,10,ac,passed,,163401216,66,12,66,66,0,0,float32,research-baseline,experiments/l40s/results/research-baselines/training-uyoco-tensor-t10-ac.json,,,,,,,,,,,,,,,,,,,0.0,0.0,0.0,505.46484375,3.4266738891601562,505.5077459983295,249.1214599609375,3.425943374633789,6.009765625
training,uyoco,,tensor,10,none,passed,,163401216,66,12,66,66,0,0,float32,research-baseline,experiments/l40s/results/research-baselines/training-uyoco-tensor-t10-none.json,,,,,,,,,,,,,,,,,,,0.0,0.0,0.0,336.4618225097656,12.67447280883789,336.49025300110225,201.3200887044271,12.670812606811523,25.154296875
training,uyoco,,tensor,11,ac,passed,,163401216,72,12,72,72,0,0,float32,research-baseline,experiments/l40s/results/research-baselines/training-uyoco-tensor-t11-ac.json,,,,,,,,,,,,,,,,,,,0.0,0.0,0.0,558.519287109375,3.4969863891601562,558.5473829996772,271.81089274088544,3.496255874633789,6.220703125
training,uyoco,,tensor,11,none,passed,,163401216,72,12,72,72,0,0,float32,research-baseline,experiments/l40s/results/research-baselines/training-uyoco-tensor-t11-none.json,,,,,,,,,,,,,,,,,,,0.0,0.0,0.0,358.9794006347656,13.589822769165039,359.00384700653376,219.0588582356771,13.586162567138672,27.068359375
training,uyoco,,tensor,12,ac,passed,,163401216,78,12,78,78,0,0,float32,research-baseline,experiments/l40s/results/research-baselines/training-uyoco-tensor-t12-ac.json,,,,,,,,,,,,,,,,,,,0.0,0.0,0.0,603.6357421875,3.5672988891601562,603.6643679981353,293.29209391276044,3.566568374633789,6.431640625
training,uyoco,,tensor,12,none,passed,,163401216,78,12,78,78,0,0,float32,research-baseline,experiments/l40s/results/research-baselines/training-uyoco-tensor-t12-none.json,,,,,,,,,,,,,,,,,,,0.0,0.0,0.0,385.5790100097656,14.505172729492188,385.60827400215203,235.74698893229166,14.50151252746582,29.3515625
training,uyoco,,tensor,13,ac,passed,,163401216,84,12,84,84,0,0,float32,research-baseline,experiments/l40s/results/research-baselines/training-uyoco-tensor-t13-ac.json,,,,,,,,,,,,,,,,,,,0.0,0.0,0.0,659.884033203125,3.6376113891601562,659.916262004117,313.4658610026042,3.636880874633789,6.642578125
training,uyoco,,tensor,13,none,passed,,163401216,84,12,84,84,0,0,float32,research-baseline,experiments/l40s/results/research-baselines/training-uyoco-tensor-t13-none.json,,,,,,,,,,,,,,,,,,,0.0,0.0,0.0,434.1401672363281,15.420522689819336,434.1697209965787,252.32930501302084,15.416862487792969,31.27734375
training,uyoco,,tensor,14,ac,passed,,163401216,90,12,90,90,0,0,float32,research-baseline,experiments/l40s/results/research-baselines/training-uyoco-tensor-t14-ac.json,,,,,,,,,,,,,,,,,,,0.0,0.0,0.0,690.9583129882812,3.7079238891601562,690.9895480057457,335.4702555338542,3.707193374633789,6.853515625
training,uyoco,,tensor,14,none,passed,,163401216,90,12,90,90,0,0,float32,research-baseline,experiments/l40s/results/research-baselines/training-uyoco-tensor-t14-none.json,,,,,,,,,,,,,,,,,,,0.0,0.0,0.0,452.4564514160156,16.335872650146484,452.4846610001987,269.767333984375,16.332212448120117,33.189453125
training,uyoco,,tensor,15,ac,passed,,163401216,96,12,96,96,0,0,float32,research-baseline,experiments/l40s/results/research-baselines/training-uyoco-tensor-t15-ac.json,,,,,,,,,,,,,,,,,,,0.0,0.0,0.0,745.5057983398438,3.7782363891601562,745.5395100041642,359.2881673177083,3.777505874633789,7.064453125
training,uyoco,,tensor,15,none,passed,,163401216,96,12,96,96,0,0,float32,research-baseline,experiments/l40s/results/research-baselines/training-uyoco-tensor-t15-none.json,,,,,,,,,,,,,,,,,,,0.0,0.0,0.0,485.98834228515625,17.251222610473633,486.01813199638855,288.0798746744792,17.247562408447266,35.107421875
training,uyoco,,tensor,16,ac,passed,,163401216,102,12,102,102,0,0,float32,research-baseline,experiments/l40s/results/research-baselines/training-uyoco-tensor-t16-ac.json,,,,,,,,,,,,,,,,,,,0.0,0.0,0.0,803.3157348632812,3.8485488891601562,803.3462620005594,382.28271484375,3.847818374633789,7.275390625
training,uyoco,,tensor,16,none,passed,,163401216,102,12,102,102,0,0,float32,research-baseline,experiments/l40s/results/research-baselines/training-uyoco-tensor-t16-none.json,,,,,,,,,,,,,,,,,,,0.0,0.0,0.0,522.8810424804688,18.16657257080078,522.9110400032368,307.3822428385417,18.162912368774414,37.021484375
training,uyoco,,torch,1,ac,passed,,163401216,12,12,12,12,0,0,float32,research-baseline,experiments/l40s/results/research-baselines/training-uyoco-torch-t01-ac.json,,,,,,,,,,,,,,,,,,,0.0,0.0,0.0,75.52921295166016,4.430735111236572,75.57276900479337,65.82169596354167,4.446545124053955,8.6875
training,uyoco,,torch,1,none,passed,,163401216,12,12,12,12,0,0,float32,research-baseline,experiments/l40s/results/research-baselines/training-uyoco-torch-t01-none.json,,,,,,,,,,,,,,,,,,,0.0,0.0,0.0,62.20390319824219,6.474930286407471,62.24753100104863,57.92597452799479,6.4773125648498535,12.2265625
training,uyoco,,torch,2,ac,passed,,163401216,18,12,18,18,0,0,float32,research-baseline,experiments/l40s/results/research-baselines/training-uyoco-torch-t02-ac.json,,,,,,,,,,,,,,,,,,,0.0,0.0,0.0,108.43341064453125,4.504099369049072,108.46976500033634,85.95865885416667,4.519421100616455,8.8359375
training,uyoco,,torch,2,none,passed,,163401216,18,12,18,18,0,0,float32,research-baseline,experiments/l40s/results/research-baselines/training-uyoco-torch-t02-none.json,,,,,,,,,,,,,,,,,,,0.0,0.0,0.0,87.54688262939453,7.543350696563721,87.58233099797508,73.91061401367188,7.5424370765686035,14.43359375
training,uyoco,,torch,3,ac,passed,,163401216,24,12,24,24,0,0,float32,research-baseline,experiments/l40s/results/research-baselines/training-uyoco-torch-t03-ac.json,,,,,,,,,,,,,,,,,,,0.0,0.0,0.0,169.5846405029297,4.575266361236572,169.65727099886863,106.77822875976562,4.588634967803955,8.986328125
training,uyoco,,torch,3,none,passed,,163401216,24,12,24,24,0,0,float32,research-baseline,experiments/l40s/results/research-baselines/training-uyoco-torch-t03-none.json,,,,,,,,,,,,,,,,,,,0.0,0.0,0.0,118.60377502441406,8.60591173171997,118.65175000275485,90.30929565429688,8.604998111724854,16.62890625
training,uyoco,,torch,4,ac,passed,,163401216,30,12,30,30,0,0,float32,research-baseline,experiments/l40s/results/research-baselines/training-uyoco-torch-t04-ac.json,,,,,,,,,,,,,,,,,,,0.0,0.0,0.0,182.83929443359375,4.644602298736572,182.87884299934376,127.10769653320312,4.660412311553955,9.162109375
training,uyoco,,torch,4,none,passed,,163401216,30,12,30,30,0,0,float32,research-baseline,experiments/l40s/results/research-baselines/training-uyoco-torch-t04-none.json,,,,,,,,,,,,,,,,,,,0.0,0.0,0.0,137.1822052001953,9.66774034500122,137.22247700206935,106.2277119954427,9.666826725006104,18.8203125
training,uyoco,,torch,5,ac,passed,,163401216,36,12,36,36,0,0,float32,research-baseline,experiments/l40s/results/research-baselines/training-uyoco-torch-t05-ac.json,,,,,,,,,,,,,,,,,,,0.0,0.0,0.0,217.03269958496094,4.716257572174072,217.0936519978568,147.76695760091147,4.730358600616455,8.60546875
training,uyoco,,torch,5,none,passed,,163401216,36,12,36,36,0,0,float32,research-baseline,experiments/l40s/results/research-baselines/training-uyoco-torch-t05-none.json,,,,,,,,,,,,,,,,,,,0.0,0.0,0.0,141.0314178466797,10.72956895828247,141.07144800073002,122.2813008626302,10.728655338287354,21.015625
training,uyoco,,torch,6,ac,passed,,163401216,42,12,42,42,0,0,float32,research-baseline,experiments/l40s/results/research-baselines/training-uyoco-torch-t06-ac.json,,,,,,,,,,,,,,,,,,,0.0,0.0,0.0,259.6792297363281,4.785837650299072,259.7154280010727,168.44390869140625,4.800793170928955,8.81640625
training,uyoco,,torch,6,none,passed,,163401216,42,12,42,42,0,0,float32,research-baseline,experiments/l40s/results/research-baselines/training-uyoco-torch-t06-none.json,,,,,,,,,,,,,,,,,,,0.0,0.0,0.0,160.94924926757812,11.79139757156372,161.0125480001443,138.70455932617188,11.790483951568604,23.2109375
training,uyoco,,torch,7,ac,passed,,163401216,48,12,48,48,0,0,float32,research-baseline,experiments/l40s/results/research-baselines/training-uyoco-torch-t07-ac.json,,,,,,,,,,,,,,,,,,,0.0,0.0,0.0,328.8555603027344,4.856272220611572,328.90057299664477,188.15966796875,4.870373249053955,9.02734375
training,uyoco,,torch,7,none,passed,,163401216,48,12,48,48,0,0,float32,research-baseline,experiments/l40s/results/research-baselines/training-uyoco-torch-t07-none.json,,,,,,,,,,,,,,,,,,,0.0,0.0,0.0,181.22035217285156,12.85322618484497,181.26242000289494,154.9236857096354,12.852312564849854,25.40625
training,uyoco,,torch,8,ac,passed,,163401216,54,12,54,54,0,0,float32,research-baseline,experiments/l40s/results/research-baselines/training-uyoco-torch-t08-ac.json,,,,,,,,,,,,,,,,,,,0.0,0.0,0.0,321.7508850097656,4.926584720611572,321.7911840038141,209.5561319986979,4.940685749053955,9.23828125
training,uyoco,,torch,8,none,passed,,163401216,54,12,54,54,0,0,float32,research-baseline,experiments/l40s/results/research-baselines/training-uyoco-torch-t08-none.json,,,,,,,,,,,,,,,,,,,0.0,0.0,0.0,204.26034545898438,13.91505479812622,204.30451900028856,171.65789794921875,13.914141178131104,27.59765625
training,uyoco,,torch,9,ac,passed,,163401216,60,12,60,60,0,0,float32,research-baseline,experiments/l40s/results/research-baselines/training-uyoco-torch-t09-ac.json,,,,,,,,,,,,,,,,,,,0.0,0.0,0.0,366.1947021484375,4.996897220611572,366.2384600029327,228.81758626302084,5.010998249053955,9.44921875
training,uyoco,,torch,9,none,passed,,163401216,60,12,60,60,0,0,float32,research-baseline,experiments/l40s/results/research-baselines/training-uyoco-torch-t09-none.json,,,,,,,,,,,,,,,,,,,0.0,0.0,0.0,220.6095428466797,14.97688341140747,220.64894199866103,186.8393758138021,14.975969791412354,29.79296875
training,uyoco,,torch,10,ac,passed,,163401216,66,12,66,66,0,0,float32,research-baseline,experiments/l40s/results/research-baselines/training-uyoco-torch-t10-ac.json,,,,,,,,,,,,,,,,,,,0.0,0.0,0.0,407.7967529296875,5.067209720611572,407.8340019987081,248.6156005859375,5.081310749053955,9.66015625
training,uyoco,,torch,10,none,passed,,163401216,66,12,66,66,0,0,float32,research-baseline,experiments/l40s/results/research-baselines/training-uyoco-torch-t10-none.json,,,,,,,,,,,,,,,,,,,0.0,0.0,0.0,248.2054443359375,16.03871202468872,248.2580930009135,202.36527506510416,16.037798404693604,31.98828125
training,uyoco,,torch,11,ac,passed,,163401216,72,12,72,72,0,0,float32,research-baseline,experiments/l40s/results/research-baselines/training-uyoco-torch-t11-ac.json,,,,,,,,,,,,,,,,,,,0.0,0.0,0.0,442.5236511230469,5.137522220611572,442.58932799857575,270.2366129557292,5.151623249053955,9.87109375
training,uyoco,,torch,11,none,passed,,163401216,72,12,72,72,0,0,float32,research-baseline,experiments/l40s/results/research-baselines/training-uyoco-torch-t11-none.json,,,,,,,,,,,,,,,,,,,0.0,0.0,0.0,259.4804382324219,17.10054063796997,259.5242640018114,219.52408854166666,17.099627017974854,34.18359375
training,uyoco,,torch,12,ac,passed,,163401216,78,12,78,78,0,0,float32,research-baseline,experiments/l40s/results/research-baselines/training-uyoco-torch-t12-ac.json,,,,,,,,,,,,,,,,,,,0.0,0.0,0.0,469.5613098144531,5.207834720611572,469.59905499534216,291.30621337890625,5.221935749053955,10.08203125
training,uyoco,,torch,12,none,passed,,163401216,78,12,78,78,0,0,float32,research-baseline,experiments/l40s/results/research-baselines/training-uyoco-torch-t12-none.json,,,,,,,,,,,,,,,,,,,0.0,0.0,0.0,278.36932373046875,18.16236925125122,278.4126729966374,235.9152628580729,18.161455631256104,36.375
training,uyoco,,torch,13,ac,passed,,163401216,84,12,84,84,0,0,float32,research-baseline,experiments/l40s/results/research-baselines/training-uyoco-torch-t13-ac.json,,,,,,,,,,,,,,,,,,,0.0,0.0,0.0,516.2802734375,5.278147220611572,516.3437660012278,309.8944091796875,5.292248249053955,10.29296875
training,uyoco,,torch,13,none,passed,,163401216,84,12,84,84,0,0,float32,research-baseline,experiments/l40s/results/research-baselines/training-uyoco-torch-t13-none.json,,,,,,,,,,,,,,,,,,,0.0,0.0,0.0,299.9285888671875,19.22419786453247,299.97226200066507,250.8714599609375,19.223284244537354,38.5703125
training,uyoco,,torch,14,ac,passed,,163401216,90,12,90,90,0,0,float32,research-baseline,experiments/l40s/results/research-baselines/training-uyoco-torch-t14-ac.json,,,,,,,,,,,,,,,,,,,0.0,0.0,0.0,540.3023071289062,5.348459720611572,540.3387459955411,330.73492431640625,5.362560749053955,10.50390625
training,uyoco,,torch,14,none,passed,,163401216,90,12,90,90,0,0,float32,research-baseline,experiments/l40s/results/research-baselines/training-uyoco-torch-t14-none.json,,,,,,,,,,,,,,,,,,,0.0,0.0,0.0,321.42950439453125,20.28602647781372,321.4640920050442,267.21417236328125,20.285112857818604,40.765625
training,uyoco,,torch,15,ac,passed,,163401216,96,12,96,96,0,0,float32,research-baseline,experiments/l40s/results/research-baselines/training-uyoco-torch-t15-ac.json,,,,,,,,,,,,,,,,,,,0.0,0.0,0.0,583.1280517578125,5.418772220611572,583.1646309961798,354.2681477864583,5.432873249053955,10.71484375
training,uyoco,,torch,15,none,passed,,163401216,96,12,96,96,0,0,float32,research-baseline,experiments/l40s/results/research-baselines/training-uyoco-torch-t15-none.json,,,,,,,,,,,,,,,,,,,0.0,0.0,0.0,346.8011474609375,21.34785509109497,346.8429089989513,286.3134765625,21.346941471099854,42.9609375
training,uyoco,,torch,16,ac,passed,,163401216,102,12,102,102,0,0,float32,research-baseline,experiments/l40s/results/research-baselines/training-uyoco-torch-t16-ac.json,,,,,,,,,,,,,,,,,,,0.0,0.0,0.0,609.964111328125,5.489084720611572,610.0024030019995,371.8277180989583,5.503185749053955,10.92578125
training,uyoco,,torch,16,none,passed,,163401216,102,12,102,102,0,0,float32,research-baseline,experiments/l40s/results/research-baselines/training-uyoco-torch-t16-none.json,,,,,,,,,,,,,,,,,,,0.0,0.0,0.0,371.09234619140625,22.40968370437622,371.1364949995186,300.37127685546875,22.408770084381104,24.865234375
