phase,model,kv_rank,backend,loops,checkpoint,status,failed_stage,parameter_count,effective_depth,unique_layers,measurement_origin,raw_record,prompt_eager_gpu_ms,prompt_eager_peak_gib,prompt_eager_wall_ms,prompt_graph_gpu_ms,prompt_graph_peak_gib,prompt_graph_reserved_gib,startup_eager_gpu_ms,startup_eager_peak_gib,startup_eager_wall_ms,startup_graph_gpu_ms,startup_graph_peak_gib,startup_graph_reserved_gib,decode_eager_gpu_ms,decode_eager_peak_gib,decode_eager_wall_ms,decode_graph_gpu_ms,decode_graph_peak_gib,decode_graph_reserved_gib,cache_mib,fold_mib,prepared_weight_mib,training_eager_gpu_ms,training_eager_peak_gib,training_eager_wall_ms,training_graph_gpu_ms,training_graph_peak_gib,training_graph_reserved_gib
inference,fixed_depth,,tensor,1,none,passed,,162988800,12,12,original,experiments/l40s/results/loop-baseline/inference-fixed_depth-tensor-t01.json,12.591103553771973,0.9722318649291992,12.612798996997299,7.818186442057292,0.9722318649291992,1.166015625,14.310400009155273,1.1426773071289062,14.333510000142269,8.22647476196289,1.1426773071289062,1.607421875,12.0698881149292,1.002490520477295,12.095067999325693,0.9758719603220621,1.002490520477295,1.216796875,144.1409912109375,0.0,235.6875,,,,,,
inference,fixed_depth,,tensor,2,none,passed,,247923456,12,12,original,experiments/l40s/results/loop-baseline/inference-fixed_depth-tensor-t02.json,14.430208206176758,1.5200834274291992,14.455728000029922,13.547178904215494,1.5197172164916992,1.822265625,14.925824165344238,1.6489896774291992,14.953770998545224,13.962581634521484,1.6486234664916992,2.111328125,12.464032173156738,1.479663372039795,12.48632300121244,1.2673707008361816,1.479663372039795,1.732421875,144.1409912109375,0.0,397.6875,,,,,,
inference,fixed_depth,,tensor,3,none,passed,,332858112,12,12,original,experiments/l40s/results/loop-baseline/inference-fixed_depth-tensor-t03.json,20.521984100341797,2.048586845397949,20.55065700187697,19.71404774983724,2.048586845397949,2.494140625,20.989952087402344,2.177493095397949,21.022598000854487,20.013397216796875,2.177493095397949,2.740234375,12.766207695007324,1.938220500946045,12.788331998308422,1.57149871190389,1.938220500946045,2.279296875,144.1409912109375,0.0,559.6875,,,,,,
inference,fixed_depth,,tensor,4,none,passed,,417792768,12,12,original,experiments/l40s/results/loop-baseline/inference-fixed_depth-tensor-t04.json,24.829952239990234,2.604617118835449,24.85994200105779,23.856468200683594,2.604617118835449,3.216796875,25.29782485961914,2.733523368835449,25.324783997348277,24.22783915201823,2.733523368835449,3.451171875,12.401663780212402,2.423938274383545,12.428193997038761,1.8298560778299968,2.423938274383545,2.849609375,144.1409912109375,0.0,721.6875,,,,,,
inference,fixed_depth,,tensor,5,none,passed,,502727424,12,12,original,experiments/l40s/results/loop-baseline/inference-fixed_depth-tensor-t05.json,30.16396713256836,3.161257743835449,30.20114099854254,29.202433268229168,3.161257743835449,3.9375,30.69331169128418,3.290163993835449,30.72876499936683,29.597012837727863,3.290163993835449,3.90234375,12.75596809387207,2.910266399383545,12.778364998666802,2.107733408610026,2.910266399383545,3.32421875,144.1409912109375,0.0,883.6875,,,,,,
inference,fixed_depth,,tensor,6,none,passed,,587662080,12,12,original,experiments/l40s/results/loop-baseline/inference-fixed_depth-tensor-t06.json,35.334144592285156,3.690310478210449,35.36914999858709,34.412523905436196,3.688845634460449,4.4609375,35.76326370239258,3.819949150085449,35.80559100373648,34.86105600992838,3.817751884460449,4.6171875,12.421119689941406,3.368262767791748,12.442022001778241,2.39138126373291,3.368262767791748,3.93359375,144.1409912109375,0.0,1045.6875,,,,,,
inference,fixed_depth,,tensor,7,none,passed,,672596736,12,12,original,experiments/l40s/results/loop-baseline/inference-fixed_depth-tensor-t07.json,40.822784423828125,4.230715751647949,40.85480800131336,40.00733947753906,4.229983329772949,5.099609375,41.30915069580078,4.358889579772949,41.337966998980846,40.44282786051432,4.358889579772949,5.298828125,12.436479568481445,3.8391594886779785,12.458718003472313,2.675370534261068,3.8391594886779785,4.509765625,144.1409912109375,0.0,1207.6875,,,,,,
inference,fixed_depth,,tensor,8,none,passed,,757531392,12,12,original,experiments/l40s/results/loop-baseline/inference-fixed_depth-tensor-t08.json,46.17830276489258,4.785891532897949,46.21076500188792,45.49427286783854,4.785891532897949,5.78515625,46.62374496459961,4.914797782897949,46.656625003379304,46.14656066894531,4.914797782897949,6.04296875,12.989439964294434,4.324097156524658,13.016559001698624,2.9661865234375,4.324097156524658,5.1484375,144.1409912109375,0.0,1369.6875,,,,,,
inference,fixed_depth,,tensor,9,none,passed,,842466048,12,12,original,experiments/l40s/results/loop-baseline/inference-fixed_depth-tensor-t09.json,51.309566497802734,5.342654228210449,51.34147200442385,51.04810587565104,5.342654228210449,6.47265625,51.917823791503906,5.471560478210449,51.948117004940286,51.627349853515625,5.471560478210449,6.7421875,12.810079574584961,4.8106160163879395,12.832109001465142,3.251200040181478,4.8106160163879395,5.7421875,144.1409912109375,0.0,1531.6875,,,,,,
inference,fixed_depth,,tensor,10,none,passed,,927400704,12,12,original,experiments/l40s/results/loop-baseline/inference-fixed_depth-tensor-t10.json,60.093441009521484,5.870730400085449,60.12520100193797,60.067840576171875,5.870730400085449,7.158203125,60.42931365966797,6.000185966491699,60.46200900163967,60.61534118652344,5.999636650085449,7.462890625,12.684288024902344,5.268991947174072,12.70521999686025,3.530751864115397,5.268991947174072,6.357421875,144.1409912109375,0.0,1693.6875,,,,,,
inference,fixed_depth,,tensor,11,none,passed,,1012335360,12,12,original,experiments/l40s/results/loop-baseline/inference-fixed_depth-tensor-t11.json,68.48102569580078,6.407595634460449,68.51869400270516,67.51573181152344,6.407595634460449,7.796875,68.40013122558594,6.536501884460449,68.43437100178562,67.89051818847656,6.536501884460449,8.1484375,12.04736042022705,5.735069751739502,12.069140997482464,4.355754534403483,5.735069751739502,6.9375,144.1409912109375,0.0,1855.6875,,,,,,
inference,fixed_depth,,tensor,12,none,passed,,1097270016,12,12,original,experiments/l40s/results/loop-baseline/inference-fixed_depth-tensor-t12.json,72.93036651611328,6.964358329772949,72.96194199443562,74.00174967447917,6.964358329772949,8.484375,74.55744171142578,7.093264579772949,74.58736099943053,75.33977762858073,7.093264579772949,8.859375,12.454912185668945,6.221588611602783,12.476957999751903,4.111989339192708,6.221588611602783,7.54296875,144.1409912109375,0.0,2017.6875,,,,,,
inference,fixed_depth,,tensor,13,none,passed,,1182204672,12,12,original,experiments/l40s/results/loop-baseline/inference-fixed_depth-tensor-t13.json,87.49465942382812,7.520998954772949,87.52557400293881,86.8491923014323,7.520998954772949,9.169921875,87.96672058105469,7.649905204772949,87.99897599965334,86.70821126302083,7.649905204772949,9.134765625,12.677087783813477,6.7079854011535645,12.698418999207206,4.400810559590657,6.7079854011535645,7.712890625,144.1409912109375,0.0,2179.6875,,,,,,
inference,fixed_depth,,tensor,14,none,passed,,1267139328,12,12,original,experiments/l40s/results/loop-baseline/inference-fixed_depth-tensor-t14.json,124.35968017578125,8.05029582977295,124.3912249992718,123.55140177408855,8.05029582977295,9.857421875,124.85734558105469,8.18213176727295,124.89184699370526,123.95822143554688,8.17920207977295,9.822265625,12.984319686889648,7.167765140533447,13.01116499962518,4.690261205037435,7.167765140533447,8.294921875,144.1409912109375,0.0,2341.6875,,,,,,
inference,fixed_depth,,tensor,15,none,passed,,1352073984,12,12,original,experiments/l40s/results/loop-baseline/inference-fixed_depth-tensor-t15.json,143.26681518554688,8.58899211883545,143.30236700334353,142.41791788736978,8.58899211883545,10.49609375,143.56991577148438,8.71789836883545,143.60298699466512,142.93264770507812,8.71789836883545,10.484375,12.58291244506836,7.635490894317627,12.608213000930846,6.592170715332031,7.635490894317627,8.8515625,144.1409912109375,0.0,2503.6875,,,,,,
inference,fixed_depth,,tensor,16,none,passed,,1437008640,12,12,original,experiments/l40s/results/loop-baseline/inference-fixed_depth-tensor-t16.json,155.7084197998047,9.14490032196045,155.74516500055324,154.3648885091146,9.14490032196045,11.181640625,155.5650634765625,9.27380657196045,155.59802999632666,154.78374226888022,9.27380657196045,11.158203125,13.024255752563477,8.121155261993408,13.047635002294555,9.558005650838217,8.121155261993408,9.421875,144.1409912109375,0.0,2665.6875,,,,,,
inference,fixed_depth,,torch,1,none,passed,,162988800,12,12,original,experiments/l40s/results/loop-baseline/inference-fixed_depth-torch-t01.json,7.303167819976807,0.9808988571166992,7.324794998567086,6.8853759765625,0.9888334274291992,1.216796875,7.799808025360107,1.1513328552246094,7.821964998584008,7.289173126220703,1.1592674255371094,1.634765625,5.864448070526123,1.011146068572998,5.883860001631547,1.3305173714955647,1.019080638885498,1.248046875,144.140625,0.0,235.6875,,,,,,
inference,fixed_depth,,torch,2,none,passed,,247923456,12,12,original,experiments/l40s/results/loop-baseline/inference-fixed_depth-torch-t02.json,11.940863609313965,1.5276517868041992,11.966912003117613,11.497812906901041,1.5348539352416992,1.884765625,12.463104248046875,1.6565580368041992,12.489182998251636,11.943253835042318,1.6637601852416992,2.107421875,5.912576198577881,1.4875807762145996,5.934549000812694,1.5916159947713215,1.4955153465270996,1.712890625,144.140625,0.0,397.6875,,,,,,
inference,fixed_depth,,torch,3,none,passed,,332858112,12,12,original,experiments/l40s/results/loop-baseline/inference-fixed_depth-torch-t03.json,17.220544815063477,2.056887626647949,17.247700998268556,16.703829447428387,2.064822196960449,2.544921875,17.64044761657715,2.185793876647949,17.66991899785353,17.164608001708984,2.193728446960449,2.720703125,6.009856224060059,1.946509838104248,6.033369998476701,1.8257919947306316,1.954444408416748,2.244140625,144.140625,0.0,559.6875,,,,,,
inference,fixed_depth,,torch,4,none,passed,,417792768,12,12,original,experiments/l40s/results/loop-baseline/inference-fixed_depth-torch-t04.json,21.857152938842773,2.613406181335449,21.88946300157113,21.441195170084637,2.620974540710449,3.267578125,22.336511611938477,2.742312431335449,22.375623000698397,21.86717987060547,2.749880790710449,3.373046875,6.0497918128967285,2.432349681854248,6.071251998946536,2.0329813957214355,2.440284252166748,2.884765625,144.140625,0.0,721.6875,,,,,,
inference,fixed_depth,,torch,5,none,passed,,502727424,12,12,original,experiments/l40s/results/loop-baseline/inference-fixed_depth-torch-t05.json,26.462207794189453,3.169924736022949,26.48920600040583,26.139307657877605,3.177859306335449,3.98828125,26.901504516601562,3.298830986022949,26.9316970006912,26.47173309326172,3.306765556335449,3.96484375,6.124544143676758,2.918921947479248,6.148019998363452,2.340522607167562,2.926856517791748,3.37109375,144.140625,0.0,883.6875,,,,,,
inference,fixed_depth,,torch,6,none,passed,,587662080,12,12,original,experiments/l40s/results/loop-baseline/inference-fixed_depth-torch-t06.json,31.084543228149414,3.700930595397949,31.117231999814976,30.978047688802082,3.706667900085449,4.51171875,31.61497688293457,3.829836845397949,31.646216004446615,31.327189127604168,3.835574150085449,4.66796875,6.142975807189941,3.378139019012451,6.163675003335811,2.5774079958597818,3.386073589324951,3.96875,144.140625,0.0,1045.6875,,,,,,
inference,fixed_depth,,torch,7,none,passed,,672596736,12,12,original,experiments/l40s/results/loop-baseline/inference-fixed_depth-torch-t07.json,35.716094970703125,4.239382743835449,35.7486790016992,35.45770772298177,4.247317314147949,5.150390625,36.187137603759766,4.368288993835449,36.21805900183972,35.91202036539713,4.376223564147949,5.361328125,6.095776081085205,3.84782075881958,6.132921997050289,2.8392105102539062,3.85575532913208,4.556640625,144.140625,0.0,1207.6875,,,,,,
inference,fixed_depth,,torch,8,none,passed,,757531392,12,12,original,experiments/l40s/results/loop-baseline/inference-fixed_depth-torch-t08.json,40.63129425048828,4.794924736022949,40.66001599858282,40.48656972249349,4.802859306335449,5.8359375,41.32249450683594,4.923830986022949,41.356303001521155,40.883199055989586,4.931765556335449,6.08203125,6.096896171569824,4.333118915557861,6.118370998592582,3.104426701863607,4.341053485870361,5.171875,144.140625,0.0,1369.6875,,,,,,
inference,fixed_depth,,torch,9,none,passed,,842466048,12,12,original,experiments/l40s/results/loop-baseline/inference-fixed_depth-torch-t09.json,45.38572692871094,5.350588798522949,45.41911900014384,45.54752095540365,5.358523368835449,6.5234375,46.18751907348633,5.479495048522949,46.21999800292542,45.98681640625,5.487429618835449,6.81640625,6.207520008087158,4.818539142608643,6.244389995117672,3.3576958974202475,4.826473712921143,5.80078125,144.140625,0.0,1531.6875,,,,,,
inference,fixed_depth,,torch,10,none,passed,,927400704,12,12,original,experiments/l40s/results/loop-baseline/inference-fixed_depth-torch-t10.json,52.209632873535156,5.879519462585449,52.24053100391757,52.480682373046875,5.887454032897949,7.208984375,52.90803146362305,6.008975028991699,52.940039000532124,53.44256083170573,6.016360282897949,7.505859375,5.932032108306885,5.277225971221924,5.952690000412986,3.598677317301432,5.285160541534424,6.384765625,144.140625,0.0,1693.6875,,,,,,
inference,fixed_depth,,torch,11,none,passed,,1012335360,12,12,original,experiments/l40s/results/loop-baseline/inference-fixed_depth-torch-t11.json,57.55187225341797,6.416262626647949,57.58247800258687,58.59976704915365,6.424197196960449,7.84765625,58.47244644165039,6.545168876647949,58.5023449966684,58.5181884765625,6.553103446960449,7.8359375,6.13478422164917,5.743725299835205,6.15731900325045,4.316501299540202,5.751659870147705,6.609375,144.140625,0.0,1855.6875,,,,,,
inference,fixed_depth,,torch,12,none,passed,,1097270016,12,12,original,experiments/l40s/results/loop-baseline/inference-fixed_depth-torch-t12.json,62.54182434082031,6.973025321960449,62.57146799907787,63.18011983235677,6.980959892272949,8.53515625,62.80806350708008,7.101931571960449,62.85382399801165,63.391743977864586,7.109866142272949,8.51171875,6.2566399574279785,6.230244159698486,6.277234002482146,4.081664085388184,6.238178730010986,7.1796875,144.140625,0.0,2017.6875,,,,,,
inference,fixed_depth,,torch,13,none,passed,,1182204672,12,12,original,experiments/l40s/results/loop-baseline/inference-fixed_depth-torch-t13.json,67.07801818847656,7.529665946960449,67.10887400549836,67.99598693847656,7.537600517272949,9.220703125,67.93926239013672,7.658572196960449,67.9712390046916,68.61856079101562,7.666506767272949,9.208984375,6.3897600173950195,6.716640949249268,6.426219995773863,4.314794540405273,6.724575519561768,7.771484375,144.140625,0.0,2179.6875,,,,,,
inference,fixed_depth,,torch,14,none,passed,,1267139328,12,12,original,experiments/l40s/results/loop-baseline/inference-fixed_depth-torch-t14.json,73.7432632446289,8.05798625946045,73.77544199698605,75.26024373372395,8.06518840789795,9.908203125,75.47379302978516,8.18908977508545,75.50508499844,76.77571105957031,8.19409465789795,9.857421875,6.222847938537598,7.173985004425049,6.24377399799414,4.557482719421387,7.181919574737549,8.314453125,144.140625,0.0,2341.6875,,,,,,
inference,fixed_depth,,torch,15,none,passed,,1352073984,12,12,original,experiments/l40s/results/loop-baseline/inference-fixed_depth-torch-t15.json,79.56377410888672,8.59765911102295,79.60196000203723,81.61928304036458,8.60559368133545,10.546875,80.89497375488281,8.72656536102295,80.9403140010545,82.26025390625,8.73449993133545,10.53515625,6.228831768035889,7.64414644241333,6.251803999475669,4.804266611735026,7.65208101272583,8.88671875,144.140625,0.0,2503.6875,,,,,,
inference,fixed_depth,,torch,16,none,passed,,1437008640,12,12,original,experiments/l40s/results/loop-baseline/inference-fixed_depth-torch-t16.json,82.661376953125,9.15320110321045,82.69250000012107,83.55771891276042,9.16113567352295,11.232421875,83.03001403808594,9.28210735321045,83.06023099430604,84.06357320149739,9.29004192352295,11.220703125,6.096896171569824,8.129444599151611,6.117652003013063,5.039786656697591,8.137379169464111,9.466796875,144.140625,0.0,2665.6875,,,,,,
inference,llt,32,tensor,1,none,passed,,149447424,12,12,extension,experiments/l40s/results/loop-sweep/inference-llt-tensor-r032-t01-none.json,12.659711837768555,0.8450527191162109,12.68201199854957,6.084266662597656,0.8450527191162109,1.07421875,15.874048233032227,0.8450527191162109,15.895757998805493,6.334112167358398,0.8450527191162109,1.064453125,9.25603199005127,0.7520999908447266,9.279013000195846,0.6307839949925741,0.7520999908447266,0.916015625,0.250274658203125,13.5,182.859375,,,,,,
inference,llt,32,tensor,2,none,passed,,149447424,24,12,extension,experiments/l40s/results/loop-sweep/inference-llt-tensor-r032-t02-none.json,21.711872100830078,0.8450527191162109,21.734821995778475,11.628543853759766,0.8450527191162109,1.07421875,24.326976776123047,0.8450527191162109,24.348591003217734,11.88864008585612,0.8450527191162109,1.064453125,17.169408798217773,0.7520999908447266,17.193953004607465,1.0697387059529622,0.7520999908447266,0.916015625,0.250274658203125,13.5,182.859375,,,,,,
inference,llt,32,tensor,3,none,passed,,149447424,36,12,extension,experiments/l40s/results/loop-sweep/inference-llt-tensor-r032-t03-none.json,30.404544830322266,0.8450527191162109,30.42577199812513,17.141727447509766,0.8450527191162109,1.07421875,33.02604675292969,0.8450527191162109,33.04880799987586,17.394004821777344,0.8450527191162109,1.064453125,25.151487350463867,0.7520999908447266,25.175806993502192,1.5090346336364746,0.7520999908447266,0.916015625,0.250274658203125,13.5,182.859375,,,,,,
inference,llt,32,tensor,4,none,passed,,149447424,48,12,extension,experiments/l40s/results/loop-sweep/inference-llt-tensor-r032-t04-none.json,38.110206604003906,0.8450527191162109,38.13728199747857,22.805503845214844,0.8450527191162109,1.07421875,40.564735412597656,0.8450527191162109,40.585822993307374,23.05877431233724,0.8450527191162109,1.064453125,32.5294075012207,0.7520999908447266,32.55127000011271,1.9742719332377117,0.7520999908447266,0.916015625,0.250274658203125,13.5,182.859375,,,,,,
inference,llt,32,tensor,5,none,passed,,149447424,60,12,extension,experiments/l40s/results/loop-sweep/inference-llt-tensor-r032-t05-none.json,47.15827178955078,0.8450527191162109,47.179840999888256,28.258644104003906,0.8450527191162109,1.07421875,49.97340774536133,0.8450527191162109,49.99497000244446,28.57471974690755,0.8450527191162109,1.064453125,40.19609451293945,0.7520999908447266,40.21763100172393,2.3900160789489746,0.7520999908447266,0.916015625,0.250274658203125,13.5,182.859375,,,,,,
inference,llt,32,tensor,6,none,passed,,149447424,72,12,extension,experiments/l40s/results/loop-sweep/inference-llt-tensor-r032-t06-none.json,56.56883239746094,0.8450527191162109,56.59171099978266,33.88996378580729,0.8450527191162109,1.07421875,58.605567932128906,0.8450527191162109,58.632528998714406,34.12036387125651,0.8450527191162109,1.064453125,48.9791374206543,0.7520999908447266,49.00448599801166,2.8255573908487954,0.7520999908447266,0.916015625,0.250274658203125,13.5,182.859375,,,,,,
inference,llt,32,tensor,7,none,passed,,149447424,84,12,extension,experiments/l40s/results/loop-sweep/inference-llt-tensor-r032-t07-none.json,66.43405151367188,0.8450527191162109,66.45734400080983,39.55916849772135,0.8450527191162109,1.07421875,67.18566131591797,0.8450527191162109,67.2081619995879,39.76396687825521,0.8450527191162109,1.064453125,57.77814483642578,0.7520999908447266,57.801707996986806,3.2716798782348633,0.7520999908447266,0.916015625,0.250274658203125,13.5,182.859375,,,,,,
inference,llt,32,tensor,8,none,passed,,149447424,96,12,extension,experiments/l40s/results/loop-sweep/inference-llt-tensor-r032-t08-none.json,75.9214096069336,0.8450527191162109,75.94498899561586,46.297770182291664,0.8450527191162109,1.07421875,76.80716705322266,0.8450527191162109,76.82969699817477,46.12266540527344,0.8450527191162109,1.064453125,66.3736343383789,0.7520999908447266,66.39588600228308,3.722581227620443,0.7520999908447266,0.916015625,0.250274658203125,13.5,182.859375,,,,,,
inference,llt,32,tensor,9,none,passed,,149447424,108,12,extension,experiments/l40s/results/loop-sweep/inference-llt-tensor-r032-t09-none.json,82.92147064208984,0.8450527191162109,82.94331900106044,52.04205830891927,0.8450527191162109,1.07421875,85.77753448486328,0.8450527191162109,85.79992800514447,52.56908671061198,0.8450527191162109,1.064453125,73.18425750732422,0.7520999908447266,73.2064879994141,4.162218729654948,0.7520999908447266,0.916015625,0.250274658203125,13.5,182.859375,,,,,,
inference,llt,32,tensor,10,none,passed,,149447424,120,12,extension,experiments/l40s/results/loop-sweep/inference-llt-tensor-r032-t10-none.json,94.88690948486328,0.8450527191162109,94.91032900405116,56.01484680175781,0.8450527191162109,1.07421875,96.74752044677734,0.8450527191162109,96.77161400031764,55.9100596110026,0.8450527191162109,1.064453125,82.83340454101562,0.7520999908447266,82.85572299791966,4.589568138122559,0.7520999908447266,0.916015625,0.250274658203125,13.5,182.859375,,,,,,
inference,llt,32,tensor,11,none,passed,,149447424,132,12,extension,experiments/l40s/results/loop-sweep/inference-llt-tensor-r032-t11-none.json,99.54313659667969,0.8450527191162109,99.56623399921227,63.3531748453776,0.8450527191162109,1.07421875,102.21263885498047,0.8450527191162109,102.23492699878989,63.583231608072914,0.8450527191162109,1.064453125,88.24012756347656,0.7520999908447266,88.26286299881758,5.043541272481282,0.7520999908447266,0.916015625,0.250274658203125,13.5,182.859375,,,,,,
inference,llt,32,tensor,12,none,passed,,149447424,144,12,extension,experiments/l40s/results/loop-sweep/inference-llt-tensor-r032-t12-none.json,109.97657775878906,0.8450527191162109,109.99889999948209,66.93956502278645,0.8450527191162109,1.07421875,111.51667022705078,0.8450527191162109,111.54176499985624,67.23442077636719,0.8450527191162109,1.064453125,97.78482818603516,0.7520999908447266,97.807477999595,5.460992177327474,0.7520999908447266,0.916015625,0.250274658203125,13.5,182.859375,,,,,,
inference,llt,32,tensor,13,none,passed,,149447424,156,12,extension,experiments/l40s/results/loop-sweep/inference-llt-tensor-r032-t13-none.json,118.1951675415039,0.8450527191162109,118.21864300145535,72.79888916015625,0.8450527191162109,1.07421875,120.13260650634766,0.8450527191162109,120.15661699842894,73.04190063476562,0.8450527191162109,1.064453125,105.43411254882812,0.7520999908447266,105.46596799395047,5.900970458984375,0.7520999908447266,0.916015625,0.250274658203125,13.5,182.859375,,,,,,
inference,llt,32,tensor,14,none,passed,,149447424,168,12,extension,experiments/l40s/results/loop-sweep/inference-llt-tensor-r032-t14-none.json,127.93344116210938,0.8450527191162109,127.95569199806778,78.24179077148438,0.8450527191162109,1.07421875,130.5018310546875,0.8450527191162109,130.52528200205415,78.561279296875,0.8450527191162109,1.064453125,116.16665649414062,0.7520999908447266,116.19404599332483,6.341290791829427,0.7520999908447266,0.916015625,0.250274658203125,13.5,182.859375,,,,,,
inference,llt,32,tensor,15,none,passed,,149447424,180,12,extension,experiments/l40s/results/loop-sweep/inference-llt-tensor-r032-t15-none.json,136.0055694580078,0.8450527191162109,136.0283449976123,84.0287577311198,0.8450527191162109,1.07421875,138.2554931640625,0.8450527191162109,138.27787999616703,84.25335693359375,0.8450527191162109,1.064453125,123.47081756591797,0.7520999908447266,123.49620599707123,6.789802551269531,0.7520999908447266,0.916015625,0.250274658203125,13.5,182.859375,,,,,,
inference,llt,32,tensor,16,none,passed,,149447424,192,12,extension,experiments/l40s/results/loop-sweep/inference-llt-tensor-r032-t16-none.json,143.65696716308594,0.8450527191162109,143.68156300042756,89.32996622721355,0.8450527191162109,1.07421875,145.7664031982422,0.8450527191162109,145.79043300182093,89.58634440104167,0.8450527191162109,1.064453125,130.3203887939453,0.7520999908447266,130.34666800376726,7.218517303466797,0.7520999908447266,0.916015625,0.250274658203125,13.5,182.859375,,,,,,
inference,llt,32,torch,1,none,passed,,149447424,12,12,extension,experiments/l40s/results/loop-sweep/inference-llt-torch-r032-t01-none.json,7.480319976806641,0.8509120941162109,7.535452001320664,5.422069549560547,0.8588466644287109,1.08203125,8.699904441833496,0.8517665863037109,8.723311999347061,5.719722747802734,0.8597011566162109,1.095703125,4.8506879806518555,0.7588129043579102,4.87306800641818,0.91921067237854,0.7667474746704102,0.958984375,0.250244140625,13.5,181.734375,,,,,,
inference,llt,32,torch,2,none,passed,,149447424,24,12,extension,experiments/l40s/results/loop-sweep/inference-llt-torch-r032-t02-none.json,12.644255638122559,0.8509120941162109,12.669518000620883,10.330453236897787,0.8588466644287109,1.10546875,13.178879737854004,0.8517665863037109,13.204362003307324,10.635264078776041,0.8597011566162109,1.095703125,9.02246379852295,0.7588129043579102,9.05384799989406,1.6913065910339355,0.7667474746704102,0.958984375,0.250244140625,13.5,181.734375,,,,,,
inference,llt,32,torch,3,none,passed,,149447424,36,12,extension,experiments/l40s/results/loop-sweep/inference-llt-torch-r032-t03-none.json,17.656831741333008,0.8509120941162109,17.689150001388043,15.264085133870443,0.8588466644287109,1.10546875,18.141183853149414,0.8517665863037109,18.165251000027638,15.569578806559244,0.8597011566162109,1.095703125,12.642304420471191,0.7588129043579102,12.677872000494972,2.463007926940918,0.7667474746704102,0.958984375,0.250244140625,13.5,181.734375,,,,,,
inference,llt,32,torch,4,none,passed,,149447424,48,12,extension,experiments/l40s/results/loop-sweep/inference-llt-torch-r032-t04-none.json,23.06559944152832,0.8509120941162109,23.09229099773802,20.362581888834637,0.8588466644287109,1.10546875,23.631872177124023,0.8517665863037109,23.658295001951046,20.612096150716145,0.8597011566162109,1.095703125,17.65068817138672,0.7588129043579102,17.672586000117008,3.2361599604288735,0.7667474746704102,0.958984375,0.250244140625,13.5,181.734375,,,,,,
inference,llt,32,torch,5,none,passed,,149447424,60,12,extension,experiments/l40s/results/loop-sweep/inference-llt-torch-r032-t05-none.json,28.14771270751953,0.8509120941162109,28.174990002298728,25.35662841796875,0.8588466644287109,1.10546875,28.835840225219727,0.8517665863037109,28.861365994089283,25.64573923746745,0.8597011566162109,1.095703125,21.945344924926758,0.7588129043579102,21.967381006106734,4.013397216796875,0.7667474746704102,0.958984375,0.250244140625,13.5,181.734375,,,,,,
inference,llt,32,torch,6,none,passed,,149447424,72,12,extension,experiments/l40s/results/loop-sweep/inference-llt-torch-r032-t06-none.json,33.284095764160156,0.8509120941162109,33.329150995996315,30.2738774617513,0.8588466644287109,1.10546875,33.93843078613281,0.8517665863037109,33.96741600590758,30.538411458333332,0.8597011566162109,1.095703125,25.91436767578125,0.7588129043579102,25.935666002624203,4.779690742492676,0.7667474746704102,0.958984375,0.250244140625,13.5,181.734375,,,,,,
inference,llt,32,torch,7,none,passed,,149447424,84,12,extension,experiments/l40s/results/loop-sweep/inference-llt-torch-r032-t07-none.json,38.47980880737305,0.8509120941162109,38.504641997860745,35.38056437174479,0.8588466644287109,1.10546875,39.209983825683594,0.8517665863037109,39.23532000044361,35.68401082356771,0.8597011566162109,1.095703125,30.58278465270996,0.7588129043579102,30.604684005083982,5.561333338419597,0.7667474746704102,0.958984375,0.250244140625,13.5,181.734375,,,,,,
inference,llt,32,torch,8,none,passed,,149447424,96,12,extension,experiments/l40s/results/loop-sweep/inference-llt-torch-r032-t08-none.json,43.310081481933594,0.8509120941162109,43.35391199856531,39.870463053385414,0.8588466644287109,1.10546875,43.90707015991211,0.8517665863037109,43.93449000053806,40.141822814941406,0.8597011566162109,1.095703125,33.81657409667969,0.7588129043579102,33.83853699779138,6.321493148803711,0.7667474746704102,0.958984375,0.250244140625,13.5,181.734375,,,,,,
inference,llt,32,torch,9,none,passed,,149447424,108,12,extension,experiments/l40s/results/loop-sweep/inference-llt-torch-r032-t09-none.json,48.79155349731445,0.8509120941162109,48.821003998455126,45.18123881022135,0.8588466644287109,1.10546875,49.677310943603516,0.8517665863037109,49.705407000146806,45.40040588378906,0.8597011566162109,1.095703125,39.01337432861328,0.7588129043579102,39.03641399665503,7.090858459472656,0.7667474746704102,0.958984375,0.250244140625,13.5,181.734375,,,,,,
inference,llt,32,torch,10,none,passed,,149447424,120,12,extension,experiments/l40s/results/loop-sweep/inference-llt-torch-r032-t10-none.json,54.200321197509766,0.8509120941162109,54.22989599901484,50.225494384765625,0.8588466644287109,1.10546875,54.8771858215332,0.8517665863037109,54.91183300182456,50.5879872639974,0.8597011566162109,1.095703125,43.49235153198242,0.7588129043579102,43.513691998668946,7.869781494140625,0.7667474746704102,0.958984375,0.250244140625,13.5,181.734375,,,,,,
inference,llt,32,torch,11,none,passed,,149447424,132,12,extension,experiments/l40s/results/loop-sweep/inference-llt-torch-r032-t11-none.json,59.833343505859375,0.8509120941162109,59.865994000574574,54.988800048828125,0.8588466644287109,1.10546875,59.74630355834961,0.8517665863037109,59.774501001811586,55.31409200032552,0.8597011566162109,1.095703125,48.24883270263672,0.7588129043579102,48.27217199635925,8.634368260701498,0.7667474746704102,0.958984375,0.250244140625,13.5,181.734375,,,,,,
inference,llt,32,torch,12,none,passed,,149447424,144,12,extension,experiments/l40s/results/loop-sweep/inference-llt-torch-r032-t12-none.json,63.868961334228516,0.8509120941162109,63.89859000046272,59.726165771484375,0.8588466644287109,1.10546875,64.66150665283203,0.8517665863037109,64.69460499647539,59.99479675292969,0.8597011566162109,1.095703125,51.7652473449707,0.7588129043579102,51.78646200511139,9.406805038452148,0.7667474746704102,0.958984375,0.250244140625,13.5,181.734375,,,,,,
inference,llt,32,torch,13,none,passed,,149447424,156,12,extension,experiments/l40s/results/loop-sweep/inference-llt-torch-r032-t13-none.json,69.30729675292969,0.8509120941162109,69.33559200115269,64.82602437337239,0.8588466644287109,1.10546875,70.24435424804688,0.8517665863037109,70.27099600236397,65.15575663248698,0.8597011566162109,1.095703125,57.34281539916992,0.7588129043579102,57.363564999832306,10.179242451985678,0.7667474746704102,0.958984375,0.250244140625,13.5,181.734375,,,,,,
inference,llt,32,torch,14,none,passed,,149447424,168,12,extension,experiments/l40s/results/loop-sweep/inference-llt-torch-r032-t14-none.json,74.93241882324219,0.8509120941162109,74.9604550001095,70.17437744140625,0.8588466644287109,1.10546875,76.0792007446289,0.8517665863037109,76.1162329945364,70.58944193522136,0.8597011566162109,1.095703125,60.669952392578125,0.7588129043579102,60.69284800469177,10.971477508544922,0.7667474746704102,0.958984375,0.250244140625,13.5,181.734375,,,,,,
inference,llt,32,torch,15,none,passed,,149447424,180,12,extension,experiments/l40s/results/loop-sweep/inference-llt-torch-r032-t15-none.json,80.17814636230469,0.8509120941162109,80.20646599470638,75.28921508789062,0.8588466644287109,1.10546875,81.18476867675781,0.8517665863037109,81.21412099717418,75.63193766276042,0.8597011566162109,1.095703125,65.31065368652344,0.7588129043579102,65.3328109983704,11.731285095214844,0.7667474746704102,0.958984375,0.250244140625,13.5,181.734375,,,,,,
inference,llt,32,torch,16,none,passed,,149447424,192,12,extension,experiments/l40s/results/loop-sweep/inference-llt-torch-r032-t16-none.json,85.21318054199219,0.8509120941162109,85.24182299879612,80.29454040527344,0.8588466644287109,1.10546875,86.33036804199219,0.8517665863037109,86.35965800203849,80.65433756510417,0.8597011566162109,1.095703125,68.91417694091797,0.7588129043579102,68.93588199454825,12.519424438476562,0.7667474746704102,0.958984375,0.250244140625,13.5,181.734375,,,,,,
inference,llt,64,tensor,1,none,passed,,150061824,12,12,original,experiments/l40s/results/loop-baseline/inference-llt-tensor-t01.json,12.6310396194458,0.8825407028198242,12.65359000171884,6.8573869069417315,0.8683834075927734,1.107421875,15.3057279586792,0.8825407028198242,15.326666998589644,7.15229860941569,0.8683834075927734,1.119140625,9.127936363220215,0.7837343215942383,9.148608001851244,0.6782293319702148,0.7837343215942383,0.955078125,0.500518798828125,27.0,184.03125,,,,,,
inference,llt,64,tensor,2,none,passed,,150061824,24,12,original,experiments/l40s/results/loop-baseline/inference-llt-tensor-t02.json,20.814847946166992,0.8825407028198242,20.840176999627147,13.104426066080729,0.8683834075927734,1.107421875,23.723007202148438,0.8825407028198242,23.746234001009725,13.411328633626303,0.8683834075927734,1.119140625,16.728063583374023,0.7837343215942383,16.74882100269315,1.18340269724528,0.7837343215942383,0.955078125,0.500518798828125,27.0,184.03125,,,,,,
inference,llt,64,tensor,3,none,passed,,150061824,36,12,original,experiments/l40s/results/loop-baseline/inference-llt-tensor-t03.json,30.072832107543945,0.8825407028198242,30.09398699941812,19.391146341959637,0.8683834075927734,1.107421875,33.38240051269531,0.8825407028198242,33.40503599974909,19.690155029296875,0.8683834075927734,1.119140625,25.848831176757812,0.7837343215942383,25.870905999909155,1.6878399848937988,0.7837343215942383,0.955078125,0.500518798828125,27.0,184.03125,,,,,,
inference,llt,64,tensor,4,none,passed,,150061824,48,12,original,experiments/l40s/results/loop-baseline/inference-llt-tensor-t04.json,39.43833541870117,0.8825407028198242,39.459785002691206,25.653589884440105,0.8683834075927734,1.107421875,42.866783142089844,0.8825407028198242,42.900394000753295,25.9617919921875,0.8683834075927734,1.119140625,33.525726318359375,0.7837343215942383,33.54601799946977,2.1910187403361,0.7837343215942383,0.955078125,0.500518798828125,27.0,184.03125,,,,,,
inference,llt,64,tensor,5,none,passed,,150061824,60,12,original,experiments/l40s/results/loop-baseline/inference-llt-tensor-t05.json,47.303680419921875,0.8825407028198242,47.325255000032485,31.940266927083332,0.8683834075927734,1.107421875,51.137535095214844,0.8825407028198242,51.16091599848005,32.216715494791664,0.8683834075927734,1.119140625,41.50681686401367,0.7837343215942383,41.533379997417796,2.6968746185302734,0.7837343215942383,0.955078125,0.500518798828125,27.0,184.03125,,,,,,
inference,llt,64,tensor,6,none,passed,,150061824,72,12,original,experiments/l40s/results/loop-baseline/inference-llt-tensor-t06.json,55.744384765625,0.8825407028198242,55.765925000741845,38.23616027832031,0.8683834075927734,1.107421875,58.95475387573242,0.8825407028198242,58.97709900091286,38.528340657552086,0.8683834075927734,1.119140625,48.330753326416016,0.7837343215942383,48.35222800102201,3.2000001271565757,0.7837343215942383,0.955078125,0.500518798828125,27.0,184.03125,,,,,,
inference,llt,64,tensor,7,none,passed,,150061824,84,12,original,experiments/l40s/results/loop-baseline/inference-llt-tensor-t07.json,65.27385711669922,0.8825407028198242,65.29961100022774,44.490071614583336,0.8683834075927734,1.107421875,69.5869140625,0.8825407028198242,69.60912200156599,44.81672668457031,0.8683834075927734,1.119140625,57.73926544189453,0.7837343215942383,57.760701994993724,3.7044906616210938,0.7837343215942383,0.955078125,0.500518798828125,27.0,184.03125,,,,,,
inference,llt,64,tensor,8,none,passed,,150061824,96,12,original,experiments/l40s/results/loop-baseline/inference-llt-tensor-t08.json,75.11039733886719,0.8825407028198242,75.15422599681187,50.6999257405599,0.8683834075927734,1.107421875,77.80044555664062,0.8825407028198242,77.82151799619896,51.05151875813802,0.8683834075927734,1.119140625,65.3803482055664,0.7837343215942383,65.40390299778664,4.208298683166504,0.7837343215942383,0.955078125,0.500518798828125,27.0,184.03125,,,,,,
inference,llt,64,tensor,9,none,passed,,150061824,108,12,original,experiments/l40s/results/loop-baseline/inference-llt-tensor-t09.json,83.71302032470703,0.8825407028198242,83.73661699442891,57.04772440592448,0.8683834075927734,1.107421875,87.57965087890625,0.8825407028198242,87.60234600049444,57.34809366861979,0.8683834075927734,1.119140625,74.58918762207031,0.7837343215942383,74.61174800118897,4.71449597676595,0.7837343215942383,0.955078125,0.500518798828125,27.0,184.03125,,,,,,
inference,llt,64,tensor,10,none,passed,,150061824,120,12,original,experiments/l40s/results/loop-baseline/inference-llt-tensor-t10.json,92.28697967529297,0.8825407028198242,92.30899200338172,63.71430460611979,0.8683834075927734,1.107421875,96.0810546875,0.8825407028198242,96.10263600188773,64.02760314941406,0.8683834075927734,1.119140625,83.37100982666016,0.7837343215942383,83.39305799745489,5.225130716959636,0.7837343215942383,0.955078125,0.500518798828125,27.0,184.03125,,,,,,
inference,llt,64,tensor,11,none,passed,,150061824,132,12,original,experiments/l40s/results/loop-baseline/inference-llt-tensor-t11.json,101.0031967163086,0.8825407028198242,101.03445400454802,71.82916259765625,0.8683834075927734,1.107421875,104.78399658203125,0.8825407028198242,104.81432999949902,72.33770751953125,0.8683834075927734,1.119140625,91.09606170654297,0.7837343215942383,91.11809600290144,5.747029622395833,0.7837343215942383,0.955078125,0.500518798828125,27.0,184.03125,,,,,,
inference,llt,64,tensor,12,none,passed,,150061824,144,12,original,experiments/l40s/results/loop-baseline/inference-llt-tensor-t12.json,108.92070770263672,0.8825407028198242,108.94412299967371,78.09058125813802,0.8683834075927734,1.107421875,110.24486541748047,0.8825407028198242,110.2682319979067,78.30050150553386,0.8683834075927734,1.119140625,98.2446060180664,0.7837343215942383,98.26711400091881,6.2361602783203125,0.7837343215942383,0.955078125,0.500518798828125,27.0,184.03125,,,,,,
inference,llt,64,tensor,13,none,passed,,150061824,156,12,original,experiments/l40s/results/loop-baseline/inference-llt-tensor-t13.json,117.83679962158203,0.8825407028198242,117.85923300340073,85.0674336751302,0.8683834075927734,1.107421875,120.03228759765625,0.8825407028198242,120.05693699757103,85.56031290690105,0.8683834075927734,1.119140625,108.70579528808594,0.7837343215942383,108.74683899601223,6.75703493754069,0.7837343215942383,0.955078125,0.500518798828125,27.0,184.03125,,,,,,
inference,llt,64,tensor,14,none,passed,,150061824,168,12,original,experiments/l40s/results/loop-baseline/inference-llt-tensor-t14.json,125.11846160888672,0.8825407028198242,125.14056199870538,92.62318929036458,0.8683834075927734,1.107421875,128.82432556152344,0.8825407028198242,128.85103200096637,92.45968627929688,0.8683834075927734,1.119140625,112.80989074707031,0.7837343215942383,112.83193400595337,7.264597574869792,0.7837343215942383,0.955078125,0.500518798828125,27.0,184.03125,,,,,,
inference,llt,64,tensor,15,none,passed,,150061824,180,12,original,experiments/l40s/results/loop-baseline/inference-llt-tensor-t15.json,136.65895080566406,0.8825407028198242,136.68175299972063,96.29286702473958,0.8683834075927734,1.107421875,139.29779052734375,0.8825407028198242,139.3210509995697,96.65774536132812,0.8683834075927734,1.119140625,122.33113861083984,0.7837343215942383,122.35463799879653,7.757792154947917,0.7837343215942383,0.955078125,0.500518798828125,27.0,184.03125,,,,,,
inference,llt,64,tensor,16,none,passed,,150061824,192,12,original,experiments/l40s/results/loop-baseline/inference-llt-tensor-t16.json,146.4954833984375,0.8825407028198242,146.51950300321914,101.79990641276042,0.8683834075927734,1.107421875,148.82406616210938,0.8825407028198242,148.84701000119094,102.04672241210938,0.8683834075927734,1.119140625,131.3423309326172,0.7837343215942383,131.3715130017954,8.255488077799479,0.7837343215942383,0.955078125,0.500518798828125,27.0,184.03125,,,,,,
inference,llt,64,torch,1,none,passed,,150061824,12,12,original,experiments/l40s/results/loop-baseline/inference-llt-torch-t01.json,8.1909761428833,0.8874235153198242,8.214442001190037,6.14361572265625,0.8819332122802734,1.126953125,8.668160438537598,0.8880338668823242,8.692153998708818,6.4945494333903,0.8825435638427734,1.13671875,4.773888111114502,0.7892265319824219,4.794117998244474,1.001792033513387,0.7971611022949219,0.97265625,0.50048828125,27.0,181.78125,,,,,,
inference,llt,64,torch,2,none,passed,,150061824,24,12,original,experiments/l40s/results/loop-baseline/inference-llt-torch-t02.json,13.96940803527832,0.8874235153198242,14.007096000568708,11.785898844401041,0.8819332122802734,1.150390625,14.321663856506348,0.8880338668823242,14.344925999466795,12.12072499593099,0.8825435638427734,1.13671875,9.02451229095459,0.7892265319824219,9.04544100194471,1.8565120697021484,0.7971611022949219,0.97265625,0.50048828125,27.0,181.78125,,,,,,
inference,llt,64,torch,3,none,passed,,150061824,36,12,original,experiments/l40s/results/loop-baseline/inference-llt-torch-t03.json,19.85638427734375,0.8874235153198242,19.882544002030045,17.438378651936848,0.8819332122802734,1.150390625,20.145151138305664,0.8880338668823242,20.18069999758154,17.775615692138672,0.8825435638427734,1.13671875,12.80835247039795,0.7892265319824219,12.832545999117428,2.7125654220581055,0.7971611022949219,0.97265625,0.50048828125,27.0,181.78125,,,,,,
inference,llt,64,torch,4,none,passed,,150061824,48,12,original,experiments/l40s/results/loop-baseline/inference-llt-torch-t04.json,25.825279235839844,0.8874235153198242,25.851481001154752,23.10553487141927,0.8819332122802734,1.150390625,26.12531280517578,0.8880338668823242,26.153075999900466,23.40044911702474,0.8825435638427734,1.13671875,17.266687393188477,0.7892265319824219,17.28823100347654,3.5669333140055337,0.7971611022949219,0.97265625,0.50048828125,27.0,181.78125,,,,,,
inference,llt,64,torch,5,none,passed,,150061824,60,12,original,experiments/l40s/results/loop-baseline/inference-llt-torch-t05.json,31.547391891479492,0.8874235153198242,31.57331699912902,28.719444274902344,0.8819332122802734,1.150390625,31.894527435302734,0.8880338668823242,31.925684997986536,29.091158548990887,0.8825435638427734,1.13671875,21.373952865600586,0.7892265319824219,21.395908999693347,4.418560028076172,0.7971611022949219,0.97265625,0.50048828125,27.0,181.78125,,,,,,
inference,llt,64,torch,6,none,passed,,150061824,72,12,original,experiments/l40s/results/loop-baseline/inference-llt-torch-t06.json,37.39238357543945,0.8874235153198242,37.42038799828151,34.400596618652344,0.8819332122802734,1.150390625,37.74156951904297,0.8880338668823242,37.77889699995285,34.73100789388021,0.8825435638427734,1.13671875,25.73619270324707,0.7892265319824219,25.757354000234045,5.273941357930501,0.7971611022949219,0.97265625,0.50048828125,27.0,181.78125,,,,,,
inference,llt,64,torch,7,none,passed,,150061824,84,12,original,experiments/l40s/results/loop-baseline/inference-llt-torch-t07.json,43.2723503112793,0.8874235153198242,43.30002600181615,40.11929575602213,0.8819332122802734,1.150390625,43.62956619262695,0.8880338668823242,43.65665499790339,40.41967010498047,0.8825435638427734,1.13671875,29.94278335571289,0.7892265319824219,29.964617002406158,6.1265920003255205,0.7971611022949219,0.97265625,0.50048828125,27.0,181.78125,,,,,,
inference,llt,64,torch,8,none,passed,,150061824,96,12,original,experiments/l40s/results/loop-baseline/inference-llt-torch-t08.json,49.18678283691406,0.8874235153198242,49.21714800002519,45.67889912923177,0.8819332122802734,1.150390625,49.503231048583984,0.8880338668823242,49.53364600078203,46.09636433919271,0.8825435638427734,1.13671875,33.38947296142578,0.7892265319824219,33.410602001822554,6.981632232666016,0.7971611022949219,0.97265625,0.50048828125,27.0,181.78125,,,,,,
inference,llt,64,torch,9,none,passed,,150061824,108,12,original,experiments/l40s/results/loop-baseline/inference-llt-torch-t09.json,55.07072067260742,0.8874235153198242,55.09678099770099,51.46930948893229,0.8819332122802734,1.150390625,55.356414794921875,0.8880338668823242,55.38697400334058,51.67684427897135,0.8825435638427734,1.13671875,37.7468147277832,0.7892265319824219,37.76788899995154,7.836330413818359,0.7971611022949219,0.97265625,0.50048828125,27.0,181.78125,,,,,,
inference,llt,64,torch,10,none,passed,,150061824,120,12,original,experiments/l40s/results/loop-baseline/inference-llt-torch-t10.json,61.84751892089844,0.8874235153198242,61.8931729986798,58.064554850260414,0.8819332122802734,1.150390625,62.18854522705078,0.8880338668823242,62.21893399924738,58.47859191894531,0.8825435638427734,1.13671875,44.431358337402344,0.7892265319824219,44.45359700184781,8.699904123942057,0.7971611022949219,0.97265625,0.50048828125,27.0,181.78125,,,,,,
inference,llt,64,torch,11,none,passed,,150061824,132,12,original,experiments/l40s/results/loop-baseline/inference-llt-torch-t11.json,68.59161376953125,0.8874235153198242,68.61669500358403,64.72294616699219,0.8819332122802734,1.150390625,69.0851821899414,0.8880338668823242,69.11338699865155,65.18715922037761,0.8825435638427734,1.13671875,45.630462646484375,0.7892265319824219,45.65163899678737,9.575765609741211,0.7971611022949219,0.97265625,0.50048828125,27.0,181.78125,,,,,,
inference,llt,64,torch,12,none,passed,,150061824,144,12,original,experiments/l40s/results/loop-baseline/inference-llt-torch-t12.json,73.43206024169922,0.8874235153198242,73.46120299916947,69.2282002766927,0.8819332122802734,1.150390625,73.4576644897461,0.8880338668823242,73.49076200625859,69.35341898600261,0.8825435638427734,1.13671875,50.83340835571289,0.7892265319824219,50.855426998168696,10.41100819905599,0.7971611022949219,0.97265625,0.50048828125,27.0,181.78125,,,,,,
inference,llt,64,torch,13,none,passed,,150061824,156,12,original,experiments/l40s/results/loop-baseline/inference-llt-torch-t13.json,79.20425415039062,0.8874235153198242,79.23359100095695,74.85303243001302,0.8819332122802734,1.150390625,79.39788818359375,0.8880338668823242,79.42972500313772,75.28550211588542,0.8825435638427734,1.13671875,54.64780807495117,0.7892265319824219,54.668666001816746,11.264277140299479,0.7971611022949219,0.97265625,0.50048828125,27.0,181.78125,,,,,,
inference,llt,64,torch,14,none,passed,,150061824,168,12,original,experiments/l40s/results/loop-baseline/inference-llt-torch-t14.json,85.07801818847656,0.8874235153198242,85.11041100427974,80.44031778971355,0.8819332122802734,1.150390625,85.08911895751953,0.8880338668823242,85.119269999268,80.55227661132812,0.8825435638427734,1.13671875,59.4257926940918,0.7892265319824219,59.44964499940397,12.118016560872396,0.7971611022949219,0.97265625,0.50048828125,27.0,181.78125,,,,,,
inference,llt,64,torch,15,none,passed,,150061824,180,12,original,experiments/l40s/results/loop-baseline/inference-llt-torch-t15.json,91.15135955810547,0.8874235153198242,91.18446300271899,86.21328735351562,0.8819332122802734,1.150390625,91.26697540283203,0.8880338668823242,91.30239200021606,86.63448079427083,0.8825435638427734,1.13671875,64.88371276855469,0.7892265319824219,64.90870400011772,12.971349080403646,0.7971611022949219,0.97265625,0.50048828125,27.0,181.78125,,,,,,
inference,llt,64,torch,16,none,passed,,150061824,192,12,original,experiments/l40s/results/loop-baseline/inference-llt-torch-t16.json,97.65990447998047,0.8874235153198242,97.71604799607303,92.73753865559895,0.8819332122802734,1.150390625,98.06028747558594,0.8880338668823242,98.08997700019972,93.08296712239583,0.8825435638427734,1.13671875,68.80867004394531,0.7892265319824219,68.83002500399016,13.831509908040365,0.7971611022949219,0.97265625,0.50048828125,27.0,181.78125,,,,,,
inference,llt,128,tensor,1,none,passed,,151290624,12,12,extension,experiments/l40s/results/loop-sweep/inference-llt-tensor-r128-t01-none.json,12.571840286254883,0.9158992767333984,12.595624997629784,8.841557184855143,0.9127254486083984,1.251953125,15.636480331420898,0.9158992767333984,15.657948002626654,9.21395174662272,0.9127254486083984,1.259765625,8.966239929199219,0.8059897422790527,8.991383001557551,0.7809600035349528,0.8059897422790527,1.029296875,1.001007080078125,54.0,186.375,,,,,,
inference,llt,128,tensor,2,none,passed,,151290624,24,12,extension,experiments/l40s/results/loop-sweep/inference-llt-tensor-r128-t02-none.json,21.914623260498047,0.9158992767333984,21.935419994406402,17.007274627685547,0.9127254486083984,1.251953125,24.261632919311523,0.9158992767333984,24.283669001306407,17.376597086588543,0.9127254486083984,1.259765625,17.191936492919922,0.8059897422790527,17.21413199993549,1.3871787389119465,0.8059897422790527,1.029296875,1.001007080078125,54.0,186.375,,,,,,
inference,llt,128,tensor,3,none,passed,,151290624,36,12,extension,experiments/l40s/results/loop-sweep/inference-llt-tensor-r128-t03-none.json,30.4322566986084,0.9158992767333984,30.45993099658517,25.23613993326823,0.9127254486083984,1.251953125,33.40902328491211,0.9158992767333984,33.4332650018041,25.526954650878906,0.9127254486083984,1.259765625,25.091167449951172,0.8059897422790527,25.113517003774177,1.9937280019124348,0.8059897422790527,1.029296875,1.001007080078125,54.0,186.375,,,,,,
inference,llt,128,tensor,4,none,passed,,151290624,48,12,extension,experiments/l40s/results/loop-sweep/inference-llt-tensor-r128-t04-none.json,39.588863372802734,0.9158992767333984,39.61027699551778,33.635668436686196,0.9127254486083984,1.251953125,42.35171127319336,0.9158992767333984,42.374887998448685,34.086570739746094,0.9127254486083984,1.259765625,33.123329162597656,0.8059897422790527,33.14603200124111,2.611541271209717,0.8059897422790527,1.029296875,1.001007080078125,54.0,186.375,,,,,,
inference,llt,128,tensor,5,none,passed,,151290624,60,12,extension,experiments/l40s/results/loop-sweep/inference-llt-tensor-r128-t05-none.json,47.508480072021484,0.9158992767333984,47.5315479998244,42.80999247233073,0.9127254486083984,1.251953125,50.285728454589844,0.9158992767333984,50.30973999964772,43.383809407552086,0.9127254486083984,1.259765625,41.0777587890625,0.8059897422790527,41.09919499751413,3.2174078623453775,0.8059897422790527,1.029296875,1.001007080078125,54.0,186.375,,,,,,
inference,llt,128,tensor,6,none,passed,,151290624,72,12,extension,experiments/l40s/results/loop-sweep/inference-llt-tensor-r128-t06-none.json,59.19539260864258,0.9158992767333984,59.21645499620354,49.326080322265625,0.9127254486083984,1.251953125,62.15372848510742,0.9158992767333984,62.17648199526593,49.74182637532552,0.9127254486083984,1.259765625,52.375553131103516,0.8059897422790527,52.39920599706238,3.8068908055623374,0.8059897422790527,1.029296875,1.001007080078125,54.0,186.375,,,,,,
inference,llt,128,tensor,7,none,passed,,151290624,84,12,extension,experiments/l40s/results/loop-sweep/inference-llt-tensor-r128-t07-none.json,66.05705261230469,0.9158992767333984,66.08192600106122,58.36595153808594,0.9127254486083984,1.251953125,68.93567657470703,0.9158992767333984,68.95875299960608,59.24386088053385,0.9127254486083984,1.259765625,57.99833679199219,0.8059897422790527,58.020958000270184,4.431189219156901,0.8059897422790527,1.029296875,1.001007080078125,54.0,186.375,,,,,,
inference,llt,128,tensor,8,none,passed,,151290624,96,12,extension,experiments/l40s/results/loop-sweep/inference-llt-tensor-r128-t08-none.json,74.0311050415039,0.9158992767333984,74.05379499687115,65.52098083496094,0.9127254486083984,1.251953125,76.77948760986328,0.9158992767333984,76.80221200280357,65.91249084472656,0.9127254486083984,1.259765625,65.7418212890625,0.8059897422790527,65.7632910006214,5.01686414082845,0.8059897422790527,1.029296875,1.001007080078125,54.0,186.375,,,,,,
inference,llt,128,tensor,9,none,passed,,151290624,108,12,extension,experiments/l40s/results/loop-sweep/inference-llt-tensor-r128-t09-none.json,84.64173126220703,0.9158992767333984,84.66288400086341,75.37766520182292,0.9127254486083984,1.251953125,87.72303771972656,0.9158992767333984,87.7465560042765,75.8814697265625,0.9127254486083984,1.259765625,72.54528045654297,0.8059897422790527,72.56719400174916,5.629610697428386,0.8059897422790527,1.029296875,1.001007080078125,54.0,186.375,,,,,,
inference,llt,128,tensor,10,none,passed,,151290624,120,12,extension,experiments/l40s/results/loop-sweep/inference-llt-tensor-r128-t10-none.json,94.56537628173828,0.9158992767333984,94.58759800327243,83.3631591796875,0.9127254486083984,1.251953125,94.64524841308594,0.9158992767333984,94.67355199740268,83.32049051920573,0.9127254486083984,1.259765625,85.05651092529297,0.8059897422790527,85.0810729971272,6.228298823038737,0.8059897422790527,1.029296875,1.001007080078125,54.0,186.375,,,,,,
inference,llt,128,tensor,11,none,passed,,151290624,132,12,extension,experiments/l40s/results/loop-sweep/inference-llt-tensor-r128-t11-none.json,101.84915161132812,0.9158992767333984,101.87148100521881,89.8136698404948,0.9127254486083984,1.251953125,105.37983703613281,0.9158992767333984,105.40535200561862,90.22020467122395,0.9127254486083984,1.259765625,90.59737396240234,0.8059897422790527,90.62084600009257,6.832469304402669,0.8059897422790527,1.029296875,1.001007080078125,54.0,186.375,,,,,,
inference,llt,128,tensor,12,none,passed,,151290624,144,12,extension,experiments/l40s/results/loop-sweep/inference-llt-tensor-r128-t12-none.json,109.66118621826172,0.9158992767333984,109.68215000320924,98.8214619954427,0.9127254486083984,1.251953125,112.2551040649414,0.9158992767333984,112.2800300072413,99.59458414713542,0.9127254486083984,1.259765625,97.47968292236328,0.8059897422790527,97.50344100029906,7.436970392862956,0.8059897422790527,1.029296875,1.001007080078125,54.0,186.375,,,,,,
inference,llt,128,tensor,13,none,passed,,151290624,156,12,extension,experiments/l40s/results/loop-sweep/inference-llt-tensor-r128-t13-none.json,117.9320297241211,0.9158992767333984,117.95489500218537,107.81627400716145,0.9127254486083984,1.251953125,122.92092895507812,0.9158992767333984,122.94519200077048,108.35524495442708,0.9127254486083984,1.259765625,105.7996826171875,0.8059897422790527,105.82296999928076,8.043488184611002,0.8059897422790527,1.029296875,1.001007080078125,54.0,186.375,,,,,,
inference,llt,128,tensor,14,none,passed,,151290624,168,12,extension,experiments/l40s/results/loop-sweep/inference-llt-tensor-r128-t14-none.json,128.8079376220703,0.9158992767333984,128.83076800062554,118.50376383463542,0.9127254486083984,1.251953125,130.7545623779297,0.9158992767333984,130.77863099897513,120.04693603515625,0.9127254486083984,1.259765625,115.69766235351562,0.8059897422790527,115.7256239966955,8.686208089192709,0.8059897422790527,1.029296875,1.001007080078125,54.0,186.375,,,,,,
inference,llt,128,tensor,15,none,passed,,151290624,180,12,extension,experiments/l40s/results/loop-sweep/inference-llt-tensor-r128-t15-none.json,136.33331298828125,0.9158992767333984,136.35863400122616,123.687255859375,0.9127254486083984,1.251953125,140.9423370361328,0.9158992767333984,140.9722639946267,124.43102010091145,0.9127254486083984,1.259765625,122.4079360961914,0.8059897422790527,122.43092699645786,9.25491205851237,0.8059897422790527,1.029296875,1.001007080078125,54.0,186.375,,,,,,
inference,llt,128,tensor,16,none,passed,,151290624,192,12,extension,experiments/l40s/results/loop-sweep/inference-llt-tensor-r128-t16-none.json,144.62156677246094,0.9158992767333984,144.64563399815233,130.18998209635416,0.9127254486083984,1.251953125,147.5880889892578,0.9158992767333984,147.611249005422,130.69135538736978,0.9127254486083984,1.259765625,128.5498809814453,0.8059897422790527,128.5728820002987,9.85702387491862,0.8059897422790527,1.029296875,1.001007080078125,54.0,186.375,,,,,,
inference,llt,128,torch,1,none,passed,,151290624,12,12,extension,experiments/l40s/results/loop-sweep/inference-llt-torch-r128-t01-none.json,9.591808319091797,0.9244441986083984,9.625539998523891,7.685120264689128,0.9251766204833984,1.27734375,10.136575698852539,0.9244441986083984,10.16380399960326,8.046197255452475,0.9257869720458984,1.26953125,4.887551784515381,0.8141703605651855,4.910307005047798,1.0796373685201008,0.8221049308776855,1.04296875,1.0009765625,54.0,181.875,,,,,,
inference,llt,128,torch,2,none,passed,,151290624,24,12,extension,experiments/l40s/results/loop-sweep/inference-llt-torch-r128-t02-none.json,16.998239517211914,0.9244441986083984,17.041309001797345,14.870527903238932,0.9251766204833984,1.27734375,17.45408058166504,0.9244441986083984,17.480967995652463,15.213909149169922,0.9257869720458984,1.26953125,9.222047805786133,0.8141703605651855,9.246626003005076,2.015519936879476,0.8221049308776855,1.04296875,1.0009765625,54.0,181.875,,,,,,
inference,llt,128,torch,3,none,passed,,151290624,36,12,extension,experiments/l40s/results/loop-sweep/inference-llt-torch-r128-t03-none.json,24.302560806274414,0.9244441986083984,24.331505002919585,21.956265767415363,0.9251766204833984,1.27734375,24.768512725830078,0.9244441986083984,24.796546997094993,22.34265645345052,0.9257869720458984,1.26953125,13.310976028442383,0.8141703605651855,13.333795999642462,2.9569174448649087,0.8221049308776855,1.04296875,1.0009765625,54.0,181.875,,,,,,
inference,llt,128,torch,4,none,passed,,151290624,48,12,extension,experiments/l40s/results/loop-sweep/inference-llt-torch-r128-t04-none.json,31.765567779541016,0.9244441986083984,31.79408500000136,29.10376485188802,0.9251766204833984,1.27734375,32.19456100463867,0.9244441986083984,32.22426399588585,29.49529520670573,0.9257869720458984,1.26953125,17.944576263427734,0.8141703605651855,17.986437000217848,3.8823254903157554,0.8221049308776855,1.04296875,1.0009765625,54.0,181.875,,,,,,
inference,llt,128,torch,5,none,passed,,151290624,60,12,extension,experiments/l40s/results/loop-sweep/inference-llt-torch-r128-t05-none.json,39.13011169433594,0.9244441986083984,39.160403997811954,36.15470886230469,0.9251766204833984,1.27734375,39.54995346069336,0.9244441986083984,39.580465003382415,36.50764719645182,0.9257869720458984,1.26953125,22.394912719726562,0.8141703605651855,22.41643900197232,4.811050732930501,0.8221049308776855,1.04296875,1.0009765625,54.0,181.875,,,,,,
inference,llt,128,torch,6,none,passed,,151290624,72,12,extension,experiments/l40s/results/loop-sweep/inference-llt-torch-r128-t06-none.json,46.018558502197266,0.9244441986083984,46.050092998484615,43.02197265625,0.9251766204833984,1.27734375,46.58073425292969,0.9244441986083984,46.622647998447064,43.43671671549479,0.9257869720458984,1.26953125,26.978239059448242,0.8141703605651855,27.00037899921881,5.750741322835286,0.8221049308776855,1.04296875,1.0009765625,54.0,181.875,,,,,,
inference,llt,128,torch,7,none,passed,,151290624,84,12,extension,experiments/l40s/results/loop-sweep/inference-llt-torch-r128-t07-none.json,53.59513473510742,0.9244441986083984,53.62461400363827,50.44599405924479,0.9251766204833984,1.27734375,54.21977615356445,0.9244441986083984,54.25182799808681,50.908477783203125,0.9257869720458984,1.26953125,30.857215881347656,0.8141703605651855,30.878133002261166,6.708202362060547,0.8221049308776855,1.04296875,1.0009765625,54.0,181.875,,,,,,
inference,llt,128,torch,8,none,passed,,151290624,96,12,extension,experiments/l40s/results/loop-sweep/inference-llt-torch-r128-t08-none.json,61.54547119140625,0.9244441986083984,61.579243003507145,58.101420084635414,0.9251766204833984,1.27734375,62.24998474121094,0.9244441986083984,62.28288100101054,58.826070149739586,0.9257869720458984,1.26953125,34.45452880859375,0.8141703605651855,34.477942004741635,7.646517435709636,0.8221049308776855,1.04296875,1.0009765625,54.0,181.875,,,,,,
inference,llt,128,torch,9,none,passed,,151290624,108,12,extension,experiments/l40s/results/loop-sweep/inference-llt-torch-r128-t09-none.json,68.41139221191406,0.9244441986083984,68.46029300504597,64.7369384765625,0.9251766204833984,1.27734375,69.01248168945312,0.9244441986083984,69.05330700101331,65.24279276529948,0.9257869720458984,1.26953125,39.49260711669922,0.8141703605651855,39.51382100058254,8.557546615600586,0.8221049308776855,1.04296875,1.0009765625,54.0,181.875,,,,,,
inference,llt,128,torch,10,none,passed,,151290624,120,12,extension,experiments/l40s/results/loop-sweep/inference-llt-torch-r128-t10-none.json,75.61113739013672,0.9244441986083984,75.64138599991566,71.75475056966145,0.9251766204833984,1.27734375,76.16815948486328,0.9244441986083984,76.19639799668221,72.12441507975261,0.9257869720458984,1.26953125,43.868160247802734,0.8141703605651855,43.88894599833293,9.490037282307943,0.8221049308776855,1.04296875,1.0009765625,54.0,181.875,,,,,,
inference,llt,128,torch,11,none,passed,,151290624,132,12,extension,experiments/l40s/results/loop-sweep/inference-llt-torch-r128-t11-none.json,82.66751861572266,0.9244441986083984,82.7102469993406,78.5988057454427,0.9251766204833984,1.27734375,83.27884674072266,0.9244441986083984,83.3102010001312,79.01864624023438,0.9257869720458984,1.26953125,47.63238525390625,0.8141703605651855,47.65523099922575,10.417834599812826,0.8221049308776855,1.04296875,1.0009765625,54.0,181.875,,,,,,
inference,llt,128,torch,12,none,passed,,151290624,144,12,extension,experiments/l40s/results/loop-sweep/inference-llt-torch-r128-t12-none.json,89.98604583740234,0.9244441986083984,90.01912699750392,85.68251546223958,0.9251766204833984,1.27734375,90.73664093017578,0.9244441986083984,90.7699169983971,86.12008666992188,0.9257869720458984,1.26953125,53.134334564208984,0.8141703605651855,53.17363799986197,11.35138193766276,0.8221049308776855,1.04296875,1.0009765625,54.0,181.875,,,,,,
inference,llt,128,torch,13,none,passed,,151290624,156,12,extension,experiments/l40s/results/loop-sweep/inference-llt-torch-r128-t13-none.json,97.39469146728516,0.9244441986083984,97.42448999895714,92.8153584798177,0.9251766204833984,1.27734375,98.08589172363281,0.9244441986083984,98.11782500037225,93.25841267903645,0.9257869720458984,1.26953125,55.84998321533203,0.8141703605651855,55.870835996756796,12.284927368164062,0.8221049308776855,1.04296875,1.0009765625,54.0,181.875,,,,,,
inference,llt,128,torch,14,none,passed,,151290624,168,12,extension,experiments/l40s/results/loop-sweep/inference-llt-torch-r128-t14-none.json,105.73926544189453,0.9244441986083984,105.77137599466369,101.07185872395833,0.9251766204833984,1.27734375,106.50214385986328,0.9244441986083984,106.5321860005497,101.62445068359375,0.9257869720458984,1.26953125,59.820030212402344,0.8141703605651855,59.84372500097379,13.229056040445963,0.8221049308776855,1.04296875,1.0009765625,54.0,181.875,,,,,,
inference,llt,128,torch,15,none,passed,,151290624,180,12,extension,experiments/l40s/results/loop-sweep/inference-llt-torch-r128-t15-none.json,111.89453125,0.9244441986083984,111.92558000038844,107.1605733235677,0.9251766204833984,1.27734375,112.827392578125,0.9244441986083984,112.86266300157877,107.59645589192708,0.9257869720458984,1.26953125,65.67219543457031,0.8141703605651855,65.6942790010362,14.153002421061197,0.8221049308776855,1.04296875,1.0009765625,54.0,181.875,,,,,,
inference,llt,128,torch,16,none,passed,,151290624,192,12,extension,experiments/l40s/results/loop-sweep/inference-llt-torch-r128-t16-none.json,119.85305786132812,0.9244441986083984,119.88521899911575,114.914306640625,0.9251766204833984,1.27734375,120.76937866210938,0.9244441986083984,120.80091999814613,115.24027506510417,0.9257869720458984,1.26953125,72.12032318115234,0.8141703605651855,72.1418389948667,15.099904378255209,0.8221049308776855,1.04296875,1.0009765625,54.0,181.875,,,,,,
inference,naive_loop,,tensor,1,none,passed,,162988800,12,12,original,experiments/l40s/results/loop-baseline/inference-naive_loop-tensor-t01.json,12.748800277709961,0.9722318649291992,12.77105000190204,7.810730616251628,0.9722318649291992,1.166015625,14.600192070007324,1.1426773071289062,14.622822000092128,8.218965530395508,1.1426773071289062,1.607421875,12.362751960754395,1.002490520477295,12.384099998598685,0.9758719603220621,1.002490520477295,1.216796875,144.1409912109375,0.0,235.6875,,,,,,
inference,naive_loop,,tensor,2,none,passed,,162988800,24,12,original,experiments/l40s/results/loop-baseline/inference-naive_loop-tensor-t02.json,24.555519104003906,0.9722318649291992,24.577337000664556,15.381844838460287,0.9722318649291992,1.166015625,27.51590347290039,1.4240760803222656,27.537807000044268,16.219136555989582,1.4240760803222656,2.318359375,23.91756820678711,1.1432642936706543,23.940491999383084,1.7865386009216309,1.1432642936706543,1.513671875,288.281982421875,0.0,235.6875,,,,,,
inference,naive_loop,,tensor,3,none,passed,,162988800,36,12,original,experiments/l40s/results/loop-baseline/inference-naive_loop-tensor-t03.json,35.75593566894531,0.9722318649291992,35.78312999889022,22.923604329427082,0.9722318649291992,1.166015625,41.04191970825195,1.705474853515625,41.065803001401946,24.217600504557293,1.705474853515625,2.990234375,34.488319396972656,1.2840380668640137,34.50973000144586,2.596522649129232,1.2840380668640137,1.810546875,432.4229736328125,0.0,235.6875,,,,,,
inference,naive_loop,,tensor,4,none,passed,,162988800,48,12,original,experiments/l40s/results/loop-baseline/inference-naive_loop-tensor-t04.json,48.866302490234375,0.9722318649291992,48.93521999838413,30.557525634765625,0.9722318649291992,1.166015625,55.28166580200195,1.9868736267089844,55.306968999502715,32.294230143229164,1.9868736267089844,3.662109375,47.11628723144531,1.424811840057373,47.14143100136425,3.4058240254720054,1.424811840057373,2.107421875,576.56396484375,0.0,235.6875,,,,,,
inference,naive_loop,,tensor,5,none,passed,,162988800,60,12,original,experiments/l40s/results/loop-baseline/inference-naive_loop-tensor-t05.json,60.655616760253906,0.9722318649291992,60.67924099988886,38.05286407470703,0.9722318649291992,1.166015625,67.13343811035156,2.2682723999023438,67.15577000068151,40.223060607910156,2.2682723999023438,4.333984375,58.5984001159668,1.5655856132507324,58.62043199886102,4.214783986409505,1.5655856132507324,2.404296875,720.7049560546875,0.0,235.6875,,,,,,
inference,naive_loop,,tensor,6,none,passed,,162988800,72,12,original,experiments/l40s/results/loop-baseline/inference-naive_loop-tensor-t06.json,74.1119384765625,0.9722318649291992,74.13490600083605,45.64000956217448,0.9722318649291992,1.166015625,84.04390716552734,2.549671173095703,84.06671400007326,48.29593404134115,2.549671173095703,5.005859375,70.78604888916016,1.7063593864440918,70.80809000035515,5.02510929107666,1.7063593864440918,2.701171875,864.845947265625,0.0,235.6875,,,,,,
inference,naive_loop,,tensor,7,none,passed,,162988800,84,12,original,experiments/l40s/results/loop-baseline/inference-naive_loop-tensor-t07.json,86.26278686523438,0.9722318649291992,86.29351500712801,53.21557108561198,0.9722318649291992,1.166015625,97.47952270507812,2.8310699462890625,97.50415999587858,56.329854329427086,2.8310699462890625,5.677734375,82.69107055664062,1.8471331596374512,82.71352999872761,5.8360856374104815,1.8471331596374512,2.998046875,1008.9869384765625,0.0,235.6875,,,,,,
inference,naive_loop,,tensor,8,none,passed,,162988800,96,12,original,experiments/l40s/results/loop-baseline/inference-naive_loop-tensor-t08.json,99.57478332519531,0.9722318649291992,99.59798899944872,60.82798767089844,0.9722318649291992,1.166015625,111.53612518310547,3.112468719482422,111.55765300645726,64.26282755533855,3.112468719482422,6.349609375,95.92524719238281,1.9879069328308105,95.94888900028309,6.645386377970378,1.9879069328308105,3.294921875,1153.1279296875,0.0,235.6875,,,,,,
inference,naive_loop,,tensor,9,none,passed,,162988800,108,12,original,experiments/l40s/results/loop-baseline/inference-naive_loop-tensor-t09.json,110.40870666503906,0.9722318649291992,110.43191300268518,68.38134256998698,0.9722318649291992,1.166015625,125.2679672241211,3.3938674926757812,125.29183099832153,72.47701517740886,3.3938674926757812,7.021484375,107.32953643798828,2.12868070602417,107.3544389946619,7.454378763834636,2.12868070602417,3.591796875,1297.2689208984375,0.0,235.6875,,,,,,
inference,naive_loop,,tensor,10,none,passed,,162988800,120,12,original,experiments/l40s/results/loop-baseline/inference-naive_loop-tensor-t10.json,123.9521255493164,0.9722318649291992,123.97423999937018,76.43340555826823,0.9722318649291992,1.166015625,138.8738250732422,3.6752662658691406,138.89945999835618,80.6857401529948,3.6752662658691406,7.693359375,118.8853759765625,2.2694544792175293,118.90661399957025,8.270506540934244,2.2694544792175293,3.888671875,1441.409912109375,0.0,235.6875,,,,,,
inference,naive_loop,,tensor,11,none,passed,,162988800,132,12,original,experiments/l40s/results/loop-baseline/inference-naive_loop-tensor-t11.json,136.32920837402344,0.9722318649291992,136.35537499794737,83.67615763346355,0.9722318649291992,1.166015625,153.32762145996094,3.9566650390625,153.35189400502713,88.59408569335938,3.9566650390625,8.365234375,129.808349609375,2.4102282524108887,129.83165399782592,9.076053619384766,2.4102282524108887,4.185546875,1585.5509033203125,0.0,235.6875,,,,,,
inference,naive_loop,,tensor,12,none,passed,,162988800,144,12,original,experiments/l40s/results/loop-baseline/inference-naive_loop-tensor-t12.json,145.69676208496094,0.9722318649291992,145.72639900143258,93.11641438802083,0.9722318649291992,1.166015625,162.70233154296875,4.238063812255859,162.7277209991007,97.75271606445312,4.238063812255859,9.037109375,141.83116149902344,2.551002025604248,141.8559779995121,9.901397069295248,2.551002025604248,4.482421875,1729.69189453125,0.0,235.6875,,,,,,
inference,naive_loop,,tensor,13,none,passed,,162988800,156,12,original,experiments/l40s/results/loop-baseline/inference-naive_loop-tensor-t13.json,157.47686767578125,0.9722318649291992,157.5004420010373,99.10476684570312,0.9722318649291992,1.166015625,177.21139526367188,4.519462585449219,177.23411000042688,104.9886474609375,4.519462585449219,9.708984375,151.583740234375,2.6917757987976074,151.607633997628,10.69533920288086,2.6917757987976074,4.779296875,1873.8328857421875,0.0,235.6875,,,,,,
inference,naive_loop,,tensor,14,none,passed,,162988800,168,12,original,experiments/l40s/results/loop-baseline/inference-naive_loop-tensor-t14.json,170.6076202392578,0.9722318649291992,170.63218299881555,105.59829711914062,0.9722318649291992,1.166015625,192.31759643554688,4.800861358642578,192.3430289971293,111.89999389648438,4.800861358642578,10.380859375,164.33673095703125,2.832549571990967,164.36188200168544,11.511466979980469,2.832549571990967,5.076171875,2017.973876953125,0.0,235.6875,,,,,,
inference,naive_loop,,tensor,15,none,passed,,162988800,180,12,original,experiments/l40s/results/loop-baseline/inference-naive_loop-tensor-t15.json,177.98655700683594,0.9722318649291992,178.02629100333434,115.41163126627605,0.9722318649291992,1.166015625,202.06898498535156,5.0822601318359375,202.09321100264788,121.7228291829427,5.0822601318359375,11.052734375,175.58425903320312,2.973323345184326,175.6084689986892,12.338858286539713,2.973323345184326,5.373046875,2162.1148681640625,0.0,235.6875,,,,,,
inference,naive_loop,,tensor,16,none,passed,,162988800,192,12,original,experiments/l40s/results/loop-baseline/inference-naive_loop-tensor-t16.json,193.17453002929688,0.9722318649291992,193.19767999695614,122.16797892252605,0.9722318649291992,1.166015625,219.67257690429688,5.363658905029297,219.69931999774417,129.25234985351562,5.363658905029297,11.724609375,185.31942749023438,3.1140971183776855,185.3429800030426,13.1321169535319,3.1140971183776855,5.669921875,2306.255859375,0.0,235.6875,,,,,,
inference,naive_loop,,torch,1,none,passed,,162988800,12,12,original,experiments/l40s/results/loop-baseline/inference-naive_loop-torch-t01.json,7.293824195861816,0.9808988571166992,7.318061001569731,6.873088200887044,0.9888334274291992,1.216796875,7.761919975280762,1.1513328552246094,7.784611996612512,7.286741256713867,1.1592674255371094,1.634765625,5.958655834197998,1.011146068572998,5.979370002023643,1.3301760355631511,1.019080638885498,1.248046875,144.140625,0.0,235.6875,,,,,,
inference,naive_loop,,torch,2,none,passed,,162988800,24,12,original,experiments/l40s/results/loop-baseline/inference-naive_loop-torch-t02.json,14.18943977355957,0.9808988571166992,14.213403999747243,13.551615397135416,0.9888334274291992,1.216796875,15.265791893005371,1.4327201843261719,15.289078997739125,14.406997680664062,1.4406547546386719,2.341796875,11.55174446105957,1.1519083976745605,11.573112999030855,2.5265493392944336,1.1598429679870605,1.544921875,288.28125,0.0,235.6875,,,,,,
inference,naive_loop,,torch,3,none,passed,,162988800,36,12,original,experiments/l40s/results/loop-baseline/inference-naive_loop-torch-t03.json,21.132320404052734,0.9808988571166992,21.157079998374684,20.291243235270183,0.9888334274291992,1.216796875,22.591455459594727,1.7141075134277344,22.632683998381253,21.503275553385418,1.7220420837402344,3.013671875,17.28223991394043,1.292670726776123,17.303939999692375,3.724586804707845,1.300605297088623,1.841796875,432.421875,0.0,235.6875,,,,,,
inference,naive_loop,,torch,4,none,passed,,162988800,48,12,original,experiments/l40s/results/loop-baseline/inference-naive_loop-torch-t04.json,27.99616050720215,0.9808988571166992,28.022296999552054,26.98205820719401,0.9888334274291992,1.216796875,30.072832107543945,1.9954948425292969,30.09956000096281,28.689066569010418,2.003429412841797,3.685546875,21.915647506713867,1.4334330558776855,21.94075399893336,4.92305056254069,1.4413676261901855,2.138671875,576.5625,0.0,235.6875,,,,,,
inference,naive_loop,,torch,5,none,passed,,162988800,60,12,original,experiments/l40s/results/loop-baseline/inference-naive_loop-torch-t05.json,35.019775390625,0.9808988571166992,35.05230199880316,33.672533671061196,0.9888334274291992,1.216796875,37.4334716796875,2.2768821716308594,37.4625999975251,35.810302734375,2.2848167419433594,4.357421875,27.855871200561523,1.574195384979248,27.877303000423126,6.121130625406901,1.582129955291748,2.435546875,720.703125,0.0,235.6875,,,,,,
inference,naive_loop,,torch,6,none,passed,,162988800,72,12,original,experiments/l40s/results/loop-baseline/inference-naive_loop-torch-t06.json,42.03619384765625,0.9808988571166992,42.06605299987132,40.54766845703125,0.9888334274291992,1.216796875,44.913536071777344,2.558269500732422,44.95352899903082,43.08992004394531,2.566204071044922,5.029296875,33.38854217529297,1.7149577140808105,33.410644999094075,7.317493438720703,1.7228922843933105,2.732421875,864.84375,0.0,235.6875,,,,,,
inference,naive_loop,,torch,7,none,passed,,162988800,84,12,original,experiments/l40s/results/loop-baseline/inference-naive_loop-torch-t07.json,48.83366394042969,0.9808988571166992,48.89326500415336,47.167144775390625,0.9888334274291992,1.216796875,66.83853149414062,2.8396568298339844,66.86878499749582,50.35417683919271,2.8475914001464844,5.701171875,39.50899124145508,1.855720043182373,39.53198800445534,8.51421864827474,1.863654613494873,3.029296875,1008.984375,0.0,235.6875,,,,,,
inference,naive_loop,,torch,8,none,passed,,162988800,96,12,original,experiments/l40s/results/loop-baseline/inference-naive_loop-torch-t08.json,55.84076690673828,0.9808988571166992,55.870567994134035,53.88560994466146,0.9888334274291992,1.216796875,60.00214385986328,3.121044158935547,60.03448700357694,57.18016052246094,3.128978729248047,6.373046875,44.55014419555664,1.9964823722839355,44.57167700456921,9.711605072021484,2.0044169425964355,3.326171875,1153.125,0.0,235.6875,,,,,,
inference,naive_loop,,torch,9,none,passed,,162988800,108,12,original,experiments/l40s/results/loop-baseline/inference-naive_loop-torch-t09.json,62.73331069946289,0.9808988571166992,62.762289999227505,60.660054524739586,0.9888334274291992,1.216796875,67.46112060546875,3.4024314880371094,67.50369800283806,64.8297831217448,3.4103660583496094,7.044921875,49.551231384277344,2.137244701385498,49.574213997402694,10.909355163574219,2.145179271697998,3.623046875,1297.265625,0.0,235.6875,,,,,,
inference,naive_loop,,torch,10,none,passed,,162988800,120,12,original,experiments/l40s/results/loop-baseline/inference-naive_loop-torch-t10.json,70.49727630615234,0.9808988571166992,70.54818400501972,68.24755350748698,0.9888334274291992,1.216796875,75.6304931640625,3.683818817138672,75.6601939938264,73.13612874348958,3.691753387451172,7.716796875,55.611488342285156,2.2780070304870605,55.63525699835736,12.116991678873697,2.2859416007995605,3.919921875,1441.40625,0.0,235.6875,,,,,,
inference,naive_loop,,torch,11,none,passed,,162988800,132,12,original,experiments/l40s/results/loop-baseline/inference-naive_loop-torch-t11.json,76.75801849365234,0.9808988571166992,76.78984699305147,74.23556518554688,0.9888334274291992,1.216796875,82.32653045654297,3.9652061462402344,82.35662600054638,79.22585550944011,3.9731407165527344,8.388671875,61.36003112792969,2.418769359588623,61.38938100048108,13.302783966064453,2.426703929901123,4.216796875,1585.546875,0.0,235.6875,,,,,,
inference,naive_loop,,torch,12,none,passed,,162988800,144,12,original,experiments/l40s/results/loop-baseline/inference-naive_loop-torch-t12.json,84.38066864013672,0.9808988571166992,84.41060200129868,81.40151468912761,0.9888334274291992,1.216796875,90.13030242919922,4.246593475341797,90.16193400020711,86.79867553710938,4.254528045654297,9.060546875,67.38534545898438,2.5595316886901855,67.40922500466695,14.50939687093099,2.5674662590026855,4.513671875,1729.6875,0.0,235.6875,,,,,,
inference,naive_loop,,torch,13,none,passed,,162988800,156,12,original,experiments/l40s/results/loop-baseline/inference-naive_loop-torch-t13.json,91.14521789550781,0.9808988571166992,91.17602799960878,88.11997477213542,0.9888334274291992,1.216796875,97.60050964355469,4.527980804443359,97.62917699845275,93.55980428059895,4.535915374755859,9.732421875,72.36300659179688,2.700294017791748,72.38561499980278,15.705771128336588,2.708228588104248,4.810546875,1873.828125,0.0,235.6875,,,,,,
inference,naive_loop,,torch,14,none,passed,,162988800,168,12,original,experiments/l40s/results/loop-baseline/inference-naive_loop-torch-t14.json,98.48524475097656,0.9808988571166992,98.51760199671844,94.94253540039062,0.9888334274291992,1.216796875,105.55596923828125,4.809368133544922,105.59120300604263,101.46952311197917,4.817302703857422,10.404296875,79.23814392089844,2.8410563468933105,79.2588420008542,16.90282694498698,2.8489909172058105,5.107421875,2017.96875,0.0,235.6875,,,,,,
inference,naive_loop,,torch,15,none,passed,,162988800,180,12,original,experiments/l40s/results/loop-baseline/inference-naive_loop-torch-t15.json,105.05830383300781,0.9808988571166992,105.08764800033532,101.93032836914062,0.9888334274291992,1.216796875,113.08236694335938,5.090755462646484,113.12668200116605,108.50201416015625,5.098690032958984,11.076171875,85.2326431274414,2.981818675994873,85.26996000000509,18.106026967366535,2.989753246307373,5.404296875,2162.109375,0.0,235.6875,,,,,,
inference,naive_loop,,torch,16,none,passed,,162988800,192,12,original,experiments/l40s/results/loop-baseline/inference-naive_loop-torch-t16.json,113.42233276367188,0.9808988571166992,113.45329500181833,109.90182495117188,0.9888334274291992,1.216796875,121.6204833984375,5.372142791748047,121.65130200446583,115.0190938313802,5.380077362060547,11.748046875,89.76998138427734,3.1225810050964355,89.79232799902093,19.291819254557293,3.1305155754089355,5.701171875,2306.25,0.0,235.6875,,,,,,
inference,stacked,,tensor,1,none,passed,,162988800,12,12,original,experiments/l40s/results/loop-baseline/inference-stacked-tensor-t01.json,12.668928146362305,0.9722318649291992,12.689879000390647,7.809322357177734,0.9722318649291992,1.166015625,14.230527877807617,1.1426773071289062,14.252665001549758,8.219989140828451,1.1426773071289062,1.607421875,12.571647644042969,1.002490520477295,12.594476000231225,0.9758719603220621,1.002490520477295,1.216796875,144.1409912109375,0.0,235.6875,,,,,,
inference,stacked,,tensor,2,none,passed,,247923456,24,24,original,experiments/l40s/results/loop-baseline/inference-stacked-tensor-t02.json,24.849407196044922,1.4702787399291992,24.870670000382233,15.351125081380209,1.4699125289916992,1.658203125,27.93574333190918,1.9221229553222656,27.95894099836005,16.207509358723957,1.9217567443847656,2.810546875,24.226911544799805,1.6409449577331543,24.248975998489186,1.7865386009216309,1.6409449577331543,2.025390625,288.281982421875,0.0,397.6875,,,,,,
inference,stacked,,tensor,3,none,passed,,332858112,36,36,original,experiments/l40s/results/loop-baseline/inference-stacked-tensor-t03.json,36.32128143310547,1.9697904586791992,36.342745002912125,22.988800048828125,1.9697904586791992,2.173828125,41.543582916259766,2.703033447265625,41.56876699926215,24.27562713623047,2.703033447265625,3.986328125,35.749855041503906,2.2815966606140137,35.77100000256905,2.601290702819824,2.2815966606140137,2.806640625,432.4229736328125,0.0,559.6875,,,,,,
inference,stacked,,tensor,4,none,passed,,417792768,48,48,original,experiments/l40s/results/loop-baseline/inference-stacked-tensor-t04.json,48.85606384277344,2.469302177429199,48.87783599770046,30.511444091796875,2.469302177429199,2.666015625,55.13625717163086,3.4839439392089844,55.15984500016202,32.31778208414713,3.4839439392089844,5.158203125,47.63340759277344,2.921882152557373,47.65677499744925,3.4082132975260415,2.921882152557373,3.603515625,576.56396484375,0.0,721.6875,,,,,,
inference,stacked,,tensor,5,none,passed,,502727424,60,60,original,experiments/l40s/results/loop-baseline/inference-stacked-tensor-t05.json,58.71206283569336,2.968447685241699,58.73341600090498,38.00234731038412,2.968447685241699,3.158203125,68.0448989868164,4.264488220214844,68.06992400015588,40.200843811035156,4.264488220214844,6.314453125,58.11609649658203,3.5618014335632324,58.14192300022114,4.209322611490886,3.5618014335632324,4.384765625,720.7049560546875,0.0,883.6875,,,,,,
inference,stacked,,tensor,6,none,passed,,587662080,72,72,original,experiments/l40s/results/loop-baseline/inference-stacked-tensor-t06.json,74.29119873046875,3.467226982116699,74.31503999760025,45.58813985188802,3.467226982116699,3.673828125,82.94297790527344,5.044666290283203,82.97656400100095,48.303446451822914,5.044666290283203,7.501953125,70.32832336425781,4.201354503631592,70.35064799856627,5.026816050211589,4.201354503631592,5.197265625,864.845947265625,0.0,1045.6875,,,,,,
inference,stacked,,tensor,7,none,passed,,672596736,84,84,original,experiments/l40s/results/loop-baseline/inference-stacked-tensor-t07.json,83.44486236572266,3.966372489929199,83.47030099685071,53.1585693359375,3.966372489929199,4.166015625,95.38047790527344,5.8252105712890625,95.40508799545933,56.312459309895836,5.8252105712890625,8.666015625,81.36396789550781,4.841273784637451,81.38718600093853,5.846698760986328,4.841273784637451,6.005859375,1008.9869384765625,0.0,1207.6875,,,,,,
inference,stacked,,tensor,8,none,passed,,757531392,96,96,original,experiments/l40s/results/loop-baseline/inference-stacked-tensor-t08.json,99.98643493652344,4.465884208679199,100.0132479966851,60.71841939290365,4.465884208679199,4.658203125,113.2083511352539,6.606121063232422,113.241630999255,64.36352030436198,6.606121063232422,9.841796875,97.1520004272461,5.4815592765808105,97.17561299476074,6.660095850626628,5.4815592765808105,6.787109375,1153.1279296875,0.0,1369.6875,,,,,,
inference,stacked,,tensor,9,none,passed,,842466048,108,108,original,experiments/l40s/results/loop-baseline/inference-stacked-tensor-t09.json,106.87590026855469,4.965395927429199,106.89812499913387,69.14013671875,4.965395927429199,5.150390625,123.25682830810547,7.387031555175781,123.27979700057767,73.25423177083333,7.387031555175781,11.013671875,107.02950286865234,6.12184476852417,107.05453300033696,7.459840138753255,6.12184476852417,7.583984375,1297.2689208984375,0.0,1531.6875,,,,,,
inference,stacked,,tensor,10,none,passed,,927400704,120,120,original,experiments/l40s/results/loop-baseline/inference-stacked-tensor-t10.json,119.90630340576172,5.464175224304199,119.9375600044732,76.39481608072917,5.464175224304199,5.666015625,138.6076202392578,8.16720962524414,138.63350399333285,80.92876688639323,8.16720962524414,12.181640625,118.41331481933594,6.761397838592529,118.4381819984992,8.266410827636719,6.761397838592529,8.376953125,1441.409912109375,0.0,1693.6875,,,,,,
inference,stacked,,tensor,11,none,passed,,1012335360,132,132,original,experiments/l40s/results/loop-baseline/inference-stacked-tensor-t11.json,133.32669067382812,5.963320732116699,133.34907299577026,84.01715087890625,5.963320732116699,6.181640625,153.92767333984375,8.94775390625,153.96314799727406,89.14705403645833,8.94775390625,13.357421875,131.2051239013672,7.401317119598389,131.22770699555986,9.078784306844076,7.401317119598389,9.177734375,1585.5509033203125,0.0,1855.6875,,,,,,
inference,stacked,,tensor,12,none,passed,,1097270016,144,144,original,experiments/l40s/results/loop-baseline/inference-stacked-tensor-t12.json,146.2230987548828,6.462466239929199,146.25062099366914,92.47979736328125,6.462466239929199,6.673828125,168.30149841308594,9.72829818725586,168.3255759999156,97.53565470377605,9.72829818725586,14.521484375,141.6479034423828,8.041236400604248,141.67188200372038,9.896959940592447,8.041236400604248,9.966796875,1729.69189453125,0.0,2017.6875,,,,,,
inference,stacked,,tensor,13,none,passed,,1182204672,156,156,original,experiments/l40s/results/loop-baseline/inference-stacked-tensor-t13.json,158.07078552246094,6.961977958679199,158.09558700129855,98.9317118326823,6.961977958679199,7.166015625,182.1892547607422,10.509208679199219,182.21355899731861,104.60262044270833,10.509208679199219,15.697265625,158.10665893554688,8.681521892547607,158.13123200496193,10.695658365885416,8.681521892547607,10.767578125,1873.8328857421875,0.0,2179.6875,,,,,,
inference,stacked,,tensor,14,none,passed,,1267139328,168,168,original,experiments/l40s/results/loop-baseline/inference-stacked-tensor-t14.json,168.5780487060547,7.461489677429199,168.64175599766895,105.42557779947917,7.461489677429199,7.658203125,193.46226501464844,11.290119171142578,193.48793199606007,111.8764139811198,11.290119171142578,16.869140625,165.99142456054688,9.321807384490967,166.01574800006347,11.537408192952475,9.321807384490967,11.564453125,2017.973876953125,0.0,2341.6875,,,,,,
inference,stacked,,tensor,15,none,passed,,1352073984,180,180,original,experiments/l40s/results/loop-baseline/inference-stacked-tensor-t15.json,182.69696044921875,7.960635185241699,182.72031500237063,116.50696818033855,7.960635185241699,8.150390625,209.48480224609375,12.070663452148438,209.5110040027066,122.50009155273438,12.070663452148438,18.025390625,180.35916137695312,9.961726665496826,180.38472600164823,12.33237330118815,9.961726665496826,12.345703125,2162.1148681640625,0.0,2503.6875,,,,,,
inference,stacked,,tensor,16,none,passed,,1437008640,192,192,original,experiments/l40s/results/loop-baseline/inference-stacked-tensor-t16.json,188.5614013671875,8.4594144821167,188.58637099765474,122.4813232421875,8.4594144821167,8.666015625,220.48358154296875,12.850841522216797,220.50613600004,130.07013956705728,12.850841522216797,19.212890625,182.73997497558594,10.601279735565186,182.7634270011913,13.143381754557291,10.601279735565186,13.158203125,2306.255859375,0.0,2665.6875,,,,,,
inference,stacked,,torch,1,none,passed,,162988800,12,12,original,experiments/l40s/results/loop-baseline/inference-stacked-torch-t01.json,7.317535877227783,0.9808988571166992,7.339462998061208,6.9122880299886065,0.9888334274291992,1.216796875,7.772160053253174,1.1513328552246094,7.796642999892356,7.278250376383464,1.1592674255371094,1.634765625,6.07539176940918,1.011146068572998,6.095593998907134,1.3298346996307373,1.019080638885498,1.248046875,144.140625,0.0,235.6875,,,,,,
inference,stacked,,torch,2,none,passed,,247923456,24,24,original,experiments/l40s/results/loop-baseline/inference-stacked-torch-t02.json,14.313471794128418,1.4800443649291992,14.339083001686959,13.63968022664388,1.4879789352416992,1.732421875,15.156319618225098,1.9323539733886719,15.18339299946092,14.413141886393229,1.9402885437011719,2.837890625,11.512831687927246,1.6515421867370605,11.534608998772455,2.5279146830240884,1.6594767570495605,2.056640625,288.28125,0.0,397.6875,,,,,,
inference,stacked,,torch,3,none,passed,,332858112,36,36,original,experiments/l40s/results/loop-baseline/inference-stacked-torch-t03.json,21.199871063232422,1.9795560836791992,21.2309330017888,20.224341074625652,1.9874906539916992,2.201171875,22.594560623168945,2.7127647399902344,22.621194999373984,21.506731669108074,2.7206993103027344,4.005859375,17.65888023376465,2.291327953338623,17.68180100043537,3.724970817565918,2.299262523651123,2.849609375,432.421875,0.0,559.6875,,,,,,
inference,stacked,,torch,4,none,passed,,417792768,48,48,original,experiments/l40s/results/loop-baseline/inference-stacked-torch-t04.json,28.34547233581543,2.479067802429199,28.372863998811226,27.118250528971355,2.487002372741699,2.716796875,30.097408294677734,3.493663787841797,30.125604000204476,28.85802714029948,3.501598358154297,5.177734375,22.745088577270508,2.9316020011901855,22.78182400186779,4.9227094650268555,2.9395365715026855,3.626953125,576.5625,0.0,721.6875,,,,,,
inference,stacked,,torch,5,none,passed,,502727424,60,60,original,experiments/l40s/results/loop-baseline/inference-stacked-torch-t05.json,35.19795227050781,2.977847099304199,35.226242998760426,33.691307067871094,2.985781669616699,3.232421875,37.515201568603516,4.273830413818359,37.54098099670955,35.69664001464844,4.281764984130859,6.353515625,28.683263778686523,3.571143627166748,28.7052429994219,6.121472040812175,3.579078197479248,4.447265625,720.703125,0.0,883.6875,,,,,,
inference,stacked,,torch,6,none,passed,,587662080,72,72,original,experiments/l40s/results/loop-baseline/inference-stacked-torch-t06.json,42.30553436279297,3.476992607116699,42.33627099893056,40.30225118001302,3.484927177429199,3.724609375,44.888065338134766,5.054363250732422,44.91675200188183,43.023701985677086,5.062297821044922,7.541015625,34.76377487182617,4.2110514640808105,34.78724600063288,7.319552103678386,4.2189860343933105,5.220703125,864.84375,0.0,1045.6875,,,,,,
inference,stacked,,torch,7,none,passed,,672596736,84,84,original,experiments/l40s/results/loop-baseline/inference-stacked-torch-t07.json,48.43212890625,3.976138114929199,48.45826699602185,47.063720703125,3.984072685241699,4.216796875,52.4152946472168,5.834896087646484,52.43973899632692,50.1971435546875,5.842830657958984,8.716796875,40.011775970458984,4.850959300994873,40.05035299633164,8.514560063680014,4.858893871307373,6.041015625,1008.984375,0.0,1207.6875,,,,,,
inference,stacked,,torch,8,none,passed,,757531392,96,96,original,experiments/l40s/results/loop-baseline/inference-stacked-torch-t08.json,55.18540954589844,4.475649833679199,55.21389599743998,53.90910847981771,4.483584403991699,4.708984375,59.45955276489258,6.615795135498047,59.48636900575366,57.21292622884115,6.623729705810547,9.869140625,44.841854095458984,5.4912333488464355,44.863339004223235,9.715712229410807,5.4991679191589355,6.818359375,1153.125,0.0,1369.6875,,,,,,
inference,stacked,,torch,9,none,passed,,842466048,108,108,original,experiments/l40s/results/loop-baseline/inference-stacked-torch-t09.json,63.843326568603516,4.975161552429199,63.87570699735079,61.35669453938802,4.983096122741699,5.201171875,68.0970230102539,7.396694183349609,68.12884499959182,66.62209065755208,7.404628753662109,11.033203125,51.300350189208984,6.131507396697998,51.32414100080496,10.92095947265625,6.139441967010498,7.626953125,1297.265625,0.0,1531.6875,,,,,,
inference,stacked,,torch,10,none,passed,,927400704,120,120,original,experiments/l40s/results/loop-baseline/inference-stacked-torch-t10.json,71.35846710205078,5.473574638366699,71.38693700107979,68.84795633951823,5.481509208679199,5.716796875,75.9375991821289,8.176494598388672,75.98741100082407,72.64392598470052,8.184429168701172,12.208984375,56.20121765136719,6.7706828117370605,56.238088000100106,12.111872355143229,6.7786173820495605,8.408203125,1441.40625,0.0,1693.6875,,,,,,
inference,stacked,,torch,11,none,passed,,1012335360,132,132,original,experiments/l40s/results/loop-baseline/inference-stacked-torch-t11.json,76.906494140625,5.973086357116699,76.93607300461736,74.75712076822917,5.981020927429199,6.185546875,83.06800079345703,8.957393646240234,83.09599399945,81.1315205891927,8.965328216552734,13.384765625,61.18707275390625,7.410956859588623,61.20849800208816,13.318826039632162,7.418891429901123,9.208984375,1585.546875,0.0,1855.6875,,,,,,
inference,stacked,,torch,12,none,passed,,1097270016,144,144,original,experiments/l40s/results/loop-baseline/inference-stacked-torch-t12.json,84.6929931640625,6.472231864929199,84.72182300465647,81.31720479329427,6.480166435241699,6.701171875,90.49600219726562,9.737926483154297,90.52387400151929,87.24513753255208,9.745861053466797,14.552734375,69.29612731933594,8.050864696502686,69.31793900002958,14.50393549601237,8.058799266815186,10.001953125,1729.6875,0.0,2017.6875,,,,,,
inference,stacked,,torch,13,none,passed,,1182204672,156,156,original,experiments/l40s/results/loop-baseline/inference-stacked-torch-t13.json,91.30290985107422,6.971743583679199,91.33361299609533,87.707275390625,6.979678153991699,7.193359375,97.40595245361328,10.51882553100586,97.43605199764716,93.54786173502605,10.52676010131836,15.716796875,75.73709106445312,8.691138744354248,75.76061200234108,15.704063415527344,8.699073314666748,10.810546875,1873.828125,0.0,2179.6875,,,,,,
inference,stacked,,torch,14,none,passed,,1267139328,168,168,original,experiments/l40s/results/loop-baseline/inference-stacked-torch-t14.json,99.09964752197266,7.471255302429199,99.12992300087353,95.242919921875,7.479189872741699,7.708984375,105.45152282714844,11.299724578857422,105.48147599911317,101.73781331380208,11.307659149169922,16.900390625,79.04560089111328,9.33141279220581,79.06935299979523,16.896682739257812,9.33934736251831,11.599609375,2017.96875,0.0,2341.6875,,,,,,
inference,stacked,,torch,15,none,passed,,1352073984,180,180,original,experiments/l40s/results/loop-baseline/inference-stacked-torch-t15.json,106.60546875,7.970034599304199,106.6363240024657,101.83577473958333,7.977969169616699,8.224609375,112.79564666748047,12.079891204833984,112.83071300567826,108.8351542154948,12.087825775146484,18.064453125,83.2676773071289,9.970954418182373,83.28970800357638,18.10907745361328,9.978888988494873,12.408203125,2162.109375,0.0,2503.6875,,,,,,
inference,stacked,,torch,16,none,passed,,1437008640,192,192,original,experiments/l40s/results/loop-baseline/inference-stacked-torch-t16.json,113.20832061767578,8.4691801071167,113.23694799648365,110.70395914713542,8.4771146774292,8.716796875,122.45001220703125,12.860424041748047,122.47977699735202,117.62551879882812,12.868358612060547,19.251953125,88.62918090820312,10.610862255096436,88.66641500208061,19.305472056070965,10.618796825408936,13.181640625,2306.25,0.0,2665.6875,,,,,,
training,fixed_depth,,tensor,1,ac,passed,,162988800,12,12,extension,experiments/l40s/results/loop-sweep/training-fixed_depth-tensor-r064-t01-ac.json,,,,,,,,,,,,,,,,,,,,,,84.19635009765625,2.7666430473327637,84.21968499897048,52.92304992675781,2.7666449546813965,4.544921875
training,fixed_depth,,tensor,1,none,passed,,162988800,12,12,original,experiments/l40s/results/loop-baseline/training-fixed_depth-tensor-t01.json,,,,,,,,,,,,,,,,,,,,,,56.791038513183594,4.192183017730713,56.82891600008588,45.062825520833336,4.193039417266846,6.880859375
training,fixed_depth,,tensor,2,ac,passed,,247923456,12,12,extension,experiments/l40s/results/loop-sweep/training-fixed_depth-tensor-r064-t02-ac.json,,,,,,,,,,,,,,,,,,,,,,88.83916473388672,3.821497917175293,88.87147800123785,80.48298645019531,3.8190555572509766,6.111328125
training,fixed_depth,,tensor,2,none,passed,,247923456,12,12,original,experiments/l40s/results/loop-baseline/training-fixed_depth-tensor-t02.json,,,,,,,,,,,,,,,,,,,,,,71.1229476928711,5.973677158355713,71.15178000094602,66.16576131184895,5.974533557891846,9.580078125
training,fixed_depth,,tensor,3,ac,passed,,332858112,12,12,extension,experiments/l40s/results/loop-sweep/training-fixed_depth-tensor-r064-t03-ac.json,,,,,,,,,,,,,,,,,,,,,,113.57901000976562,5.178800582885742,113.62765599915292,110.9053446451823,5.178189277648926,8.48828125
training,fixed_depth,,tensor,3,none,passed,,332858112,12,12,original,experiments/l40s/results/loop-baseline/training-fixed_depth-tensor-t03.json,,,,,,,,,,,,,,,,,,,,,,91.2200927734375,7.767134189605713,91.25231500001973,89.24364217122395,7.767990589141846,12.18359375
training,fixed_depth,,tensor,4,ac,passed,,417792768,12,12,extension,experiments/l40s/results/loop-sweep/training-fixed_depth-tensor-r064-t04-ac.json,,,,,,,,,,,,,,,,,,,,,,141.05906677246094,6.578944206237793,141.09376799751772,138.68646240234375,6.576135635375977,10.14453125
training,fixed_depth,,tensor,4,none,passed,,417792768,12,12,original,experiments/l40s/results/loop-baseline/training-fixed_depth-tensor-t04.json,,,,,,,,,,,,,,,,,,,,,,113.8677749633789,9.580244541168213,113.89825399965048,111.85391235351562,9.581100940704346,15.099609375
training,fixed_depth,,tensor,5,ac,passed,,502727424,12,12,extension,experiments/l40s/results/loop-sweep/training-fixed_depth-tensor-r064-t05-ac.json,,,,,,,,,,,,,,,,,,,,,,171.79136657714844,7.978236198425293,171.82408200460486,169.43376668294272,7.977749824523926,12.083984375
training,fixed_depth,,tensor,5,none,passed,,502727424,12,12,original,experiments/l40s/results/loop-baseline/training-fixed_depth-tensor-t05.json,,,,,,,,,,,,,,,,,,,,,,138.84620666503906,11.396040439605713,138.87972100201296,137.14322916666666,11.396896839141846,17.91015625
training,fixed_depth,,tensor,6,ac,passed,,587662080,12,12,extension,experiments/l40s/results/loop-sweep/training-fixed_depth-tensor-r064-t06-ac.json,,,,,,,,,,,,,,,,,,,,,,205.32325744628906,9.274015426635742,205.35586600453826,204.320068359375,9.273037910461426,14.12109375
training,fixed_depth,,tensor,6,none,passed,,587662080,12,12,original,experiments/l40s/results/loop-baseline/training-fixed_depth-tensor-t06.json,,,,,,,,,,,,,,,,,,,,,,165.25721740722656,13.138719081878662,165.31287399993744,163.44303385416666,13.139087200164795,20.8671875
training,fixed_depth,,tensor,7,ac,passed,,672596736,12,12,extension,experiments/l40s/results/loop-sweep/training-fixed_depth-tensor-r064-t07-ac.json,,,,,,,,,,,,,,,,,,,,,,236.91177368164062,10.638514518737793,236.94762700324645,236.78564453125,10.638025283813477,16.560546875
training,fixed_depth,,tensor,7,none,passed,,672596736,12,12,original,experiments/l40s/results/loop-baseline/training-fixed_depth-tensor-t07.json,,,,,,,,,,,,,,,,,,,,,,189.3889617919922,14.938640117645264,189.42443699779687,187.68316650390625,14.939496517181396,23.638671875
training,fixed_depth,,tensor,8,ac,passed,,757531392,12,12,extension,experiments/l40s/results/loop-sweep/training-fixed_depth-tensor-r064-t08-ac.json,,,,,,,,,,,,,,,,,,,,,,266.33831787109375,12.035734176635742,266.3734489979106,265.41636149088544,12.036465644836426,17.81640625
training,fixed_depth,,tensor,8,none,passed,,757531392,12,12,original,experiments/l40s/results/loop-baseline/training-fixed_depth-tensor-t08.json,,,,,,,,,,,,,,,,,,,,,,213.22134399414062,16.754438877105713,213.25563700520433,211.4955851236979,16.755295276641846,26.19921875
training,fixed_depth,,tensor,9,ac,passed,,842466048,12,12,extension,experiments/l40s/results/loop-sweep/training-fixed_depth-tensor-r064-t09-ac.json,,,,,,,,,,,,,,,,,,,,,,292.5978698730469,13.434962272644043,292.64583800249966,290.49684651692706,13.433862686157227,19.435546875
training,fixed_depth,,tensor,9,none,passed,,842466048,12,12,original,experiments/l40s/results/loop-baseline/training-fixed_depth-tensor-t09.json,,,,,,,,,,,,,,,,,,,,,,237.5782470703125,18.569380283355713,237.61230300442548,235.45133463541666,18.569260120391846,28.8671875
training,fixed_depth,,tensor,10,ac,passed,,927400704,12,12,extension,experiments/l40s/results/loop-sweep/training-fixed_depth-tensor-r064-t10-ac.json,,,,,,,,,,,,,,,,,,,,,,324.4921569824219,14.729154586791992,324.52646599995205,322.9475504557292,14.730252265930176,21.275390625
training,fixed_depth,,tensor,10,none,passed,,927400704,12,12,original,experiments/l40s/results/loop-baseline/training-fixed_depth-tensor-t10.json,,,,,,,,,,,,,,,,,,,,,,261.5080871582031,20.314500331878662,261.54276599845616,260.8728841145833,20.314624309539795,31.41796875
training,fixed_depth,,tensor,11,ac,passed,,1012335360,12,12,extension,experiments/l40s/results/loop-sweep/training-fixed_depth-tensor-r064-t11-ac.json,,,,,,,,,,,,,,,,,,,,,,375.0081481933594,16.094630241394043,375.0450030056527,371.0255940755208,16.094446182250977,22.974609375
training,fixed_depth,,tensor,11,none,passed,,1012335360,12,12,original,experiments/l40s/results/loop-baseline/training-fixed_depth-tensor-t11.json,,,,,,,,,,,,,,,,,,,,,,302.1527099609375,22.102824687957764,302.1891839962336,300.1617024739583,22.102948665618896,34.18359375
training,fixed_depth,,tensor,12,ac,passed,,1097270016,12,12,extension,experiments/l40s/results/loop-sweep/training-fixed_depth-tensor-r064-t12-ac.json,,,,,,,,,,,,,,,,,,,,,,389.5326843261719,17.495081901550293,389.56777999555925,386.6183268229167,17.493127822875977,25.68359375
training,fixed_depth,,tensor,12,none,passed,,1097270016,12,12,original,experiments/l40s/results/loop-baseline/training-fixed_depth-tensor-t12.json,,,,,,,,,,,,,,,,,,,,,,314.38336181640625,23.925415992736816,314.4213519990444,313.53684488932294,23.92627239227295,37.9609375
training,fixed_depth,,tensor,13,ac,passed,,1182204672,12,12,extension,experiments/l40s/results/loop-sweep/training-fixed_depth-tensor-r064-t13-ac.json,,,,,,,,,,,,,,,,,,,,,,449.8258056640625,18.893031120300293,449.864334994345,447.7969156901042,18.893518447875977,26.98828125
training,fixed_depth,,tensor,13,none,passed,,1182204672,12,12,original,experiments/l40s/results/loop-baseline/training-fixed_depth-tensor-t13.json,,,,,,,,,,,,,,,,,,,,,,356.0652770996094,25.797544479370117,356.1044449961628,354.4224446614583,25.7974853515625,41.34375
training,fixed_depth,,tensor,14,ac,passed,,1267139328,12,12,extension,experiments/l40s/results/loop-sweep/training-fixed_depth-tensor-r064-t14-ac.json,,,,,,,,,,,,,,,,,,,,,,560.2222290039062,20.187708854675293,560.2625660030753,560.5481770833334,20.187097549438477,29.091796875
training,fixed_depth,,tensor,14,none,passed,,1267139328,12,12,original,experiments/l40s/results/loop-baseline/training-fixed_depth-tensor-t14.json,,,,,,,,,,,,,,,,,,,,,,430.2110595703125,27.599854469299316,430.28532400057884,429.2208658854167,27.59997844696045,37.638671875
training,fixed_depth,,tensor,15,ac,passed,,1352073984,12,12,extension,experiments/l40s/results/loop-sweep/training-fixed_depth-tensor-r064-t15-ac.json,,,,,,,,,,,,,,,,,,,,,,629.0554809570312,21.554774284362793,629.0982959981193,628.1526692708334,21.550622940063477,30.984375
training,fixed_depth,,tensor,15,none,passed,,1352073984,12,12,original,experiments/l40s/results/loop-baseline/training-fixed_depth-tensor-t15.json,,,,,,,,,,,,,,,,,,,,,,479.5699157714844,29.447996139526367,479.61186300381087,478.1704508463542,29.4482421875,39.828125
training,fixed_depth,,tensor,16,ac,passed,,1437008640,12,12,extension,experiments/l40s/results/loop-sweep/training-fixed_depth-tensor-r064-t16-ac.json,,,,,,,,,,,,,,,,,,,,,,677.6094970703125,22.951258659362793,677.6700400005211,676.6785888671875,22.949548721313477,33.078125
training,fixed_depth,,tensor,16,none,passed,,1437008640,12,12,original,experiments/l40s/results/loop-baseline/training-fixed_depth-tensor-t16.json,,,,,,,,,,,,,,,,,,,,,,514.3101196289062,31.317261695861816,514.3525000021327,513.00146484375,31.31811809539795,41.732421875
training,fixed_depth,,torch,1,ac,passed,,162988800,12,12,extension,experiments/l40s/results/loop-sweep/training-fixed_depth-torch-r064-t01-ac.json,,,,,,,,,,,,,,,,,,,,,,63.46137619018555,4.3762969970703125,63.49356399732642,57.667582194010414,4.392473220825195,8.552734375
training,fixed_depth,,torch,1,none,passed,,162988800,12,12,original,experiments/l40s/results/loop-baseline/training-fixed_depth-torch-t01.json,,,,,,,,,,,,,,,,,,,,,,52.959232330322266,5.9158477783203125,52.993898003478535,51.80518595377604,5.9278764724731445,11.1640625
training,fixed_depth,,torch,2,ac,passed,,247923456,12,12,extension,experiments/l40s/results/loop-sweep/training-fixed_depth-torch-r064-t02-ac.json,,,,,,,,,,,,,,,,,,,,,,83.88813018798828,5.328680992126465,83.92097400064813,82.34222920735677,5.344857215881348,10.1171875
training,fixed_depth,,torch,2,none,passed,,247923456,12,12,original,experiments/l40s/results/loop-baseline/training-fixed_depth-torch-t02.json,,,,,,,,,,,,,,,,,,,,,,73.49657440185547,7.867877006530762,73.52946699757013,72.35447692871094,7.899803161621094,14.267578125
training,fixed_depth,,torch,3,ac,passed,,332858112,12,12,extension,experiments/l40s/results/loop-sweep/training-fixed_depth-torch-r064-t03-ac.json,,,,,,,,,,,,,,,,,,,,,,110.41190338134766,6.378485679626465,110.44415600190405,108.81092325846355,6.389107704162598,11.525390625
training,fixed_depth,,torch,3,none,passed,,332858112,12,12,original,experiments/l40s/results/loop-baseline/training-fixed_depth-torch-t03.json,,,,,,,,,,,,,,,,,,,,,,94.38412475585938,9.812520980834961,94.41756899832399,93.32326253255208,9.826072692871094,16.88671875
training,fixed_depth,,torch,4,ac,passed,,417792768,12,12,extension,experiments/l40s/results/loop-sweep/training-fixed_depth-torch-r064-t04-ac.json,,,,,,,,,,,,,,,,,,,,,,131.8850555419922,7.507269859313965,131.9178749981802,130.16439819335938,7.518996238708496,12.6875
training,fixed_depth,,torch,4,none,passed,,417792768,12,12,original,experiments/l40s/results/loop-baseline/training-fixed_depth-torch-t04.json,,,,,,,,,,,,,,,,,,,,,,111.5330581665039,11.772845268249512,111.56972200114978,110.61383056640625,11.787626266479492,20.140625
training,fixed_depth,,torch,5,ac,passed,,502727424,12,12,extension,experiments/l40s/results/loop-sweep/training-fixed_depth-torch-r064-t05-ac.json,,,,,,,,,,,,,,,,,,,,,,154.82470703125,8.640933990478516,154.85939800419146,154.59532674153647,8.651561737060547,14.30859375
training,fixed_depth,,torch,5,none,passed,,502727424,12,12,original,experiments/l40s/results/loop-baseline/training-fixed_depth-torch-t05.json,,,,,,,,,,,,,,,,,,,,,,131.74887084960938,13.753011703491211,131.78362600228866,131.2696329752604,13.763572692871094,23.21484375
training,fixed_depth,,torch,6,ac,passed,,587662080,12,12,extension,experiments/l40s/results/loop-sweep/training-fixed_depth-torch-r064-t06-ac.json,,,,,,,,,,,,,,,,,,,,,,183.00006103515625,9.707831382751465,183.0329019940109,183.28951009114584,9.715288162231445,16.037109375
training,fixed_depth,,torch,6,none,passed,,587662080,12,12,original,experiments/l40s/results/loop-baseline/training-fixed_depth-torch-t06.json,,,,,,,,,,,,,,,,,,,,,,152.38143920898438,15.664446830749512,152.41565000178525,152.1063028971354,15.689603805541992,26.26171875
training,fixed_depth,,torch,7,ac,passed,,672596736,12,12,extension,experiments/l40s/results/loop-sweep/training-fixed_depth-torch-r064-t07-ac.json,,,,,,,,,,,,,,,,,,,,,,206.79373168945312,10.808908462524414,206.82963799481513,207.71394856770834,10.819780349731445,17.529296875
training,fixed_depth,,torch,7,none,passed,,672596736,12,12,original,experiments/l40s/results/loop-baseline/training-fixed_depth-torch-t07.json,,,,,,,,,,,,,,,,,,,,,,170.78271484375,17.64174461364746,170.81741999572841,170.27789306640625,17.656517028808594,29.404296875
training,fixed_depth,,torch,8,ac,passed,,757531392,12,12,extension,experiments/l40s/results/loop-sweep/training-fixed_depth-torch-r064-t08-ac.json,,,,,,,,,,,,,,,,,,,,,,227.27264404296875,12.048667907714844,227.30713799683144,228.71073404947916,12.065030097961426,18.99609375
training,fixed_depth,,torch,8,none,passed,,757531392,12,12,original,experiments/l40s/results/loop-baseline/training-fixed_depth-torch-t08.json,,,,,,,,,,,,,,,,,,,,,,188.10777282714844,19.59096336364746,188.1431430010707,187.94291178385416,19.603172302246094,32.2734375
training,fixed_depth,,torch,9,ac,passed,,842466048,12,12,extension,experiments/l40s/results/loop-sweep/training-fixed_depth-torch-r064-t09-ac.json,,,,,,,,,,,,,,,,,,,,,,246.30374145507812,13.443812370300293,246.33937400358263,244.9052937825521,13.459927558898926,21.1328125
training,fixed_depth,,torch,9,none,passed,,842466048,12,12,original,experiments/l40s/results/loop-baseline/training-fixed_depth-torch-t09.json,,,,,,,,,,,,,,,,,,,,,,208.49664306640625,21.55354595184326,208.5330720001366,207.45076497395834,21.569608688354492,35.42578125
training,fixed_depth,,torch,10,ac,passed,,927400704,12,12,extension,experiments/l40s/results/loop-sweep/training-fixed_depth-torch-r064-t10-ac.json,,,,,,,,,,,,,,,,,,,,,,275.45086669921875,14.741294860839844,275.4857469990384,278.87274169921875,14.759854316711426,22.50390625
training,fixed_depth,,torch,10,none,passed,,927400704,12,12,original,experiments/l40s/results/loop-baseline/training-fixed_depth-torch-t10.json,,,,,,,,,,,,,,,,,,,,,,232.56985473632812,23.48604106903076,232.60510600084672,233.7430216471354,23.503812789916992,38.23828125
training,fixed_depth,,torch,11,ac,passed,,1012335360,12,12,extension,experiments/l40s/results/loop-sweep/training-fixed_depth-torch-r064-t11-ac.json,,,,,,,,,,,,,,,,,,,,,,297.638916015625,16.108848571777344,297.68169600720285,298.3813069661458,16.125823974609375,23.703125
training,fixed_depth,,torch,11,none,passed,,1012335360,12,12,original,experiments/l40s/results/loop-baseline/training-fixed_depth-torch-t11.json,,,,,,,,,,,,,,,,,,,,,,252.832763671875,25.42452049255371,252.8708509998978,254.3431599934896,25.436668395996094,41.41015625
training,fixed_depth,,torch,12,ac,passed,,1097270016,12,12,extension,experiments/l40s/results/loop-sweep/training-fixed_depth-torch-r064-t12-ac.json,,,,,,,,,,,,,,,,,,,,,,314.69769287109375,17.503743171691895,314.73275699681835,317.5082600911458,17.521326065063477,28.01171875
training,fixed_depth,,torch,12,none,passed,,1097270016,12,12,original,experiments/l40s/results/loop-baseline/training-fixed_depth-torch-t12.json,,,,,,,,,,,,,,,,,,,,,,271.3373718261719,27.385818481445312,271.3742400010233,275.2105305989583,27.403834342956543,35.169921875
training,fixed_depth,,torch,13,ac,passed,,1182204672,12,12,extension,experiments/l40s/results/loop-sweep/training-fixed_depth-torch-r064-t13-ac.json,,,,,,,,,,,,,,,,,,,,,,340.3816833496094,18.89975070953369,340.4166150066885,343.2167561848958,18.915743827819824,29.34765625
training,fixed_depth,,torch,13,none,passed,,1182204672,12,12,original,experiments/l40s/results/loop-baseline/training-fixed_depth-torch-t13.json,,,,,,,,,,,,,,,,,,,,,,289.8503723144531,29.37618064880371,289.88672800187487,291.3966064453125,29.386863708496094,38.6484375
training,fixed_depth,,torch,14,ac,passed,,1267139328,12,12,extension,experiments/l40s/results/loop-sweep/training-fixed_depth-torch-r064-t14-ac.json,,,,,,,,,,,,,,,,,,,,,,365.6990661621094,20.199064254760742,365.7501810012036,369.5001627604167,20.216403007507324,30.9140625
training,fixed_depth,,torch,14,none,passed,,1267139328,12,12,original,experiments/l40s/results/loop-baseline/training-fixed_depth-torch-t14.json,,,,,,,,,,,,,,,,,,,,,,310.04364013671875,31.26875591278076,310.1071260025492,313.71059163411456,31.299589157104492,41.1015625
training,fixed_depth,,torch,15,ac,passed,,1352073984,12,12,extension,experiments/l40s/results/loop-sweep/training-fixed_depth-torch-r064-t15-ac.json,,,,,,,,,,,,,,,,,,,,,,387.9924011230469,21.567957878112793,388.07072000054177,390.8509114583333,21.586758613586426,34.05859375
training,fixed_depth,,torch,15,none,passed,,1352073984,12,12,original,experiments/l40s/results/loop-baseline/training-fixed_depth-torch-t15.json,,,,,,,,,,,,,,,,,,,,,,333.66839599609375,33.25301170349121,333.7320299979183,338.2633870442708,33.263572692871094,43.6171875
training,fixed_depth,,torch,16,ac,passed,,1437008640,12,12,extension,experiments/l40s/results/loop-sweep/training-fixed_depth-torch-r064-t16-ac.json,,,,,,,,,,,,,,,,,,,,,,414.7413330078125,22.964930534362793,414.77971200220054,422.9539794921875,22.978482246398926,34.9921875
training,fixed_depth,,torch,16,none,out_of_memory,training_graph,1437008640,12,12,original,experiments/l40s/results/loop-baseline/training-fixed_depth-torch-t16.json,,,,,,,,,,,,,,,,,,,,,,352.9809875488281,35.20564556121826,353.0763270027819,,,
training,llt,32,tensor,1,ac,passed,,149447424,12,12,extension,experiments/l40s/results/loop-sweep/training-llt-tensor-r032-t01-ac.json,,,,,,,,,,,,,,,,,,,,,,73.86009979248047,2.665498733520508,73.89759000216145,43.3623046875,2.6655006408691406,4.265625
training,llt,32,tensor,1,lac,passed,,149447424,12,12,extension,experiments/l40s/results/loop-sweep/training-llt-tensor-r032-t01-lac.json,,,,,,,,,,,,,,,,,,,,,,60.625919342041016,3.6961355209350586,60.64907000109088,38.97992451985677,3.695158004760742,5.982421875
training,llt,32,tensor,1,none,passed,,149447424,12,12,extension,experiments/l40s/results/loop-sweep/training-llt-tensor-r032-t01-none.json,,,,,,,,,,,,,,,,,,,,,,55.1649284362793,3.7955007553100586,55.19007900147699,37.93885803222656,3.794034957885742,6.2421875
training,llt,32,tensor,2,ac,passed,,149447424,24,12,extension,experiments/l40s/results/loop-sweep/training-llt-tensor-r032-t02-ac.json,,,,,,,,,,,,,,,,,,,,,,123.28038024902344,2.8053855895996094,123.3058380021248,70.60103352864583,2.805387496948242,4.421875
training,llt,32,tensor,2,lac,passed,,149447424,24,12,extension,experiments/l40s/results/loop-sweep/training-llt-tensor-r032-t02-lac.json,,,,,,,,,,,,,,,,,,,,,,98.04390716552734,4.878630638122559,98.07187700062059,61.5926513671875,4.873258590698242,8.416015625
training,llt,32,tensor,2,none,passed,,149447424,24,12,extension,experiments/l40s/results/loop-sweep/training-llt-tensor-r032-t02-none.json,,,,,,,,,,,,,,,,,,,,,,83.58697509765625,5.084685325622559,83.61012900422793,59.54798889160156,5.084931373596191,9.28125
training,llt,32,tensor,3,ac,passed,,149447424,36,12,extension,experiments/l40s/results/loop-sweep/training-llt-tensor-r032-t03-ac.json,,,,,,,,,,,,,,,,,,,,,,172.1466827392578,2.9484548568725586,172.17410400189692,97.52402750651042,2.947477340698242,4.638671875
training,llt,32,tensor,3,lac,passed,,149447424,36,12,extension,experiments/l40s/results/loop-sweep/training-llt-tensor-r032-t03-lac.json,,,,,,,,,,,,,,,,,,,,,,136.24217224121094,6.037688255310059,136.26395099709043,84.03558349609375,6.033781051635742,11.16796875
training,llt,32,tensor,3,none,passed,,149447424,36,12,extension,experiments/l40s/results/loop-sweep/training-llt-tensor-r032-t03-none.json,,,,,,,,,,,,,,,,,,,,,,114.4238052368164,6.359465599060059,114.44882900104858,80.86355082194011,6.357270240783691,11.958984375
training,llt,32,tensor,4,ac,passed,,149447424,48,12,extension,experiments/l40s/results/loop-sweep/training-llt-tensor-r032-t04-ac.json,,,,,,,,,,,,,,,,,,,,,,219.62547302246094,3.0885915756225586,219.65235599782318,124.9812520345052,3.087858200073242,4.923828125
training,llt,32,tensor,4,lac,passed,,149447424,48,12,extension,experiments/l40s/results/loop-sweep/training-llt-tensor-r032-t04-lac.json,,,,,,,,,,,,,,,,,,,,,,173.75027465820312,7.198210716247559,173.77801199472742,107.04725138346355,7.194303512573242,13.53515625
training,llt,32,tensor,4,none,passed,,149447424,48,12,extension,experiments/l40s/results/loop-sweep/training-llt-tensor-r032-t04-none.json,,,,,,,,,,,,,,,,,,,,,,147.61062622070312,7.627654075622559,147.6369260053616,102.67820231119792,7.625946998596191,14.623046875
training,llt,32,tensor,5,ac,passed,,149447424,60,12,extension,experiments/l40s/results/loop-sweep/training-llt-tensor-r032-t05-ac.json,,,,,,,,,,,,,,,,,,,,,,269.4799499511719,3.2292165756225586,269.5064149957034,152.1251017252604,3.228483200073242,5.228515625
training,llt,32,tensor,5,lac,passed,,149447424,60,12,extension,experiments/l40s/results/loop-sweep/training-llt-tensor-r032-t05-lac.json,,,,,,,,,,,,,,,,,,,,,,211.7734375,8.358733177185059,211.80336399993394,129.68037923177084,8.354825973510742,15.90234375
training,llt,32,tensor,5,none,passed,,149447424,60,12,extension,experiments/l40s/results/loop-sweep/training-llt-tensor-r032-t05-none.json,,,,,,,,,,,,,,,,,,,,,,177.987548828125,8.895842552185059,178.0158709952957,124.3163350423177,8.894623756408691,17.2890625
training,llt,32,tensor,6,ac,passed,,149447424,72,12,extension,experiments/l40s/results/loop-sweep/training-llt-tensor-r032-t06-ac.json,,,,,,,,,,,,,,,,,,,,,,317.1481628417969,3.3698415756225586,317.1769079999649,179.1535441080729,3.369108200073242,5.509765625
training,llt,32,tensor,6,lac,passed,,149447424,72,12,extension,experiments/l40s/results/loop-sweep/training-llt-tensor-r032-t06-lac.json,,,,,,,,,,,,,,,,,,,,,,249.133056640625,9.519255638122559,249.15804999909597,152.05512491861978,9.515348434448242,18.28125
training,llt,32,tensor,6,none,passed,,149447424,72,12,extension,experiments/l40s/results/loop-sweep/training-llt-tensor-r032-t06-none.json,,,,,,,,,,,,,,,,,,,,,,200.99685668945312,10.164031028747559,201.04017900303006,145.82715861002603,10.163300514221191,19.955078125
training,llt,32,tensor,7,ac,passed,,149447424,84,12,extension,experiments/l40s/results/loop-sweep/training-llt-tensor-r032-t07-ac.json,,,,,,,,,,,,,,,,,,,,,,369.986572265625,3.5104665756225586,370.0186260030023,206.0233357747396,3.509733200073242,5.791015625
training,llt,32,tensor,7,lac,passed,,149447424,84,12,extension,experiments/l40s/results/loop-sweep/training-llt-tensor-r032-t07-lac.json,,,,,,,,,,,,,,,,,,,,,,285.1153869628906,10.679778099060059,285.14456000266364,174.44966634114584,10.675870895385742,20.6484375
training,llt,32,tensor,7,none,passed,,149447424,84,12,extension,experiments/l40s/results/loop-sweep/training-llt-tensor-r032-t07-none.json,,,,,,,,,,,,,,,,,,,,,,232.91375732421875,11.432219505310059,232.99176299769897,167.72095743815103,11.431977272033691,22.619140625
training,llt,32,tensor,8,ac,passed,,149447424,96,12,extension,experiments/l40s/results/loop-sweep/training-llt-tensor-r032-t08-ac.json,,,,,,,,,,,,,,,,,,,,,,426.0628356933594,3.6510915756225586,426.0920420056209,232.47052001953125,3.650358200073242,6.072265625
training,llt,32,tensor,8,lac,passed,,149447424,96,12,extension,experiments/l40s/results/loop-sweep/training-llt-tensor-r032-t08-lac.json,,,,,,,,,,,,,,,,,,,,,,319.5054016113281,11.840300559997559,319.5331160022761,196.24344889322916,11.836393356323242,23.02734375
training,llt,32,tensor,8,none,passed,,149447424,96,12,extension,experiments/l40s/results/loop-sweep/training-llt-tensor-r032-t08-none.json,,,,,,,,,,,,,,,,,,,,,,262.59967041015625,12.700407981872559,262.62599600158865,191.40301513671875,12.700654029846191,25.28515625
training,llt,32,tensor,9,ac,passed,,149447424,108,12,extension,experiments/l40s/results/loop-sweep/training-llt-tensor-r032-t09-ac.json,,,,,,,,,,,,,,,,,,,,,,462.4957580566406,3.7917165756225586,462.53637499467004,262.5423177083333,3.790983200073242,6.353515625
training,llt,32,tensor,9,lac,passed,,149447424,108,12,extension,experiments/l40s/results/loop-sweep/training-llt-tensor-r032-t09-lac.json,,,,,,,,,,,,,,,,,,,,,,364.46514892578125,13.000823020935059,364.4920090009691,220.0428670247396,12.996915817260742,25.396484375
training,llt,32,tensor,9,none,passed,,149447424,108,12,extension,experiments/l40s/results/loop-sweep/training-llt-tensor-r032-t09-none.json,,,,,,,,,,,,,,,,,,,,,,299.931640625,13.968596458435059,299.96150599617977,211.4583536783854,13.969330787658691,28.333984375
training,llt,32,tensor,10,ac,passed,,149447424,120,12,extension,experiments/l40s/results/loop-sweep/training-llt-tensor-r032-t10-ac.json,,,,,,,,,,,,,,,,,,,,,,520.4869384765625,3.9323415756225586,520.5143229977693,286.08205159505206,3.931608200073242,6.634765625
training,llt,32,tensor,10,lac,passed,,149447424,120,12,extension,experiments/l40s/results/loop-sweep/training-llt-tensor-r032-t10-lac.json,,,,,,,,,,,,,,,,,,,,,,401.3209533691406,14.161345481872559,401.3506569972378,241.26737467447916,14.157438278198242,27.7734375
training,llt,32,tensor,10,none,passed,,149447424,120,12,extension,experiments/l40s/results/loop-sweep/training-llt-tensor-r032-t10-none.json,,,,,,,,,,,,,,,,,,,,,,327.12823486328125,15.236784934997559,327.157088999229,231.0546875,15.238007545471191,31.0
training,llt,32,tensor,11,ac,passed,,149447424,132,12,extension,experiments/l40s/results/loop-sweep/training-llt-tensor-r032-t11-ac.json,,,,,,,,,,,,,,,,,,,,,,564.4246215820312,4.072966575622559,564.453622995643,315.7862141927083,4.072233200073242,6.916015625
training,llt,32,tensor,11,lac,passed,,149447424,132,12,extension,experiments/l40s/results/loop-sweep/training-llt-tensor-r032-t11-lac.json,,,,,,,,,,,,,,,,,,,,,,428.5870056152344,15.321867942810059,428.620314996806,267.4984944661458,15.317960739135742,30.142578125
training,llt,32,tensor,11,none,passed,,149447424,132,12,extension,experiments/l40s/results/loop-sweep/training-llt-tensor-r032-t11-none.json,,,,,,,,,,,,,,,,,,,,,,344.4029541015625,16.50497341156006,344.4300999981351,254.93572998046875,16.50668430328369,33.6640625
training,llt,32,tensor,12,ac,passed,,149447424,144,12,extension,experiments/l40s/results/loop-sweep/training-llt-tensor-r032-t12-ac.json,,,,,,,,,,,,,,,,,,,,,,629.8079833984375,4.213591575622559,629.8356350016547,339.8543294270833,4.212858200073242,7.197265625
training,llt,32,tensor,12,lac,passed,,149447424,144,12,extension,experiments/l40s/results/loop-sweep/training-llt-tensor-r032-t12-lac.json,,,,,,,,,,,,,,,,,,,,,,480.2191467285156,16.48239040374756,480.2507760032313,285.99159749348956,16.478483200073242,32.5234375
training,llt,32,tensor,12,none,passed,,149447424,144,12,extension,experiments/l40s/results/loop-sweep/training-llt-tensor-r032-t12-none.json,,,,,,,,,,,,,,,,,,,,,,386.7697448730469,17.77316188812256,386.80160399962915,273.58310953776044,17.77536106109619,36.330078125
training,llt,32,tensor,13,ac,passed,,149447424,156,12,extension,experiments/l40s/results/loop-sweep/training-llt-tensor-r032-t13-ac.json,,,,,,,,,,,,,,,,,,,,,,674.7728271484375,4.354216575622559,674.8023690015543,367.1388346354167,4.353483200073242,7.478515625
training,llt,32,tensor,13,lac,passed,,149447424,156,12,extension,experiments/l40s/results/loop-sweep/training-llt-tensor-r032-t13-lac.json,,,,,,,,,,,,,,,,,,,,,,506.5349426269531,17.64291286468506,506.5674720026436,308.88238525390625,17.639005661010742,34.890625
training,llt,32,tensor,13,none,passed,,149447424,156,12,extension,experiments/l40s/results/loop-sweep/training-llt-tensor-r032-t13-none.json,,,,,,,,,,,,,,,,,,,,,,414.54388427734375,19.04135036468506,414.572195004439,295.7022705078125,19.04403781890869,38.99609375
training,llt,32,tensor,14,ac,passed,,149447424,168,12,extension,experiments/l40s/results/loop-sweep/training-llt-tensor-r032-t14-ac.json,,,,,,,,,,,,,,,,,,,,,,711.8233642578125,4.494841575622559,711.8538709983113,395.3568522135417,4.494108200073242,7.759765625
training,llt,32,tensor,14,lac,passed,,149447424,168,12,extension,experiments/l40s/results/loop-sweep/training-llt-tensor-r032-t14-lac.json,,,,,,,,,,,,,,,,,,,,,,556.1774291992188,18.80343532562256,556.225596999866,331.97568766276044,18.799528121948242,37.26953125
training,llt,32,tensor,14,none,passed,,149447424,168,12,extension,experiments/l40s/results/loop-sweep/training-llt-tensor-r032-t14-none.json,,,,,,,,,,,,,,,,,,,,,,449.1878356933594,20.30953884124756,449.21429300302407,316.9337972005208,20.31271457672119,41.66015625
training,llt,32,tensor,15,ac,passed,,149447424,180,12,extension,experiments/l40s/results/loop-sweep/training-llt-tensor-r032-t15-ac.json,,,,,,,,,,,,,,,,,,,,,,771.8215942382812,4.635466575622559,771.860556997126,422.1296793619792,4.634733200073242,8.041015625
training,llt,32,tensor,15,lac,passed,,149447424,180,12,extension,experiments/l40s/results/loop-sweep/training-llt-tensor-r032-t15-lac.json,,,,,,,,,,,,,,,,,,,,,,584.1785888671875,19.96395778656006,584.2115920022479,355.244384765625,19.960050582885742,39.638671875
training,llt,32,tensor,15,none,passed,,149447424,180,12,extension,experiments/l40s/results/loop-sweep/training-llt-tensor-r032-t15-none.json,,,,,,,,,,,,,,,,,,,,,,477.2515869140625,21.57821559906006,477.2817480043159,339.56113688151044,21.58139133453369,23.619140625
training,llt,32,tensor,16,ac,passed,,149447424,192,12,extension,experiments/l40s/results/loop-sweep/training-llt-tensor-r032-t16-ac.json,,,,,,,,,,,,,,,,,,,,,,822.0528564453125,4.776091575622559,822.0879010041244,448.6683349609375,4.775358200073242,8.322265625
training,llt,32,tensor,16,lac,passed,,149447424,192,12,extension,experiments/l40s/results/loop-sweep/training-llt-tensor-r032-t16-lac.json,,,,,,,,,,,,,,,,,,,,,,630.6693115234375,21.12448024749756,630.7028180017369,377.3839518229167,21.120573043823242,42.40234375
training,llt,32,tensor,16,none,passed,,149447424,192,12,extension,experiments/l40s/results/loop-sweep/training-llt-tensor-r032-t16-none.json,,,,,,,,,,,,,,,,,,,,,,517.897216796875,22.84591579437256,517.9291910026222,359.6031901041667,22.85006809234619,25.25390625
training,llt,32,torch,1,ac,passed,,149447424,12,12,extension,experiments/l40s/results/loop-sweep/training-llt-torch-r032-t01-ac.json,,,,,,,,,,,,,,,,,,,,,,56.71833419799805,4.285562992095947,56.7816370021319,49.5639902750651,4.28843355178833,8.49609375
training,llt,32,torch,1,lac,passed,,149447424,12,12,extension,experiments/l40s/results/loop-sweep/training-llt-torch-r032-t01-lac.json,,,,,,,,,,,,,,,,,,,,,,51.53590393066406,5.274448871612549,51.566357993579004,46.23699442545573,5.274886608123779,9.408203125
training,llt,32,torch,1,none,passed,,149447424,12,12,extension,experiments/l40s/results/loop-sweep/training-llt-torch-r032-t01-none.json,,,,,,,,,,,,,,,,,,,,,,49.13151931762695,5.355517864227295,49.160921000293456,45.8260498046875,5.356441020965576,9.521484375
training,llt,32,torch,2,ac,passed,,149447424,24,12,extension,experiments/l40s/results/loop-sweep/training-llt-torch-r032-t02-ac.json,,,,,,,,,,,,,,,,,,,,,,81.73158264160156,4.427280902862549,81.76115699461661,70.49181620279948,4.42979097366333,8.041015625
training,llt,32,torch,2,lac,passed,,149447424,24,12,extension,experiments/l40s/results/loop-sweep/training-llt-torch-r032-t02-lac.json,,,,,,,,,,,,,,,,,,,,,,72.44493103027344,6.311194896697998,72.49638699431671,64.09518941243489,6.308084011077881,11.525390625
training,llt,32,torch,2,none,passed,,149447424,24,12,extension,experiments/l40s/results/loop-sweep/training-llt-torch-r032-t02-none.json,,,,,,,,,,,,,,,,,,,,,,67.14057922363281,6.468563556671143,67.1715429998585,63.25384521484375,6.468390941619873,12.515625
training,llt,32,torch,3,ac,passed,,149447424,36,12,extension,experiments/l40s/results/loop-sweep/training-llt-torch-r032-t03-ac.json,,,,,,,,,,,,,,,,,,,,,,111.2779541015625,4.563514232635498,111.3039550036774,91.60189819335938,4.56797456741333,8.322265625
training,llt,32,torch,3,lac,passed,,149447424,36,12,extension,experiments/l40s/results/loop-sweep/training-llt-torch-r032-t03-lac.json,,,,,,,,,,,,,,,,,,,,,,93.12355041503906,7.341465473175049,93.1611689957208,82.05141194661458,7.343245983123779,14.35546875
training,llt,32,torch,3,none,passed,,149447424,36,12,extension,experiments/l40s/results/loop-sweep/training-llt-torch-r032-t03-none.json,,,,,,,,,,,,,,,,,,,,,,85.95455932617188,7.5580525398254395,86.01051500590984,80.73352559407552,7.56080961227417,14.724609375
training,llt,32,torch,4,ac,passed,,149447424,48,12,extension,experiments/l40s/results/loop-sweep/training-llt-torch-r032-t04-ac.json,,,,,,,,,,,,,,,,,,,,,,142.5232391357422,4.701697826385498,142.5525469967397,113.12503051757812,4.70859956741333,8.603515625
training,llt,32,torch,4,lac,passed,,149447424,48,12,extension,experiments/l40s/results/loop-sweep/training-llt-torch-r032-t04-lac.json,,,,,,,,,,,,,,,,,,,,,,114.5947494506836,8.360386371612549,114.62375600240193,100.1547139485677,8.36314344406128,16.41796875
training,llt,32,torch,4,none,passed,,149447424,48,12,extension,experiments/l40s/results/loop-sweep/training-llt-torch-r032-t04-none.json,,,,,,,,,,,,,,,,,,,,,,104.11724853515625,8.650471210479736,104.14669100282481,98.5163065592448,8.653228282928467,16.93359375
training,llt,32,torch,5,ac,passed,,149447424,60,12,extension,experiments/l40s/results/loop-sweep/training-llt-torch-r032-t05-ac.json,,,,,,,,,,,,,,,,,,,,,,175.56991577148438,4.841590404510498,175.59921900101472,134.33036295572916,4.84922456741333,8.884765625
training,llt,32,torch,5,lac,passed,,149447424,60,12,extension,experiments/l40s/results/loop-sweep/training-llt-torch-r032-t05-lac.json,,,,,,,,,,,,,,,,,,,,,,136.0957489013672,9.380283832550049,136.12558399472618,118.3819071451823,9.38304090499878,18.482421875
training,llt,32,torch,5,none,passed,,149447424,60,12,extension,experiments/l40s/results/loop-sweep/training-llt-torch-r032-t05-none.json,,,,,,,,,,,,,,,,,,,,,,123.96953582763672,9.742889881134033,123.99933599954238,116.18656412760417,9.745646953582764,19.138671875
training,llt,32,torch,6,ac,passed,,149447424,72,12,extension,experiments/l40s/results/loop-sweep/training-llt-torch-r032-t06-ac.json,,,,,,,,,,,,,,,,,,,,,,206.3297576904297,4.982215404510498,206.36289099638816,155.22918701171875,4.98984956741333,9.166015625
training,llt,32,torch,6,lac,passed,,149447424,72,12,extension,experiments/l40s/results/loop-sweep/training-llt-torch-r032-t06-lac.json,,,,,,,,,,,,,,,,,,,,,,156.80099487304688,10.400181293487549,156.8324429972563,136.23193359375,10.40293836593628,20.544921875
training,llt,32,torch,6,none,passed,,149447424,72,12,extension,experiments/l40s/results/loop-sweep/training-llt-torch-r032-t06-none.json,,,,,,,,,,,,,,,,,,,,,,143.1787567138672,10.83530855178833,143.20990400301525,133.65719604492188,10.83806562423706,21.34765625
training,llt,32,torch,7,ac,passed,,149447424,84,12,extension,experiments/l40s/results/loop-sweep/training-llt-torch-r032-t07-ac.json,,,,,,,,,,,,,,,,,,,,,,238.87872314453125,5.122840404510498,238.9156639983412,177.0035196940104,5.13047456741333,9.447265625
training,llt,32,torch,7,lac,passed,,149447424,84,12,extension,experiments/l40s/results/loop-sweep/training-llt-torch-r032-t07-lac.json,,,,,,,,,,,,,,,,,,,,,,177.56057739257812,11.420078754425049,177.6116959954379,154.14647420247397,11.42283582687378,22.609375
training,llt,32,torch,7,none,passed,,149447424,84,12,extension,experiments/l40s/results/loop-sweep/training-llt-torch-r032-t07-none.json,,,,,,,,,,,,,,,,,,,,,,161.0240020751953,11.927727222442627,161.0609220006154,150.96695963541666,11.930484294891357,23.5546875
training,llt,32,torch,8,ac,passed,,149447424,96,12,extension,experiments/l40s/results/loop-sweep/training-llt-torch-r032-t08-ac.json,,,,,,,,,,,,,,,,,,,,,,267.5302429199219,5.263465404510498,267.56108000699896,196.2031453450521,5.27109956741333,9.728515625
training,llt,32,torch,8,lac,passed,,149447424,96,12,extension,experiments/l40s/results/loop-sweep/training-llt-torch-r032-t08-lac.json,,,,,,,,,,,,,,,,,,,,,,204.61158752441406,12.439976215362549,204.6656129969051,170.72503662109375,12.44273328781128,24.669921875
training,llt,32,torch,8,none,passed,,149447424,96,12,extension,experiments/l40s/results/loop-sweep/training-llt-torch-r032-t08-none.json,,,,,,,,,,,,,,,,,,,,,,178.02342224121094,13.020145893096924,178.05663699982688,167.30760701497397,13.022902965545654,25.763671875
training,llt,32,torch,9,ac,passed,,149447424,108,12,extension,experiments/l40s/results/loop-sweep/training-llt-torch-r032-t09-ac.json,,,,,,,,,,,,,,,,,,,,,,303.48394775390625,5.404090404510498,303.5144460009178,218.22900390625,5.41172456741333,10.009765625
training,llt,32,torch,9,lac,passed,,149447424,108,12,extension,experiments/l40s/results/loop-sweep/training-llt-torch-r032-t09-lac.json,,,,,,,,,,,,,,,,,,,,,,220.7406005859375,13.459873676300049,220.77894300309708,189.4321492513021,13.46263074874878,26.734375
training,llt,32,torch,9,none,passed,,149447424,108,12,extension,experiments/l40s/results/loop-sweep/training-llt-torch-r032-t09-none.json,,,,,,,,,,,,,,,,,,,,,,198.08460998535156,14.11256456375122,198.11648999893805,186.1918741861979,14.115321636199951,27.97265625
training,llt,32,torch,10,ac,passed,,149447424,120,12,extension,experiments/l40s/results/loop-sweep/training-llt-torch-r032-t10-ac.json,,,,,,,,,,,,,,,,,,,,,,335.4880065917969,5.544715404510498,335.5260489988723,239.64739990234375,5.55234956741333,10.291015625
training,llt,32,torch,10,lac,passed,,149447424,120,12,extension,experiments/l40s/results/loop-sweep/training-llt-torch-r032-t10-lac.json,,,,,,,,,,,,,,,,,,,,,,241.1345977783203,14.479771137237549,241.16588100150693,207.63374837239584,14.48252820968628,28.796875
training,llt,32,torch,10,none,passed,,149447424,120,12,extension,experiments/l40s/results/loop-sweep/training-llt-torch-r032-t10-none.json,,,,,,,,,,,,,,,,,,,,,,215.56640625,15.204983234405518,215.60041500197258,202.6786092122396,15.207740306854248,30.1796875
training,llt,32,torch,11,ac,passed,,149447424,132,12,extension,experiments/l40s/results/loop-sweep/training-llt-torch-r032-t11-ac.json,,,,,,,,,,,,,,,,,,,,,,363.789306640625,5.685340404510498,363.8249040013761,259.7126871744792,5.69297456741333,10.572265625
training,llt,32,torch,11,lac,passed,,149447424,132,12,extension,experiments/l40s/results/loop-sweep/training-llt-torch-r032-t11-lac.json,,,,,,,,,,,,,,,,,,,,,,270.160888671875,15.499668598175049,270.19219499925384,224.03617350260416,15.50242567062378,30.859375
training,llt,32,torch,11,none,passed,,149447424,132,12,extension,experiments/l40s/results/loop-sweep/training-llt-torch-r032-t11-none.json,,,,,,,,,,,,,,,,,,,,,,235.30393981933594,16.297401905059814,235.33962900546612,221.05804443359375,16.300158977508545,32.390625
training,llt,32,torch,12,ac,passed,,149447424,144,12,extension,experiments/l40s/results/loop-sweep/training-llt-torch-r032-t12-ac.json,,,,,,,,,,,,,,,,,,,,,,402.64190673828125,5.825965404510498,402.6767999966978,280.8582763671875,5.83359956741333,10.853515625
training,llt,32,torch,12,lac,passed,,149447424,144,12,extension,experiments/l40s/results/loop-sweep/training-llt-torch-r032-t12-lac.json,,,,,,,,,,,,,,,,,,,,,,286.7116394042969,16.51956605911255,286.7458800028544,242.7485555013021,16.52232313156128,32.923828125
training,llt,32,torch,12,none,passed,,149447424,144,12,extension,experiments/l40s/results/loop-sweep/training-llt-torch-r032-t12-none.json,,,,,,,,,,,,,,,,,,,,,,252.69760131835938,17.38982057571411,252.72964499890804,236.8665568033854,17.392577648162842,34.59765625
training,llt,32,torch,13,ac,passed,,149447424,156,12,extension,experiments/l40s/results/loop-sweep/training-llt-torch-r032-t13-ac.json,,,,,,,,,,,,,,,,,,,,,,422.4296875,5.966590404510498,422.462472000916,302.06805419921875,5.97422456741333,11.134765625
training,llt,32,torch,13,lac,passed,,149447424,156,12,extension,experiments/l40s/results/loop-sweep/training-llt-torch-r032-t13-lac.json,,,,,,,,,,,,,,,,,,,,,,304.226318359375,17.53946352005005,304.26420400181087,260.11476643880206,17.54222059249878,34.986328125
training,llt,32,torch,13,none,passed,,149447424,156,12,extension,experiments/l40s/results/loop-sweep/training-llt-torch-r032-t13-none.json,,,,,,,,,,,,,,,,,,,,,,273.4151611328125,18.482239246368408,273.4734400000889,254.8022257486979,18.48499631881714,36.8046875
training,llt,32,torch,14,ac,passed,,149447424,168,12,extension,experiments/l40s/results/loop-sweep/training-llt-torch-r032-t14-ac.json,,,,,,,,,,,,,,,,,,,,,,461.6315002441406,6.107215404510498,461.6661510008271,324.599609375,6.11484956741333,11.416015625
training,llt,32,torch,14,lac,passed,,149447424,168,12,extension,experiments/l40s/results/loop-sweep/training-llt-torch-r032-t14-lac.json,,,,,,,,,,,,,,,,,,,,,,332.4876708984375,18.55936098098755,332.52127300511347,279.94932047526044,18.56211805343628,37.05078125
training,llt,32,torch,14,none,passed,,149447424,168,12,extension,experiments/l40s/results/loop-sweep/training-llt-torch-r032-t14-none.json,,,,,,,,,,,,,,,,,,,,,,291.1058044433594,19.574657917022705,291.1409900043509,273.763671875,19.577414989471436,39.015625
training,llt,32,torch,15,ac,passed,,149447424,180,12,extension,experiments/l40s/results/loop-sweep/training-llt-torch-r032-t15-ac.json,,,,,,,,,,,,,,,,,,,,,,490.2236022949219,6.247840404510498,490.25885699666105,345.5624593098958,6.25547456741333,11.697265625
training,llt,32,torch,15,lac,passed,,149447424,180,12,extension,experiments/l40s/results/loop-sweep/training-llt-torch-r032-t15-lac.json,,,,,,,,,,,,,,,,,,,,,,360.1653747558594,19.57925844192505,360.1995100034401,297.5634765625,19.58201551437378,39.11328125
training,llt,32,torch,15,none,passed,,149447424,180,12,extension,experiments/l40s/results/loop-sweep/training-llt-torch-r032-t15-none.json,,,,,,,,,,,,,,,,,,,,,,309.72723388671875,20.667076587677002,309.78994900215184,290.89109293619794,20.669833660125732,41.22265625
training,llt,32,torch,16,ac,passed,,149447424,192,12,extension,experiments/l40s/results/loop-sweep/training-llt-torch-r032-t16-ac.json,,,,,,,,,,,,,,,,,,,,,,531.4426879882812,6.388465404510498,531.4802700013388,367.1158447265625,6.39609956741333,11.978515625
training,llt,32,torch,16,lac,passed,,149447424,192,12,extension,experiments/l40s/results/loop-sweep/training-llt-torch-r032-t16-lac.json,,,,,,,,,,,,,,,,,,,,,,383.2023010253906,20.59915590286255,383.2343719986966,316.2815755208333,20.60191297531128,41.17578125
training,llt,32,torch,16,none,passed,,149447424,192,12,extension,experiments/l40s/results/loop-sweep/training-llt-torch-r032-t16-none.json,,,,,,,,,,,,,,,,,,,,,,329.196533203125,21.7594952583313,329.23236900387565,308.60288492838544,21.76225233078003,43.4296875
training,llt,64,tensor,1,ac,passed,,150061824,12,12,extension,experiments/l40s/results/loop-sweep/training-llt-tensor-r064-t01-ac.json,,,,,,,,,,,,,,,,,,,,,,72.5370864868164,2.703606605529785,72.56152400077553,47.609171549479164,2.686033248901367,4.267578125
training,llt,64,tensor,1,lac,passed,,150061824,12,12,extension,experiments/l40s/results/loop-sweep/training-llt-tensor-r064-t01-lac.json,,,,,,,,,,,,,,,,,,,,,,61.211647033691406,3.767937660217285,61.23867299902486,42.75165812174479,3.752317428588867,6.08984375
training,llt,64,tensor,1,none,passed,,150061824,12,12,original,experiments/l40s/results/loop-baseline/training-llt-tensor-t01.json,,,,,,,,,,,,,,,,,,,,,,68.67865753173828,3.983025550842285,68.71257499733474,41.160021464029946,3.965452194213867,6.943359375
training,llt,64,tensor,2,ac,passed,,150061824,24,12,extension,experiments/l40s/results/loop-sweep/training-llt-tensor-r064-t02-ac.json,,,,,,,,,,,,,,,,,,,,,,122.51545715332031,2.843499183654785,122.54127000051085,78.80157979329427,2.826411247253418,4.412109375
training,llt,64,tensor,2,lac,passed,,150061824,24,12,extension,experiments/l40s/results/loop-sweep/training-llt-tensor-r064-t02-lac.json,,,,,,,,,,,,,,,,,,,,,,98.8978271484375,4.980340003967285,98.92304400273133,69.12066141764323,4.964841842651367,8.97265625
training,llt,64,tensor,2,none,passed,,150061824,24,12,original,experiments/l40s/results/loop-baseline/training-llt-tensor-t02.json,,,,,,,,,,,,,,,,,,,,,,84.61414337158203,5.406609535217285,84.63868100079708,65.79877217610677,5.391111373901367,9.921875
training,llt,64,tensor,3,ac,passed,,150061824,36,12,extension,experiments/l40s/results/loop-sweep/training-llt-tensor-r064-t03-ac.json,,,,,,,,,,,,,,,,,,,,,,171.50668334960938,2.978994369506836,171.5343589967233,109.8584696451823,2.966550827026367,4.6328125
training,llt,64,tensor,3,lac,passed,,150061824,36,12,extension,experiments/l40s/results/loop-sweep/training-llt-tensor-r064-t03-lac.json,,,,,,,,,,,,,,,,,,,,,,135.9431610107422,6.174553871154785,135.97709799796576,95.06338500976562,6.160520553588867,11.4453125
training,llt,64,tensor,3,none,passed,,150061824,36,12,original,experiments/l40s/results/loop-baseline/training-llt-tensor-t03.json,,,,,,,,,,,,,,,,,,,,,,114.83238220214844,6.813958168029785,114.86403700109804,90.26560465494792,6.799924850463867,12.892578125
training,llt,64,tensor,4,ac,passed,,150061824,48,12,extension,experiments/l40s/results/loop-sweep/training-llt-tensor-r064-t04-ac.json,,,,,,,,,,,,,,,,,,,,,,219.78623962402344,3.116689682006836,219.8141629996826,140.9682820638021,3.106931686401367,4.9375
training,llt,64,tensor,4,lac,passed,,150061824,48,12,extension,experiments/l40s/results/loop-sweep/training-llt-tensor-r064-t04-lac.json,,,,,,,,,,,,,,,,,,,,,,171.84959411621094,7.370232582092285,171.87374999775784,121.27880859375,7.356199264526367,13.927734375
training,llt,64,tensor,4,none,passed,,150061824,48,12,original,experiments/l40s/results/loop-baseline/training-llt-tensor-t04.json,,,,,,,,,,,,,,,,,,,,,,145.0987548828125,8.222771644592285,145.12368600117043,114.77469889322917,8.208738327026367,15.873046875
training,llt,64,tensor,5,ac,passed,,150061824,60,12,extension,experiments/l40s/results/loop-sweep/training-llt-tensor-r064-t05-ac.json,,,,,,,,,,,,,,,,,,,,,,270.2458190917969,3.257070541381836,270.2719400040223,172.62591552734375,3.247556686401367,5.21875
training,llt,64,tensor,5,lac,passed,,150061824,60,12,extension,experiments/l40s/results/loop-sweep/training-llt-tensor-r064-t05-lac.json,,,,,,,,,,,,,,,,,,,,,,208.40138244628906,8.565911293029785,208.42749700386776,147.99564615885416,8.551877975463867,16.412109375
training,llt,64,tensor,5,none,passed,,150061824,60,12,original,experiments/l40s/results/loop-baseline/training-llt-tensor-t05.json,,,,,,,,,,,,,,,,,,,,,,178.47705078125,9.631585121154785,178.50204199930886,139.4176025390625,9.617551803588867,18.853515625
training,llt,64,tensor,6,ac,passed,,150061824,72,12,extension,experiments/l40s/results/loop-sweep/training-llt-tensor-r064-t06-ac.json,,,,,,,,,,,,,,,,,,,,,,317.2843322753906,3.397695541381836,317.31576599850086,202.56392415364584,3.388181686401367,5.5
training,llt,64,tensor,6,lac,passed,,150061824,72,12,extension,experiments/l40s/results/loop-sweep/training-llt-tensor-r064-t06-lac.json,,,,,,,,,,,,,,,,,,,,,,248.6138916015625,9.761590003967285,248.64734800212318,174.18546549479166,9.747556686401367,18.896484375
training,llt,64,tensor,6,none,passed,,150061824,72,12,original,experiments/l40s/results/loop-baseline/training-llt-tensor-t06.json,,,,,,,,,,,,,,,,,,,,,,210.1297607421875,11.040398597717285,210.1534939974954,163.83146158854166,11.026365280151367,21.837890625
training,llt,64,tensor,7,ac,passed,,150061824,84,12,extension,experiments/l40s/results/loop-sweep/training-llt-tensor-r064-t07-ac.json,,,,,,,,,,,,,,,,,,,,,,365.0099182128906,3.538320541381836,365.0370169998496,233.8314208984375,3.528806686401367,5.78125
training,llt,64,tensor,7,lac,passed,,150061824,84,12,extension,experiments/l40s/results/loop-sweep/training-llt-tensor-r064-t07-lac.json,,,,,,,,,,,,,,,,,,,,,,286.2213134765625,10.957268714904785,286.2482589989668,199.23388671875,10.943235397338867,21.380859375
training,llt,64,tensor,7,none,passed,,150061824,84,12,original,experiments/l40s/results/loop-baseline/training-llt-tensor-t07.json,,,,,,,,,,,,,,,,,,,,,,235.90188598632812,12.449212074279785,235.92753300181357,188.31461588541666,12.435178756713867,25.203125
training,llt,64,tensor,8,ac,passed,,150061824,96,12,extension,experiments/l40s/results/loop-sweep/training-llt-tensor-r064-t08-ac.json,,,,,,,,,,,,,,,,,,,,,,420.3878479003906,3.678945541381836,420.4174789992976,262.8679606119792,3.669431686401367,6.0625
training,llt,64,tensor,8,lac,passed,,150061824,96,12,extension,experiments/l40s/results/loop-sweep/training-llt-tensor-r064-t08-lac.json,,,,,,,,,,,,,,,,,,,,,,328.0127868652344,12.152947425842285,328.03734900517156,224.1754353841146,12.138914108276367,23.865234375
training,llt,64,tensor,8,none,passed,,150061824,96,12,original,experiments/l40s/results/loop-baseline/training-llt-tensor-t08.json,,,,,,,,,,,,,,,,,,,,,,260.43994140625,13.858025550842285,260.4639640048845,212.71687825520834,13.843992233276367,28.18359375
training,llt,64,tensor,9,ac,passed,,150061824,108,12,extension,experiments/l40s/results/loop-sweep/training-llt-tensor-r064-t09-ac.json,,,,,,,,,,,,,,,,,,,,,,472.3006286621094,3.819570541381836,472.33461800351506,295.43731689453125,3.810056686401367,6.34375
training,llt,64,tensor,9,lac,passed,,150061824,108,12,extension,experiments/l40s/results/loop-sweep/training-llt-tensor-r064-t09-lac.json,,,,,,,,,,,,,,,,,,,,,,353.1714782714844,13.348626136779785,353.2209269978921,251.70467122395834,13.334592819213867,26.349609375
training,llt,64,tensor,9,none,passed,,150061824,108,12,original,experiments/l40s/results/loop-baseline/training-llt-tensor-t09.json,,,,,,,,,,,,,,,,,,,,,,299.7430725097656,15.266839027404785,299.76941399945645,237.6587931315104,15.252805709838867,31.166015625
training,llt,64,tensor,10,ac,passed,,150061824,120,12,extension,experiments/l40s/results/loop-sweep/training-llt-tensor-r064-t10-ac.json,,,,,,,,,,,,,,,,,,,,,,520.8104858398438,3.960195541381836,520.8408759935992,326.0255533854167,3.950681686401367,6.625
training,llt,64,tensor,10,lac,passed,,150061824,120,12,extension,experiments/l40s/results/loop-sweep/training-llt-tensor-r064-t10-lac.json,,,,,,,,,,,,,,,,,,,,,,394.77862548828125,14.544304847717285,394.80358899891144,277.90541585286456,14.530271530151367,29.220703125
training,llt,64,tensor,10,none,passed,,150061824,120,12,original,experiments/l40s/results/loop-baseline/training-llt-tensor-t10.json,,,,,,,,,,,,,,,,,,,,,,329.02655029296875,16.675652503967285,329.06646999617806,262.7027587890625,16.661619186401367,34.1484375
training,llt,64,tensor,11,ac,passed,,150061824,132,12,extension,experiments/l40s/results/loop-sweep/training-llt-tensor-r064-t11-ac.json,,,,,,,,,,,,,,,,,,,,,,571.2527465820312,4.100820541381836,571.2845789967105,355.4662272135417,4.091306686401367,6.90625
training,llt,64,tensor,11,lac,passed,,150061824,132,12,extension,experiments/l40s/results/loop-sweep/training-llt-tensor-r064-t11-lac.json,,,,,,,,,,,,,,,,,,,,,,426.82470703125,15.739983558654785,426.8522899947129,302.27899169921875,15.725950241088867,31.705078125
training,llt,64,tensor,11,none,passed,,150061824,132,12,original,experiments/l40s/results/loop-baseline/training-llt-tensor-t11.json,,,,,,,,,,,,,,,,,,,,,,354.9900817871094,18.084465980529785,355.0192859984236,288.13616943359375,18.070432662963867,37.201171875
training,llt,64,tensor,12,ac,passed,,150061824,144,12,extension,experiments/l40s/results/loop-sweep/training-llt-tensor-r064-t12-ac.json,,,,,,,,,,,,,,,,,,,,,,617.7853393554688,4.241445541381836,617.8175149980234,387.7038167317708,4.231931686401367,7.1875
training,llt,64,tensor,12,lac,passed,,150061824,144,12,extension,experiments/l40s/results/loop-sweep/training-llt-tensor-r064-t12-lac.json,,,,,,,,,,,,,,,,,,,,,,475.931640625,16.935662269592285,475.9622070050682,328.93438720703125,16.921628952026367,34.189453125
training,llt,64,tensor,12,none,passed,,150061824,144,12,original,experiments/l40s/results/loop-baseline/training-llt-tensor-t12.json,,,,,,,,,,,,,,,,,,,,,,390.2771301269531,19.493279457092285,390.3049189975718,314.0232340494792,19.479246139526367,40.216796875
training,llt,64,tensor,13,ac,passed,,150061824,156,12,extension,experiments/l40s/results/loop-sweep/training-llt-tensor-r064-t13-ac.json,,,,,,,,,,,,,,,,,,,,,,663.70458984375,4.382070541381836,663.7396859950968,418.3323974609375,4.372556686401367,7.46875
training,llt,64,tensor,13,lac,passed,,150061824,156,12,extension,experiments/l40s/results/loop-sweep/training-llt-tensor-r064-t13-lac.json,,,,,,,,,,,,,,,,,,,,,,506.8031921386719,18.131340980529785,506.83308300358476,355.5450846354167,18.117307662963867,36.673828125
training,llt,64,tensor,13,none,passed,,150061824,156,12,original,experiments/l40s/results/loop-baseline/training-llt-tensor-t13.json,,,,,,,,,,,,,,,,,,,,,,419.7447814941406,20.902092933654785,419.7741899988614,337.51206461588544,20.888059616088867,43.65625
training,llt,64,tensor,14,ac,passed,,150061824,168,12,extension,experiments/l40s/results/loop-sweep/training-llt-tensor-r064-t14-ac.json,,,,,,,,,,,,,,,,,,,,,,710.7993774414062,4.522695541381836,710.8305059955455,451.3402913411458,4.513181686401367,7.75
training,llt,64,tensor,14,lac,passed,,150061824,168,12,extension,experiments/l40s/results/loop-sweep/training-llt-tensor-r064-t14-lac.json,,,,,,,,,,,,,,,,,,,,,,558.149658203125,19.327019691467285,558.1824940018123,381.5106608072917,19.312986373901367,39.158203125
training,llt,64,tensor,14,none,passed,,150061824,168,12,original,experiments/l40s/results/loop-baseline/training-llt-tensor-t14.json,,,,,,,,,,,,,,,,,,,,,,458.1560363769531,22.310906410217285,458.18489100201987,362.5118815104167,22.296873092651367,24.76171875
training,llt,64,tensor,15,ac,passed,,150061824,180,12,extension,experiments/l40s/results/loop-sweep/training-llt-tensor-r064-t15-ac.json,,,,,,,,,,,,,,,,,,,,,,774.7224731445312,4.663320541381836,774.7547030012356,481.6407877604167,4.653806686401367,8.03125
training,llt,64,tensor,15,lac,passed,,150061824,180,12,extension,experiments/l40s/results/loop-sweep/training-llt-tensor-r064-t15-lac.json,,,,,,,,,,,,,,,,,,,,,,595.072998046875,20.522698402404785,595.1038250059355,409.1603597005208,20.508665084838867,41.64453125
training,llt,64,tensor,15,none,passed,,150061824,180,12,original,experiments/l40s/results/loop-baseline/training-llt-tensor-t15.json,,,,,,,,,,,,,,,,,,,,,,487.3226318359375,23.719719886779785,487.356423996971,390.409912109375,23.705686569213867,25.771484375
training,llt,64,tensor,16,ac,passed,,150061824,192,12,extension,experiments/l40s/results/loop-sweep/training-llt-tensor-r064-t16-ac.json,,,,,,,,,,,,,,,,,,,,,,828.2622680664062,4.803945541381836,828.295375999005,518.5061442057291,4.794431686401367,8.3125
training,llt,64,tensor,16,lac,passed,,150061824,192,12,extension,experiments/l40s/results/loop-sweep/training-llt-tensor-r064-t16-lac.json,,,,,,,,,,,,,,,,,,,,,,609.544189453125,21.718377113342285,609.5746670034714,432.8355712890625,21.704343795776367,23.12109375
training,llt,64,tensor,16,none,passed,,150061824,192,12,original,experiments/l40s/results/loop-baseline/training-llt-tensor-t16.json,,,,,,,,,,,,,,,,,,,,,,517.2305908203125,25.128533363342285,517.2760759960511,411.7664388020833,25.114500045776367,27.294921875
training,llt,64,torch,1,ac,passed,,150061824,12,12,extension,experiments/l40s/results/loop-sweep/training-llt-torch-r064-t01-ac.json,,,,,,,,,,,,,,,,,,,,,,59.10835266113281,4.3145670890808105,59.186640006373636,52.680704752604164,4.316344738006592,8.541015625
training,llt,64,torch,1,lac,passed,,150061824,12,12,extension,experiments/l40s/results/loop-sweep/training-llt-torch-r064-t01-lac.json,,,,,,,,,,,,,,,,,,,,,,53.348350524902344,5.3428874015808105,53.38031899736961,48.803497314453125,5.332458019256592,9.51953125
training,llt,64,torch,1,none,passed,,150061824,12,12,original,experiments/l40s/results/loop-baseline/training-llt-torch-t01.json,,,,,,,,,,,,,,,,,,,,,,51.311614990234375,5.501712322235107,51.341960999707226,48.19524129231771,5.503612041473389,9.826171875
training,llt,64,torch,2,ac,passed,,150061824,24,12,extension,experiments/l40s/results/loop-sweep/training-llt-torch-r064-t02-ac.json,,,,,,,,,,,,,,,,,,,,,,87.42707061767578,4.45409631729126,87.4575760026346,76.9635009765625,4.451107501983643,8.078125
training,llt,64,torch,2,lac,passed,,150061824,24,12,extension,experiments/l40s/results/loop-sweep/training-llt-torch-r064-t02-lac.json,,,,,,,,,,,,,,,,,,,,,,76.4405746459961,6.41015100479126,76.472578002722,69.39136250813802,6.405944347381592,12.443359375
training,llt,64,torch,2,none,passed,,150061824,24,12,original,experiments/l40s/results/loop-baseline/training-llt-torch-t02.json,,,,,,,,,,,,,,,,,,,,,,71.76703643798828,6.700210094451904,71.79882399941562,67.7734375,6.702839374542236,13.048828125
training,llt,64,torch,3,ac,passed,,150061824,36,12,extension,experiments/l40s/results/loop-sweep/training-llt-torch-r064-t03-ac.json,,,,,,,,,,,,,,,,,,,,,,115.7570571899414,4.5974040031433105,115.78691500471905,101.26063028971355,4.592217922210693,8.359375
training,llt,64,torch,3,lac,passed,,150061824,36,12,extension,experiments/l40s/results/loop-sweep/training-llt-torch-r064-t03-lac.json,,,,,,,,,,,,,,,,,,,,,,99.44268798828125,7.4699625968933105,99.48243899998488,90.23143513997395,7.474178791046143,14.599609375
training,llt,64,torch,3,none,passed,,150061824,36,12,original,experiments/l40s/results/loop-baseline/training-llt-torch-t03.json,,,,,,,,,,,,,,,,,,,,,,91.76579284667969,7.90127420425415,91.79824400052894,87.7953592936198,7.900976657867432,15.490234375
training,llt,64,torch,4,ac,passed,,150061824,48,12,extension,experiments/l40s/results/loop-sweep/training-llt-torch-r064-t04-ac.json,,,,,,,,,,,,,,,,,,,,,,143.5125732421875,4.7363200187683105,143.54004400229314,125.76358032226562,4.732842922210693,8.640625
training,llt,64,torch,4,lac,passed,,150061824,48,12,extension,experiments/l40s/results/loop-sweep/training-llt-torch-r064-t04-lac.json,,,,,,,,,,,,,,,,,,,,,,122.3403549194336,8.52501630783081,122.37322400324047,111.0159403483073,8.529232501983643,16.755859375
training,llt,64,torch,4,none,passed,,150061824,48,12,original,experiments/l40s/results/loop-baseline/training-llt-torch-t04.json,,,,,,,,,,,,,,,,,,,,,,112.56729888916016,9.096720218658447,112.62387099850457,107.80023193359375,9.098742008209229,17.935546875
training,llt,64,torch,5,ac,passed,,150061824,60,12,extension,experiments/l40s/results/loop-sweep/training-llt-torch-r064-t05-ac.json,,,,,,,,,,,,,,,,,,,,,,173.4481964111328,4.8773112297058105,173.47705999418395,150.5819295247396,4.873467922210693,8.921875
training,llt,64,torch,5,lac,passed,,150061824,60,12,extension,experiments/l40s/results/loop-sweep/training-llt-torch-r064-t05-lac.json,,,,,,,,,,,,,,,,,,,,,,146.44224548339844,9.57958173751831,146.4711279986659,132.21231079101562,9.584286212921143,18.912109375
training,llt,64,torch,5,none,passed,,150061824,60,12,original,experiments/l40s/results/loop-baseline/training-llt-torch-t05.json,,,,,,,,,,,,,,,,,,,,,,133.3790740966797,10.294607639312744,133.40986399998656,127.85868326822917,10.296629428863525,20.376953125
training,llt,64,torch,6,ac,passed,,150061824,72,12,extension,experiments/l40s/results/loop-sweep/training-llt-torch-r064-t06-ac.json,,,,,,,,,,,,,,,,,,,,,,204.6021728515625,5.0179362297058105,204.63898999878438,173.76460774739584,5.014092922210693,9.203125
training,llt,64,torch,6,lac,passed,,150061824,72,12,extension,experiments/l40s/results/loop-sweep/training-llt-torch-r064-t06-lac.json,,,,,,,,,,,,,,,,,,,,,,167.4924774169922,10.63463544845581,167.52226399694337,151.5888671875,10.639339923858643,21.0703125
training,llt,64,torch,6,none,passed,,150061824,72,12,original,experiments/l40s/results/loop-baseline/training-llt-torch-t06.json,,,,,,,,,,,,,,,,,,,,,,153.44947814941406,11.492495059967041,153.48065700163716,147.1467488606771,11.494516849517822,22.818359375
training,llt,64,torch,7,ac,passed,,150061824,84,12,extension,experiments/l40s/results/loop-sweep/training-llt-torch-r064-t07-ac.json,,,,,,,,,,,,,,,,,,,,,,239.0098876953125,5.1585612297058105,239.04327499622013,197.9890340169271,5.154717922210693,9.484375
training,llt,64,torch,7,lac,passed,,150061824,84,12,extension,experiments/l40s/results/loop-sweep/training-llt-torch-r064-t07-lac.json,,,,,,,,,,,,,,,,,,,,,,193.59539794921875,11.68968915939331,193.6303559996304,172.17740885416666,11.694393634796143,23.2265625
training,llt,64,torch,7,none,passed,,150061824,84,12,original,experiments/l40s/results/loop-baseline/training-llt-torch-t07.json,,,,,,,,,,,,,,,,,,,,,,173.8997802734375,12.690382480621338,173.9347819966497,167.59637451171875,12.69240427017212,25.263671875
training,llt,64,torch,8,ac,passed,,150061824,96,12,extension,experiments/l40s/results/loop-sweep/training-llt-torch-r064-t08-ac.json,,,,,,,,,,,,,,,,,,,,,,265.970703125,5.2991862297058105,265.99982499465114,220.3633829752604,5.295342922210693,9.765625
training,llt,64,torch,8,lac,passed,,150061824,96,12,extension,experiments/l40s/results/loop-sweep/training-llt-torch-r064-t08-lac.json,,,,,,,,,,,,,,,,,,,,,,213.56338500976562,12.74474287033081,213.62089199828915,191.7672119140625,12.749447345733643,25.3828125
training,llt,64,torch,8,none,passed,,150061824,96,12,original,experiments/l40s/results/loop-baseline/training-llt-torch-t08.json,,,,,,,,,,,,,,,,,,,,,,194.63690185546875,13.888269901275635,194.6695849983371,187.1462198893229,13.890291690826416,27.705078125
training,llt,64,torch,9,ac,passed,,150061824,108,12,extension,experiments/l40s/results/loop-sweep/training-llt-torch-r064-t09-ac.json,,,,,,,,,,,,,,,,,,,,,,293.5643310546875,5.4398112297058105,293.5982480048551,245.7613728841146,5.435967922210693,10.046875
training,llt,64,torch,9,lac,passed,,150061824,108,12,extension,experiments/l40s/results/loop-sweep/training-llt-torch-r064-t09-lac.json,,,,,,,,,,,,,,,,,,,,,,238.19570922851562,13.79979658126831,238.22662299789954,214.2887166341146,13.804501056671143,27.5390625
training,llt,64,torch,9,none,passed,,150061824,108,12,original,experiments/l40s/results/loop-baseline/training-llt-torch-t09.json,,,,,,,,,,,,,,,,,,,,,,215.05638122558594,15.086157321929932,215.091088997724,207.27433268229166,15.088179111480713,30.146484375
training,llt,64,torch,10,ac,passed,,150061824,120,12,extension,experiments/l40s/results/loop-sweep/training-llt-torch-r064-t10-ac.json,,,,,,,,,,,,,,,,,,,,,,331.0704650878906,5.5804362297058105,331.10185799887404,270.74969482421875,5.576592922210693,10.328125
training,llt,64,torch,10,lac,passed,,150061824,120,12,extension,experiments/l40s/results/loop-sweep/training-llt-torch-r064-t10-lac.json,,,,,,,,,,,,,,,,,,,,,,262.7060546875,14.85485029220581,262.741525999445,235.0411173502604,14.859554767608643,29.6953125
training,llt,64,torch,10,none,passed,,150061824,120,12,original,experiments/l40s/results/loop-baseline/training-llt-torch-t10.json,,,,,,,,,,,,,,,,,,,,,,236.85939025878906,16.28404474258423,236.89485499926377,228.10591634114584,16.28606653213501,32.591796875
training,llt,64,torch,11,ac,passed,,150061824,132,12,extension,experiments/l40s/results/loop-sweep/training-llt-torch-r064-t11-ac.json,,,,,,,,,,,,,,,,,,,,,,369.3752746582031,5.7210612297058105,369.41253099939786,291.726318359375,5.717217922210693,10.609375
training,llt,64,torch,11,lac,passed,,150061824,132,12,extension,experiments/l40s/results/loop-sweep/training-llt-torch-r064-t11-lac.json,,,,,,,,,,,,,,,,,,,,,,282.2143859863281,15.90990400314331,282.26169999834383,252.60270182291666,15.914608478546143,31.8515625
training,llt,64,torch,11,none,passed,,150061824,132,12,original,experiments/l40s/results/loop-baseline/training-llt-torch-t11.json,,,,,,,,,,,,,,,,,,,,,,257.9578857421875,17.481932163238525,257.9991499951575,249.2013142903646,17.483953952789307,35.033203125
training,llt,64,torch,12,ac,passed,,150061824,144,12,extension,experiments/l40s/results/loop-sweep/training-llt-torch-r064-t12-ac.json,,,,,,,,,,,,,,,,,,,,,,399.3333740234375,5.8616862297058105,399.3655820013373,317.04030354817706,5.857842922210693,10.890625
training,llt,64,torch,12,lac,passed,,150061824,144,12,extension,experiments/l40s/results/loop-sweep/training-llt-torch-r064-t12-lac.json,,,,,,,,,,,,,,,,,,,,,,307.3617858886719,16.96495771408081,307.39724199520424,273.71828206380206,16.969662189483643,34.009765625
training,llt,64,torch,12,none,passed,,150061824,144,12,original,experiments/l40s/results/loop-baseline/training-llt-torch-t12.json,,,,,,,,,,,,,,,,,,,,,,278.8516540527344,18.679819583892822,278.88459100358887,269.4798990885417,18.681841373443604,37.474609375
training,llt,64,torch,13,ac,passed,,150061824,156,12,extension,experiments/l40s/results/loop-sweep/training-llt-torch-r064-t13-ac.json,,,,,,,,,,,,,,,,,,,,,,438.8760070800781,6.0023112297058105,438.9342979993671,341.1128336588542,5.998467922210693,11.171875
training,llt,64,torch,13,lac,passed,,150061824,156,12,extension,experiments/l40s/results/loop-sweep/training-llt-torch-r064-t13-lac.json,,,,,,,,,,,,,,,,,,,,,,333.259765625,18.02001142501831,333.2964709989028,294.1484781901042,18.024715900421143,36.166015625
training,llt,64,torch,13,none,passed,,150061824,156,12,original,experiments/l40s/results/loop-baseline/training-llt-torch-t13.json,,,,,,,,,,,,,,,,,,,,,,299.54559326171875,19.87770700454712,299.58065500250086,287.9474283854167,19.8797287940979,39.91796875
training,llt,64,torch,14,ac,passed,,150061824,168,12,extension,experiments/l40s/results/loop-sweep/training-llt-torch-r064-t14-ac.json,,,,,,,,,,,,,,,,,,,,,,459.08990478515625,6.1429362297058105,459.122453998134,366.1072998046875,6.139092922210693,11.453125
training,llt,64,torch,14,lac,passed,,150061824,168,12,extension,experiments/l40s/results/loop-sweep/training-llt-torch-r064-t14-lac.json,,,,,,,,,,,,,,,,,,,,,,353.0147705078125,19.07506513595581,353.04943499795627,315.97021484375,19.079769611358643,38.322265625
training,llt,64,torch,14,none,passed,,150061824,168,12,original,experiments/l40s/results/loop-baseline/training-llt-torch-t14.json,,,,,,,,,,,,,,,,,,,,,,319.83514404296875,21.075594425201416,319.8743579996517,309.58591715494794,21.077616214752197,42.361328125
training,llt,64,torch,15,ac,passed,,150061824,180,12,extension,experiments/l40s/results/loop-sweep/training-llt-torch-r064-t15-ac.json,,,,,,,,,,,,,,,,,,,,,,491.13189697265625,6.2835612297058105,491.1712519970024,393.898681640625,6.279717922210693,11.734375
training,llt,64,torch,15,lac,passed,,150061824,180,12,extension,experiments/l40s/results/loop-sweep/training-llt-torch-r064-t15-lac.json,,,,,,,,,,,,,,,,,,,,,,379.5310974121094,20.13011884689331,379.5648519953829,338.46095784505206,20.134823322296143,40.478515625
training,llt,64,torch,15,none,passed,,150061824,180,12,original,experiments/l40s/results/loop-baseline/training-llt-torch-t15.json,,,,,,,,,,,,,,,,,,,,,,342.3262634277344,22.273481845855713,342.3735799951828,329.4897054036458,22.275503635406494,24.892578125
training,llt,64,torch,16,ac,passed,,150061824,192,12,extension,experiments/l40s/results/loop-sweep/training-llt-torch-r064-t16-ac.json,,,,,,,,,,,,,,,,,,,,,,531.1365356445312,6.4241862297058105,531.1787539976649,411.9296061197917,6.420342922210693,12.015625
training,llt,64,torch,16,lac,passed,,150061824,192,12,extension,experiments/l40s/results/loop-sweep/training-llt-torch-r064-t16-lac.json,,,,,,,,,,,,,,,,,,,,,,400.3298034667969,21.18517255783081,400.36669200344477,354.3534749348958,21.189877033233643,42.63671875
training,llt,64,torch,16,none,passed,,150061824,192,12,original,experiments/l40s/results/loop-baseline/training-llt-torch-t16.json,,,,,,,,,,,,,,,,,,,,,,363.71044921875,23.47136926651001,363.7487570013036,350.487548828125,23.47339105606079,25.369140625
training,llt,128,tensor,1,ac,passed,,151290624,12,12,extension,experiments/l40s/results/loop-sweep/training-llt-tensor-r128-t01-ac.json,,,,,,,,,,,,,,,,,,,,,,73.76691436767578,2.729546546936035,73.79179899726296,58.534515380859375,2.730402946472168,4.580078125
training,llt,128,tensor,1,lac,passed,,151290624,12,12,extension,experiments/l40s/results/loop-sweep/training-llt-tensor-r128-t01-lac.json,,,,,,,,,,,,,,,,,,,,,,63.19804763793945,3.8790855407714844,63.22491400351282,53.11556498209635,3.879941940307617,6.314453125
training,llt,128,tensor,1,none,passed,,151290624,12,12,extension,experiments/l40s/results/loop-sweep/training-llt-tensor-r128-t01-none.json,,,,,,,,,,,,,,,,,,,,,,58.4161262512207,4.307552337646484,58.44729600357823,50.56952412923177,4.304014205932617,7.169921875
training,llt,128,tensor,2,ac,passed,,151290624,24,12,extension,experiments/l40s/results/loop-sweep/training-llt-tensor-r128-t02-ac.json,,,,,,,,,,,,,,,,,,,,,,122.40284729003906,2.8654165267944336,122.43085700174561,100.6793924967448,2.8640785217285156,4.5
training,llt,128,tensor,2,lac,passed,,151290624,24,12,extension,experiments/l40s/results/loop-sweep/training-llt-tensor-r128-t02-lac.json,,,,,,,,,,,,,,,,,,,,,,103.84690856933594,5.148988723754883,103.87466599786421,89.73926798502605,5.144718170166016,8.845703125
training,llt,128,tensor,2,none,passed,,151290624,24,12,extension,experiments/l40s/results/loop-sweep/training-llt-tensor-r128-t02-none.json,,,,,,,,,,,,,,,,,,,,,,94.94732666015625,5.998351097106934,94.97823700075969,84.66534423828125,5.992612838745117,10.556640625
training,llt,128,tensor,3,ac,passed,,151290624,36,12,extension,experiments/l40s/results/loop-sweep/training-llt-tensor-r128-t03-ac.json,,,,,,,,,,,,,,,,,,,,,,174.00320434570312,3.006288528442383,174.02869600482518,142.56878662109375,3.0059242248535156,4.78125
training,llt,128,tensor,3,lac,passed,,151290624,36,12,extension,experiments/l40s/results/loop-sweep/training-llt-tensor-r128-t03-lac.json,,,,,,,,,,,,,,,,,,,,,,145.25439453125,6.414982795715332,145.28383100696374,125.82877604166667,6.409244537353516,11.376953125
training,llt,128,tensor,3,none,passed,,151290624,36,12,extension,experiments/l40s/results/loop-sweep/training-llt-tensor-r128-t03-none.json,,,,,,,,,,,,,,,,,,,,,,131.29420471191406,7.688414573669434,131.3251739993575,118.58704630533855,7.682676315307617,13.93359375
training,llt,128,tensor,4,ac,passed,,151290624,48,12,extension,experiments/l40s/results/loop-sweep/training-llt-tensor-r128-t04-ac.json,,,,,,,,,,,,,,,,,,,,,,220.4803466796875,3.146913528442383,220.50381999724777,184.8603312174479,3.1465492248535156,5.0625
training,llt,128,tensor,4,lac,passed,,151290624,48,12,extension,experiments/l40s/results/loop-sweep/training-llt-tensor-r128-t04-lac.json,,,,,,,,,,,,,,,,,,,,,,185.88467407226562,7.680974006652832,185.91590099822497,162.17680867513022,7.675235748291016,13.908203125
training,llt,128,tensor,4,none,passed,,151290624,48,12,extension,experiments/l40s/results/loop-sweep/training-llt-tensor-r128-t04-none.json,,,,,,,,,,,,,,,,,,,,,,166.94476318359375,9.378478050231934,166.98099299537716,152.5479736328125,9.372739791870117,17.310546875
training,llt,128,tensor,5,ac,passed,,151290624,60,12,extension,experiments/l40s/results/loop-sweep/training-llt-tensor-r128-t05-ac.json,,,,,,,,,,,,,,,,,,,,,,271.99078369140625,3.287538528442383,272.01950999733526,227.16654459635416,3.2871742248535156,5.34375
training,llt,128,tensor,5,lac,passed,,151290624,60,12,extension,experiments/l40s/results/loop-sweep/training-llt-tensor-r128-t05-lac.json,,,,,,,,,,,,,,,,,,,,,,228.08575439453125,8.946965217590332,228.1169449997833,199.0345458984375,8.941226959228516,16.439453125
training,llt,128,tensor,5,none,passed,,151290624,60,12,extension,experiments/l40s/results/loop-sweep/training-llt-tensor-r128-t05-none.json,,,,,,,,,,,,,,,,,,,,,,206.10662841796875,11.068541526794434,206.13860800222028,186.87066650390625,11.062803268432617,20.69140625
training,llt,128,tensor,6,ac,passed,,151290624,72,12,extension,experiments/l40s/results/loop-sweep/training-llt-tensor-r128-t06-ac.json,,,,,,,,,,,,,,,,,,,,,,316.3658142089844,3.428163528442383,316.39521999750286,266.96466064453125,3.4277992248535156,5.625
training,llt,128,tensor,6,lac,passed,,151290624,72,12,extension,experiments/l40s/results/loop-sweep/training-llt-tensor-r128-t06-lac.json,,,,,,,,,,,,,,,,,,,,,,267.8149108886719,10.212956428527832,267.915290001838,233.34468587239584,10.207218170166016,18.970703125
training,llt,128,tensor,6,none,passed,,151290624,72,12,extension,experiments/l40s/results/loop-sweep/training-llt-tensor-r128-t06-none.json,,,,,,,,,,,,,,,,,,,,,,238.59814453125,12.758605003356934,238.63282099773642,219.40633138020834,12.752866744995117,24.0703125
training,llt,128,tensor,7,ac,passed,,151290624,84,12,extension,experiments/l40s/results/loop-sweep/training-llt-tensor-r128-t07-ac.json,,,,,,,,,,,,,,,,,,,,,,376.1520690917969,3.568788528442383,376.183160005894,309.4842122395833,3.5684242248535156,5.90625
training,llt,128,tensor,7,lac,passed,,151290624,84,12,extension,experiments/l40s/results/loop-sweep/training-llt-tensor-r128-t07-lac.json,,,,,,,,,,,,,,,,,,,,,,309.82861328125,11.478947639465332,309.87157900381135,270.17181396484375,11.473209381103516,21.501953125
training,llt,128,tensor,7,none,passed,,151290624,84,12,extension,experiments/l40s/results/loop-sweep/training-llt-tensor-r128-t07-none.json,,,,,,,,,,,,,,,,,,,,,,274.8241882324219,14.448668479919434,274.8565609945217,253.693603515625,14.442930221557617,27.451171875
training,llt,128,tensor,8,ac,passed,,151290624,96,12,extension,experiments/l40s/results/loop-sweep/training-llt-tensor-r128-t08-ac.json,,,,,,,,,,,,,,,,,,,,,,418.7832336425781,3.709413528442383,418.8101750041824,351.0230712890625,3.7090492248535156,6.1875
training,llt,128,tensor,8,lac,passed,,151290624,96,12,extension,experiments/l40s/results/loop-sweep/training-llt-tensor-r128-t08-lac.json,,,,,,,,,,,,,,,,,,,,,,349.2668151855469,12.744938850402832,349.3010710008093,306.16001383463544,12.739200592041016,24.033203125
training,llt,128,tensor,8,none,passed,,151290624,96,12,extension,experiments/l40s/results/loop-sweep/training-llt-tensor-r128-t08-none.json,,,,,,,,,,,,,,,,,,,,,,309.8081359863281,16.138731956481934,309.84174300101586,286.5097249348958,16.132993698120117,30.830078125
training,llt,128,tensor,9,ac,passed,,151290624,108,12,extension,experiments/l40s/results/loop-sweep/training-llt-tensor-r128-t09-ac.json,,,,,,,,,,,,,,,,,,,,,,469.3892822265625,3.850038528442383,469.42370000033407,393.3811848958333,3.8496742248535156,6.46875
training,llt,128,tensor,9,lac,passed,,151290624,108,12,extension,experiments/l40s/results/loop-sweep/training-llt-tensor-r128-t09-lac.json,,,,,,,,,,,,,,,,,,,,,,392.8186950683594,14.010930061340332,392.85623799514724,342.197265625,14.005191802978516,26.564453125
training,llt,128,tensor,9,none,passed,,151290624,108,12,extension,experiments/l40s/results/loop-sweep/training-llt-tensor-r128-t09-none.json,,,,,,,,,,,,,,,,,,,,,,349.98272705078125,17.828795433044434,350.03229299763916,322.9248453776042,17.823057174682617,34.2109375
training,llt,128,tensor,10,ac,passed,,151290624,120,12,extension,experiments/l40s/results/loop-sweep/training-llt-tensor-r128-t10-ac.json,,,,,,,,,,,,,,,,,,,,,,526.0369873046875,3.990663528442383,526.0717350029154,434.4777425130208,3.9902992248535156,6.75
training,llt,128,tensor,10,lac,passed,,151290624,120,12,extension,experiments/l40s/results/loop-sweep/training-llt-tensor-r128-t10-lac.json,,,,,,,,,,,,,,,,,,,,,,430.7886047363281,15.276921272277832,430.82539299939526,378.07958984375,15.271183013916016,29.095703125
training,llt,128,tensor,10,none,passed,,151290624,120,12,extension,experiments/l40s/results/loop-sweep/training-llt-tensor-r128-t10-none.json,,,,,,,,,,,,,,,,,,,,,,387.7099609375,19.518858909606934,387.75133899616776,354.7695719401042,19.513120651245117,37.591796875
training,llt,128,tensor,11,ac,passed,,151290624,132,12,extension,experiments/l40s/results/loop-sweep/training-llt-tensor-r128-t11-ac.json,,,,,,,,,,,,,,,,,,,,,,579.1170654296875,4.131288528442383,579.1464680005447,476.1019694010417,4.130924224853516,7.03125
training,llt,128,tensor,11,lac,passed,,151290624,132,12,extension,experiments/l40s/results/loop-sweep/training-llt-tensor-r128-t11-lac.json,,,,,,,,,,,,,,,,,,,,,,475.6643981933594,16.542912483215332,475.70673799782526,414.5727132161458,16.537174224853516,31.626953125
training,llt,128,tensor,11,none,passed,,151290624,132,12,extension,experiments/l40s/results/loop-sweep/training-llt-tensor-r128-t11-none.json,,,,,,,,,,,,,,,,,,,,,,418.01727294921875,21.208922386169434,418.0534990009619,387.6406656901042,21.203184127807617,40.970703125
training,llt,128,tensor,12,ac,passed,,151290624,144,12,extension,experiments/l40s/results/loop-sweep/training-llt-tensor-r128-t12-ac.json,,,,,,,,,,,,,,,,,,,,,,620.8829345703125,4.271913528442383,620.9126500034472,518.0712890625,4.271549224853516,7.3125
training,llt,128,tensor,12,lac,passed,,151290624,144,12,extension,experiments/l40s/results/loop-sweep/training-llt-tensor-r128-t12-lac.json,,,,,,,,,,,,,,,,,,,,,,513.8042602539062,17.808903694152832,513.8537020029617,449.7397867838542,17.803165435791016,34.158203125
training,llt,128,tensor,12,none,passed,,151290624,144,12,extension,experiments/l40s/results/loop-sweep/training-llt-tensor-r128-t12-none.json,,,,,,,,,,,,,,,,,,,,,,457.7832336425781,22.898985862731934,457.82397099537775,421.7544759114583,22.893247604370117,23.892578125
training,llt,128,tensor,13,ac,passed,,151290624,156,12,extension,experiments/l40s/results/loop-sweep/training-llt-tensor-r128-t13-ac.json,,,,,,,,,,,,,,,,,,,,,,675.8143920898438,4.412538528442383,675.8457570031169,559.5989176432291,4.412174224853516,7.59375
training,llt,128,tensor,13,lac,passed,,151290624,156,12,extension,experiments/l40s/results/loop-sweep/training-llt-tensor-r128-t13-lac.json,,,,,,,,,,,,,,,,,,,,,,558.8172607421875,19.074894905090332,558.8553519992274,485.6128743489583,19.069156646728516,36.689453125
training,llt,128,tensor,13,none,passed,,151290624,156,12,extension,experiments/l40s/results/loop-sweep/training-llt-tensor-r128-t13-none.json,,,,,,,,,,,,,,,,,,,,,,497.4325866699219,24.589049339294434,497.4699669983238,455.6755777994792,24.583311080932617,25.583984375
training,llt,128,tensor,14,ac,passed,,151290624,168,12,extension,experiments/l40s/results/loop-sweep/training-llt-tensor-r128-t14-ac.json,,,,,,,,,,,,,,,,,,,,,,716.6310424804688,4.553163528442383,716.6760399995837,604.3260091145834,4.552799224853516,7.875
training,llt,128,tensor,14,lac,passed,,151290624,168,12,extension,experiments/l40s/results/loop-sweep/training-llt-tensor-r128-t14-lac.json,,,,,,,,,,,,,,,,,,,,,,597.1558227539062,20.340886116027832,597.192670997174,523.940185546875,20.335147857666016,39.220703125
training,llt,128,tensor,14,none,passed,,151290624,168,12,extension,experiments/l40s/results/loop-sweep/training-llt-tensor-r128-t14-none.json,,,,,,,,,,,,,,,,,,,,,,532.9702758789062,26.279112815856934,533.0118560013943,490.0824788411458,26.273374557495117,27.2734375
training,llt,128,tensor,15,ac,passed,,151290624,180,12,extension,experiments/l40s/results/loop-sweep/training-llt-tensor-r128-t15-ac.json,,,,,,,,,,,,,,,,,,,,,,754.96142578125,4.693788528442383,754.9924189952435,643.2198079427084,4.693424224853516,8.15625
training,llt,128,tensor,15,lac,passed,,151290624,180,12,extension,experiments/l40s/results/loop-sweep/training-llt-tensor-r128-t15-lac.json,,,,,,,,,,,,,,,,,,,,,,642.6060791015625,21.606877326965332,642.6438349953969,557.8966471354166,21.601139068603516,41.751953125
training,llt,128,tensor,15,none,passed,,151290624,180,12,extension,experiments/l40s/results/loop-sweep/training-llt-tensor-r128-t15-none.json,,,,,,,,,,,,,,,,,,,,,,565.9771118164062,27.969176292419434,566.0287569990032,524.5784912109375,27.963438034057617,28.962890625
training,llt,128,tensor,16,ac,passed,,151290624,192,12,extension,experiments/l40s/results/loop-sweep/training-llt-tensor-r128-t16-ac.json,,,,,,,,,,,,,,,,,,,,,,830.350341796875,4.834413528442383,830.3982170036761,683.96337890625,4.834049224853516,8.4375
training,llt,128,tensor,16,lac,passed,,151290624,192,12,extension,experiments/l40s/results/loop-sweep/training-llt-tensor-r128-t16-lac.json,,,,,,,,,,,,,,,,,,,,,,675.5451049804688,22.872868537902832,675.5871549976291,594.3087972005209,22.867130279541016,23.9609375
training,llt,128,tensor,16,none,passed,,151290624,192,12,extension,experiments/l40s/results/loop-sweep/training-llt-tensor-r128-t16-none.json,,,,,,,,,,,,,,,,,,,,,,601.1002807617188,29.659239768981934,601.1395960013033,555.6548258463541,29.653501510620117,30.654296875
training,llt,128,torch,1,ac,passed,,151290624,12,12,extension,experiments/l40s/results/loop-sweep/training-llt-torch-r128-t01-ac.json,,,,,,,,,,,,,,,,,,,,,,63.84431838989258,4.356836795806885,63.876433996483684,58.475860595703125,4.358736515045166,8.623046875
training,llt,128,torch,1,lac,passed,,151290624,12,12,extension,experiments/l40s/results/loop-sweep/training-llt-torch-r128-t01-lac.json,,,,,,,,,,,,,,,,,,,,,,57.2938232421875,5.4661478996276855,57.34469800518127,54.10747782389323,5.468721866607666,9.70703125
training,llt,128,torch,1,none,passed,,151290624,12,12,extension,experiments/l40s/results/loop-sweep/training-llt-torch-r128-t01-none.json,,,,,,,,,,,,,,,,,,,,,,56.204288482666016,5.752475261688232,56.23737600399181,53.19031270345052,5.752912998199463,10.361328125
training,llt,128,torch,2,ac,passed,,151290624,24,12,extension,experiments/l40s/results/loop-sweep/training-llt-torch-r128-t02-ac.json,,,,,,,,,,,,,,,,,,,,,,97.06793975830078,4.488062381744385,97.1001529978821,89.24706013997395,4.494966983795166,8.18359375
training,llt,128,torch,2,lac,passed,,151290624,24,12,extension,experiments/l40s/results/loop-sweep/training-llt-torch-r128-t02-lac.json,,,,,,,,,,,,,,,,,,,,,,84.24447631835938,6.6012187004089355,84.28593000280671,79.89895629882812,6.605068683624268,12.72265625
training,llt,128,torch,2,none,passed,,151290624,24,12,extension,experiments/l40s/results/loop-sweep/training-llt-torch-r128-t02-none.json,,,,,,,,,,,,,,,,,,,,,,81.82272338867188,7.169234752655029,81.85346899699653,78.38822428385417,7.170032978057861,13.958984375
training,llt,128,torch,3,ac,passed,,151290624,36,12,extension,experiments/l40s/results/loop-sweep/training-llt-torch-r128-t03-ac.json,,,,,,,,,,,,,,,,,,,,,,130.16064453125,4.630024433135986,130.19181299750926,119.82677205403645,4.638146877288818,8.46484375
training,llt,128,torch,3,lac,passed,,151290624,36,12,extension,experiments/l40s/results/loop-sweep/training-llt-torch-r128-t03-lac.json,,,,,,,,,,,,,,,,,,,,,,111.05484771728516,7.7240214347839355,111.08770599821582,105.84814453125,7.729341983795166,14.974609375
training,llt,128,torch,3,none,passed,,151290624,36,12,extension,experiments/l40s/results/loop-sweep/training-llt-torch-r128-t03-none.json,,,,,,,,,,,,,,,,,,,,,,107.15142059326172,8.574888706207275,107.1831410008599,103.16902669270833,8.578009128570557,16.783203125
training,llt,128,torch,4,ac,passed,,151290624,48,12,extension,experiments/l40s/results/loop-sweep/training-llt-torch-r128-t04-ac.json,,,,,,,,,,,,,,,,,,,,,,163.5635223388672,4.768208026885986,163.59660900343442,150.32491048177084,4.778771877288818,8.74609375
training,llt,128,torch,4,lac,passed,,151290624,48,12,extension,experiments/l40s/results/loop-sweep/training-llt-torch-r128-t04-lac.json,,,,,,,,,,,,,,,,,,,,,,138.2512664794922,8.849387645721436,138.2831949958927,131.68537394205728,8.854708194732666,17.224609375
training,llt,128,torch,4,none,passed,,151290624,48,12,extension,experiments/l40s/results/loop-sweep/training-llt-torch-r128-t04-none.json,,,,,,,,,,,,,,,,,,,,,,133.07186889648438,9.984076976776123,133.1064449987025,127.99078369140625,9.985366344451904,19.609375
training,llt,128,torch,5,ac,passed,,151290624,60,12,extension,experiments/l40s/results/loop-sweep/training-llt-torch-r128-t05-ac.json,,,,,,,,,,,,,,,,,,,,,,195.33926391601562,4.908833026885986,195.39089599857107,180.27213541666666,4.919396877288818,9.02734375
training,llt,128,torch,5,lac,passed,,151290624,60,12,extension,experiments/l40s/results/loop-sweep/training-llt-torch-r128-t05-lac.json,,,,,,,,,,,,,,,,,,,,,,164.1634521484375,9.974753856658936,164.1977079998469,156.60196940104166,9.980074405670166,19.474609375
training,llt,128,torch,5,none,passed,,151290624,60,12,extension,experiments/l40s/results/loop-sweep/training-llt-torch-r128-t05-none.json,,,,,,,,,,,,,,,,,,,,,,158.5807342529297,11.39290189743042,158.61120599583955,152.94532267252603,11.394191265106201,22.43359375
training,llt,128,torch,6,ac,passed,,151290624,72,12,extension,experiments/l40s/results/loop-sweep/training-llt-torch-r128-t06-ac.json,,,,,,,,,,,,,,,,,,,,,,228.36537170410156,5.049458026885986,228.40192999865394,209.11922200520834,5.060021877288818,9.30859375
training,llt,128,torch,6,lac,passed,,151290624,72,12,extension,experiments/l40s/results/loop-sweep/training-llt-torch-r128-t06-lac.json,,,,,,,,,,,,,,,,,,,,,,190.80703735351562,11.100120067596436,190.83847400179366,181.6053670247396,11.105440616607666,21.724609375
training,llt,128,torch,6,none,passed,,151290624,72,12,extension,experiments/l40s/results/loop-sweep/training-llt-torch-r128-t06-none.json,,,,,,,,,,,,,,,,,,,,,,182.90687561035156,12.801726818084717,182.9396370012546,176.28399658203125,12.803016185760498,25.259765625
training,llt,128,torch,7,ac,passed,,151290624,84,12,extension,experiments/l40s/results/loop-sweep/training-llt-torch-r128-t07-ac.json,,,,,,,,,,,,,,,,,,,,,,261.3605651855469,5.190083026885986,261.39820499520283,240.86869303385416,5.200646877288818,9.58984375
training,llt,128,torch,7,lac,passed,,151290624,84,12,extension,experiments/l40s/results/loop-sweep/training-llt-torch-r128-t07-lac.json,,,,,,,,,,,,,,,,,,,,,,218.3249969482422,12.225486278533936,218.3806979955989,208.2184041341146,12.230806827545166,23.974609375
training,llt,128,torch,7,none,passed,,151290624,84,12,extension,experiments/l40s/results/loop-sweep/training-llt-torch-r128-t07-none.json,,,,,,,,,,,,,,,,,,,,,,208.90829467773438,14.210551738739014,208.9433899964206,201.98673502604166,14.211841106414795,28.083984375
training,llt,128,torch,8,ac,passed,,151290624,96,12,extension,experiments/l40s/results/loop-sweep/training-llt-torch-r128-t08-ac.json,,,,,,,,,,,,,,,,,,,,,,293.2920227050781,5.330708026885986,293.32710100425174,270.7550862630208,5.341271877288818,9.87109375
training,llt,128,torch,8,lac,passed,,151290624,96,12,extension,experiments/l40s/results/loop-sweep/training-llt-torch-r128-t08-lac.json,,,,,,,,,,,,,,,,,,,,,,243.9034881591797,13.350852489471436,243.96021899883635,232.8265380859375,13.356173038482666,26.224609375
training,llt,128,torch,8,none,passed,,151290624,96,12,extension,experiments/l40s/results/loop-sweep/training-llt-torch-r128-t08-none.json,,,,,,,,,,,,,,,,,,,,,,234.96592712402344,15.61937665939331,235.001683999144,226.6381632486979,15.620666027069092,30.91015625
training,llt,128,torch,9,ac,passed,,151290624,108,12,extension,experiments/l40s/results/loop-sweep/training-llt-torch-r128-t09-ac.json,,,,,,,,,,,,,,,,,,,,,,330.4233093261719,5.471333026885986,330.46773100068094,301.39186604817706,5.481896877288818,10.15234375
training,llt,128,torch,9,lac,passed,,151290624,108,12,extension,experiments/l40s/results/loop-sweep/training-llt-torch-r128-t09-lac.json,,,,,,,,,,,,,,,,,,,,,,272.7413635253906,14.476218700408936,272.77381800377043,261.1691487630208,14.481539249420166,28.474609375
training,llt,128,torch,9,none,passed,,151290624,108,12,extension,experiments/l40s/results/loop-sweep/training-llt-torch-r128-t09-none.json,,,,,,,,,,,,,,,,,,,,,,261.0257873535156,17.028201580047607,261.0855639941292,251.33807373046875,17.02949094772339,33.734375
training,llt,128,torch,10,ac,passed,,151290624,120,12,extension,experiments/l40s/results/loop-sweep/training-llt-torch-r128-t10-ac.json,,,,,,,,,,,,,,,,,,,,,,362.8697509765625,5.611958026885986,362.9066909998073,331.91595458984375,5.622521877288818,10.43359375
training,llt,128,torch,10,lac,passed,,151290624,120,12,extension,experiments/l40s/results/loop-sweep/training-llt-torch-r128-t10-lac.json,,,,,,,,,,,,,,,,,,,,,,300.1241455078125,15.601584911346436,300.1578640032676,288.39731852213544,15.606905460357666,30.724609375
training,llt,128,torch,10,none,passed,,151290624,120,12,extension,experiments/l40s/results/loop-sweep/training-llt-torch-r128-t10-none.json,,,,,,,,,,,,,,,,,,,,,,284.58905029296875,18.437026500701904,284.62307900190353,275.8016764322917,18.438315868377686,36.560546875
training,llt,128,torch,11,ac,passed,,151290624,132,12,extension,experiments/l40s/results/loop-sweep/training-llt-torch-r128-t11-ac.json,,,,,,,,,,,,,,,,,,,,,,395.76788330078125,5.752583026885986,395.8037909978884,359.78955078125,5.763146877288818,10.71484375
training,llt,128,torch,11,lac,passed,,151290624,132,12,extension,experiments/l40s/results/loop-sweep/training-llt-torch-r128-t11-lac.json,,,,,,,,,,,,,,,,,,,,,,325.2489929199219,16.726951122283936,325.2842590009095,308.7325846354167,16.732271671295166,32.974609375
training,llt,128,torch,11,none,passed,,151290624,132,12,extension,experiments/l40s/results/loop-sweep/training-llt-torch-r128-t11-none.json,,,,,,,,,,,,,,,,,,,,,,310.582275390625,19.8458514213562,310.61762900208123,301.17384847005206,19.847140789031982,39.38671875
training,llt,128,torch,12,ac,passed,,151290624,144,12,extension,experiments/l40s/results/loop-sweep/training-llt-torch-r128-t12-ac.json,,,,,,,,,,,,,,,,,,,,,,429.6559143066406,5.893208026885986,429.69171699951403,390.5614420572917,5.903771877288818,10.99609375
training,llt,128,torch,12,lac,passed,,151290624,144,12,extension,experiments/l40s/results/loop-sweep/training-llt-torch-r128-t12-lac.json,,,,,,,,,,,,,,,,,,,,,,354.4167785644531,17.852317333221436,354.47501000453485,335.8900960286458,17.857637882232666,35.224609375
training,llt,128,torch,12,none,passed,,151290624,144,12,extension,experiments/l40s/results/loop-sweep/training-llt-torch-r128-t12-none.json,,,,,,,,,,,,,,,,,,,,,,333.739013671875,21.254676342010498,333.7981349977781,324.44728597005206,21.25596570968628,42.2109375
training,llt,128,torch,13,ac,passed,,151290624,156,12,extension,experiments/l40s/results/loop-sweep/training-llt-torch-r128-t13-ac.json,,,,,,,,,,,,,,,,,,,,,,458.78680419921875,6.033833026885986,458.8249220032594,421.0968017578125,6.044396877288818,11.27734375
training,llt,128,torch,13,lac,passed,,151290624,156,12,extension,experiments/l40s/results/loop-sweep/training-llt-torch-r128-t13-lac.json,,,,,,,,,,,,,,,,,,,,,,380.35150146484375,18.977683544158936,380.3865570007474,361.9894612630208,18.983004093170166,37.474609375
training,llt,128,torch,13,none,passed,,151290624,156,12,extension,experiments/l40s/results/loop-sweep/training-llt-torch-r128-t13-none.json,,,,,,,,,,,,,,,,,,,,,,360.4736022949219,22.663501262664795,360.5126620022929,349.1686197916667,22.664790630340576,25.009765625
training,llt,128,torch,14,ac,passed,,151290624,168,12,extension,experiments/l40s/results/loop-sweep/training-llt-torch-r128-t14-ac.json,,,,,,,,,,,,,,,,,,,,,,497.25543212890625,6.174458026885986,497.29164900054457,454.8027750651042,6.185021877288818,11.55859375
training,llt,128,torch,14,lac,passed,,151290624,168,12,extension,experiments/l40s/results/loop-sweep/training-llt-torch-r128-t14-lac.json,,,,,,,,,,,,,,,,,,,,,,410.5944519042969,20.103049755096436,410.6323119995068,389.59716796875,20.108370304107666,39.7265625
training,llt,128,torch,14,none,passed,,151290624,168,12,extension,experiments/l40s/results/loop-sweep/training-llt-torch-r128-t14-none.json,,,,,,,,,,,,,,,,,,,,,,389.30535888671875,24.072326183319092,389.34489299572306,376.6896565755208,24.073615550994873,26.466796875
training,llt,128,torch,15,ac,passed,,151290624,180,12,extension,experiments/l40s/results/loop-sweep/training-llt-torch-r128-t15-ac.json,,,,,,,,,,,,,,,,,,,,,,525.390869140625,6.315083026885986,525.4311410026276,481.62646484375,6.325646877288818,11.83984375
training,llt,128,torch,15,lac,passed,,151290624,180,12,extension,experiments/l40s/results/loop-sweep/training-llt-torch-r128-t15-lac.json,,,,,,,,,,,,,,,,,,,,,,432.8006591796875,21.228415966033936,432.83945599978324,412.942626953125,21.233736515045166,41.974609375
training,llt,128,torch,15,none,passed,,151290624,180,12,extension,experiments/l40s/results/loop-sweep/training-llt-torch-r128-t15-none.json,,,,,,,,,,,,,,,,,,,,,,411.01312255859375,25.48115110397339,411.0505729986471,398.624755859375,25.48244047164917,27.8984375
training,llt,128,torch,16,ac,passed,,151290624,192,12,extension,experiments/l40s/results/loop-sweep/training-llt-torch-r128-t16-ac.json,,,,,,,,,,,,,,,,,,,,,,565.1128540039062,6.455708026885986,565.1577789976727,515.7556966145834,6.466271877288818,12.12109375
training,llt,128,torch,16,lac,passed,,151290624,192,12,extension,experiments/l40s/results/loop-sweep/training-llt-torch-r128-t16-lac.json,,,,,,,,,,,,,,,,,,,,,,460.2685546875,22.353782176971436,460.30330599751323,439.265625,22.359102725982666,24.26171875
training,llt,128,torch,16,none,passed,,151290624,192,12,extension,experiments/l40s/results/loop-sweep/training-llt-torch-r128-t16-none.json,,,,,,,,,,,,,,,,,,,,,,435.4384765625,26.889976024627686,435.47639600001276,424.596435546875,26.891265392303467,29.29296875
training,naive_loop,,tensor,1,ac,passed,,162988800,12,12,extension,experiments/l40s/results/loop-sweep/training-naive_loop-tensor-r064-t01-ac.json,,,,,,,,,,,,,,,,,,,,,,82.91020965576172,2.7666430473327637,82.95002399972873,52.9087168375651,2.7666449546813965,4.544921875
training,naive_loop,,tensor,1,none,passed,,162988800,12,12,original,experiments/l40s/results/loop-baseline/training-naive_loop-tensor-t01.json,,,,,,,,,,,,,,,,,,,,,,57.825279235839844,4.192183017730713,57.85002400079975,45.03142293294271,4.193039417266846,6.880859375
training,naive_loop,,tensor,2,ac,passed,,162988800,24,12,extension,experiments/l40s/results/loop-sweep/training-naive_loop-tensor-r064-t02-ac.json,,,,,,,,,,,,,,,,,,,,,,157.99398803710938,2.9072680473327637,158.01778100285446,90.7151387532552,2.9072699546813965,4.796875
training,naive_loop,,tensor,2,none,passed,,162988800,24,12,original,experiments/l40s/results/loop-baseline/training-naive_loop-tensor-t02.json,,,,,,,,,,,,,,,,,,,,,,104.44374084472656,5.759196758270264,104.46757599856937,74.93802897135417,5.7600531578063965,10.076171875
training,naive_loop,,tensor,3,ac,passed,,162988800,36,12,extension,experiments/l40s/results/loop-sweep/training-naive_loop-tensor-r064-t03-ac.json,,,,,,,,,,,,,,,,,,,,,,228.67149353027344,3.0493578910827637,228.70810000313213,128.79462687174478,3.0493569374084473,4.98046875
training,naive_loop,,tensor,3,none,passed,,162988800,36,12,original,experiments/l40s/results/loop-baseline/training-naive_loop-tensor-t03.json,,,,,,,,,,,,,,,,,,,,,,149.0482177734375,7.3083882331848145,149.0765669987013,104.85589599609375,7.3085150718688965,13.279296875
training,naive_loop,,tensor,4,ac,passed,,162988800,48,12,extension,experiments/l40s/results/loop-sweep/training-naive_loop-tensor-r064-t04-ac.json,,,,,,,,,,,,,,,,,,,,,,298.5410461425781,3.1897387504577637,298.56775700318394,166.49522908528647,3.1897377967834473,5.203125
training,naive_loop,,tensor,4,none,passed,,162988800,48,12,original,experiments/l40s/results/loop-baseline/training-naive_loop-tensor-t04.json,,,,,,,,,,,,,,,,,,,,,,198.84544372558594,8.857826709747314,198.88864699896658,134.68399047851562,8.857953548431396,16.85546875
training,naive_loop,,tensor,5,ac,passed,,162988800,60,12,extension,experiments/l40s/results/loop-sweep/training-naive_loop-tensor-r064-t05-ac.json,,,,,,,,,,,,,,,,,,,,,,380.8860168457031,3.3303637504577637,380.9249030018691,203.1500040690104,3.3303627967834473,5.4609375
training,naive_loop,,tensor,5,none,passed,,162988800,60,12,original,experiments/l40s/results/loop-baseline/training-naive_loop-tensor-t05.json,,,,,,,,,,,,,,,,,,,,,,246.6815948486328,10.407265186309814,246.71088399918517,164.4096883138021,10.407392024993896,20.046875
training,naive_loop,,tensor,6,ac,passed,,162988800,72,12,extension,experiments/l40s/results/loop-sweep/training-naive_loop-tensor-r064-t06-ac.json,,,,,,,,,,,,,,,,,,,,,,444.6709289550781,3.4709887504577637,444.69752599979984,240.93766276041666,3.4709877967834473,5.6015625
training,naive_loop,,tensor,6,none,passed,,162988800,72,12,original,experiments/l40s/results/loop-baseline/training-naive_loop-tensor-t06.json,,,,,,,,,,,,,,,,,,,,,,289.44384765625,11.956703662872314,289.46821199861006,194.409423828125,11.956830501556396,23.240234375
training,naive_loop,,tensor,7,ac,passed,,162988800,84,12,extension,experiments/l40s/results/loop-sweep/training-naive_loop-tensor-r064-t07-ac.json,,,,,,,,,,,,,,,,,,,,,,525.4093017578125,3.6116137504577637,525.438116004807,279.31512451171875,3.6116127967834473,5.87890625
training,naive_loop,,tensor,7,none,passed,,162988800,84,12,original,experiments/l40s/results/loop-baseline/training-naive_loop-tensor-t07.json,,,,,,,,,,,,,,,,,,,,,,336.4761657714844,13.506142139434814,336.5005040031974,224.2508748372396,13.506268978118896,26.43359375
training,naive_loop,,tensor,8,ac,passed,,162988800,96,12,extension,experiments/l40s/results/loop-sweep/training-naive_loop-tensor-r064-t08-ac.json,,,,,,,,,,,,,,,,,,,,,,591.3199462890625,3.7522387504577637,591.3486440040288,316.12620035807294,3.7522377967834473,6.16015625
training,naive_loop,,tensor,8,none,passed,,162988800,96,12,original,experiments/l40s/results/loop-baseline/training-naive_loop-tensor-t08.json,,,,,,,,,,,,,,,,,,,,,,388.08172607421875,15.055580615997314,388.1110369984526,253.99979654947916,15.055707454681396,29.625
training,naive_loop,,tensor,9,ac,passed,,162988800,108,12,extension,experiments/l40s/results/loop-sweep/training-naive_loop-tensor-r064-t09-ac.json,,,,,,,,,,,,,,,,,,,,,,658.1145629882812,3.8928637504577637,658.1474529957632,355.9925944010417,3.8928627967834473,6.44140625
training,naive_loop,,tensor,9,none,passed,,162988800,108,12,original,experiments/l40s/results/loop-baseline/training-naive_loop-tensor-t09.json,,,,,,,,,,,,,,,,,,,,,,433.8636779785156,16.605019092559814,433.8925099946209,283.89581298828125,16.605145931243896,32.8125
training,naive_loop,,tensor,10,ac,passed,,162988800,120,12,extension,experiments/l40s/results/loop-sweep/training-naive_loop-tensor-r064-t10-ac.json,,,,,,,,,,,,,,,,,,,,,,738.77587890625,4.033488750457764,738.8053539980319,394.0123291015625,4.033487796783447,6.72265625
training,naive_loop,,tensor,10,none,passed,,162988800,120,12,original,experiments/l40s/results/loop-baseline/training-naive_loop-tensor-t10.json,,,,,,,,,,,,,,,,,,,,,,470.245361328125,18.154457569122314,470.2797729987651,314.85540771484375,18.154584407806396,36.01953125
training,naive_loop,,tensor,11,ac,passed,,162988800,132,12,extension,experiments/l40s/results/loop-sweep/training-naive_loop-tensor-r064-t11-ac.json,,,,,,,,,,,,,,,,,,,,,,814.3626098632812,4.174113750457764,814.3961790046887,428.4265950520833,4.174112796783447,7.00390625
training,naive_loop,,tensor,11,none,passed,,162988800,132,12,original,experiments/l40s/results/loop-baseline/training-naive_loop-tensor-t11.json,,,,,,,,,,,,,,,,,,,,,,524.0975341796875,19.703896045684814,524.1260289985803,344.7237955729167,19.704022884368896,39.234375
training,naive_loop,,tensor,12,ac,passed,,162988800,144,12,extension,experiments/l40s/results/loop-sweep/training-naive_loop-tensor-r064-t12-ac.json,,,,,,,,,,,,,,,,,,,,,,872.2360229492188,4.314738750457764,872.2701500009862,466.693115234375,4.314737796783447,7.28515625
training,naive_loop,,tensor,12,none,passed,,162988800,144,12,original,experiments/l40s/results/loop-baseline/training-naive_loop-tensor-t12.json,,,,,,,,,,,,,,,,,,,,,,571.2772827148438,21.253334522247314,571.3086920004571,375.323974609375,21.253461360931396,42.44921875
training,naive_loop,,tensor,13,ac,passed,,162988800,156,12,extension,experiments/l40s/results/loop-sweep/training-naive_loop-tensor-r064-t13-ac.json,,,,,,,,,,,,,,,,,,,,,,957.9345703125,4.455363750457764,957.9693129999214,504.9901529947917,4.455362796783447,7.56640625
training,naive_loop,,tensor,13,none,passed,,162988800,156,12,original,experiments/l40s/results/loop-baseline/training-naive_loop-tensor-t13.json,,,,,,,,,,,,,,,,,,,,,,618.4633178710938,22.802772998809814,618.5007300009602,404.4424641927083,22.802899837493896,24.91015625
training,naive_loop,,tensor,14,ac,passed,,162988800,168,12,extension,experiments/l40s/results/loop-sweep/training-naive_loop-tensor-r064-t14-ac.json,,,,,,,,,,,,,,,,,,,,,,1021.787109375,4.595988750457764,1021.8231940016267,544.2792154947916,4.595987796783447,7.84765625
training,naive_loop,,tensor,14,none,passed,,162988800,168,12,original,experiments/l40s/results/loop-baseline/training-naive_loop-tensor-t14.json,,,,,,,,,,,,,,,,,,,,,,670.74560546875,24.352211475372314,670.7851570026833,432.1679280598958,24.352338314056396,26.125
training,naive_loop,,tensor,15,ac,passed,,162988800,180,12,extension,experiments/l40s/results/loop-sweep/training-naive_loop-tensor-r064-t15-ac.json,,,,,,,,,,,,,,,,,,,,,,1101.5465087890625,4.736613750457764,1101.5827430019272,582.3505045572916,4.736612796783447,8.12890625
training,naive_loop,,tensor,15,none,passed,,162988800,180,12,original,experiments/l40s/results/loop-baseline/training-naive_loop-tensor-t15.json,,,,,,,,,,,,,,,,,,,,,,701.1481323242188,25.901649951934814,701.1825540030259,464.6434326171875,25.901776790618896,28.20703125
training,naive_loop,,tensor,16,ac,passed,,162988800,192,12,extension,experiments/l40s/results/loop-sweep/training-naive_loop-tensor-r064-t16-ac.json,,,,,,,,,,,,,,,,,,,,,,1180.475341796875,4.877238750457764,1180.510513993795,617.4061279296875,4.877237796783447,8.41015625
training,naive_loop,,tensor,16,none,passed,,162988800,192,12,original,experiments/l40s/results/loop-baseline/training-naive_loop-tensor-t16.json,,,,,,,,,,,,,,,,,,,,,,757.865478515625,27.451088428497314,757.8985919972183,492.0736490885417,27.451215267181396,29.74609375
training,naive_loop,,torch,1,ac,passed,,162988800,12,12,extension,experiments/l40s/results/loop-sweep/training-naive_loop-torch-r064-t01-ac.json,,,,,,,,,,,,,,,,,,,,,,63.312896728515625,4.3762969970703125,63.345057002152316,57.75326029459635,4.392473220825195,8.552734375
training,naive_loop,,torch,1,none,passed,,162988800,12,12,original,experiments/l40s/results/loop-baseline/training-naive_loop-torch-t01.json,,,,,,,,,,,,,,,,,,,,,,53.60732650756836,5.9158477783203125,53.67617099909694,51.81985982259115,5.9278764724731445,11.1640625
training,naive_loop,,torch,2,ac,passed,,162988800,24,12,extension,experiments/l40s/results/loop-sweep/training-naive_loop-torch-r064-t02-ac.json,,,,,,,,,,,,,,,,,,,,,,97.46841430664062,4.520209312438965,97.49767400353448,86.2245585123698,4.536385536193848,8.833984375
training,naive_loop,,torch,2,none,passed,,162988800,24,12,original,experiments/l40s/results/loop-baseline/training-naive_loop-torch-t02.json,,,,,,,,,,,,,,,,,,,,,,76.84492492675781,7.415737152099609,76.8752480034891,74.59055074055989,7.432651519775391,14.22265625
training,naive_loop,,torch,3,ac,passed,,162988800,36,12,extension,experiments/l40s/results/loop-sweep/training-naive_loop-torch-r064-t03-ac.json,,,,,,,,,,,,,,,,,,,,,,132.527099609375,4.659738540649414,132.55806699453387,115.39077758789062,4.675911903381348,9.115234375
training,naive_loop,,torch,3,none,passed,,162988800,36,12,original,experiments/l40s/results/loop-baseline/training-naive_loop-torch-t03.json,,,,,,,,,,,,,,,,,,,,,,100.84352111816406,8.900858879089355,100.87528000076418,97.65922037760417,8.915573120117188,17.28515625
training,naive_loop,,torch,4,ac,passed,,162988800,48,12,extension,experiments/l40s/results/loop-sweep/training-naive_loop-torch-r064-t04-ac.json,,,,,,,,,,,,,,,,,,,,,,169.10336303710938,4.800363540649414,169.13212499639485,144.60307820638022,4.816536903381348,9.396484375
training,naive_loop,,torch,4,none,passed,,162988800,48,12,original,experiments/l40s/results/loop-baseline/training-naive_loop-torch-t04.json,,,,,,,,,,,,,,,,,,,,,,125.35193634033203,10.373648643493652,125.38613899960183,120.8651123046875,10.394713401794434,20.34375
training,naive_loop,,torch,5,ac,passed,,162988800,60,12,extension,experiments/l40s/results/loop-sweep/training-naive_loop-torch-r064-t05-ac.json,,,,,,,,,,,,,,,,,,,,,,208.542724609375,4.940744400024414,208.57798799988814,172.212890625,4.956917762756348,9.677734375
training,naive_loop,,torch,5,none,passed,,162988800,60,12,original,experiments/l40s/results/loop-baseline/training-naive_loop-torch-t05.json,,,,,,,,,,,,,,,,,,,,,,149.47532653808594,11.85278606414795,149.50613899782184,143.86414591471353,11.87385082244873,23.40234375
training,naive_loop,,torch,6,ac,passed,,162988800,72,12,extension,experiments/l40s/results/loop-sweep/training-naive_loop-torch-r064-t06-ac.json,,,,,,,,,,,,,,,,,,,,,,245.0145263671875,5.081369400024414,245.04459500167286,202.1751505533854,5.097542762756348,9.958984375
training,naive_loop,,torch,6,none,passed,,162988800,72,12,original,experiments/l40s/results/loop-baseline/training-naive_loop-torch-t06.json,,,,,,,,,,,,,,,,,,,,,,173.7379913330078,13.331923484802246,173.77230000056443,167.13864135742188,13.352988243103027,26.46484375
training,naive_loop,,torch,7,ac,passed,,162988800,84,12,extension,experiments/l40s/results/loop-sweep/training-naive_loop-torch-r064-t07-ac.json,,,,,,,,,,,,,,,,,,,,,,291.48773193359375,5.221994400024414,291.51835599623155,231.5598347981771,5.238167762756348,10.240234375
training,naive_loop,,torch,7,none,passed,,162988800,84,12,original,experiments/l40s/results/loop-baseline/training-naive_loop-torch-t07.json,,,,,,,,,,,,,,,,,,,,,,198.44915771484375,14.811060905456543,198.4823899983894,190.42610677083334,14.832125663757324,29.5234375
training,naive_loop,,torch,8,ac,passed,,162988800,96,12,extension,experiments/l40s/results/loop-sweep/training-naive_loop-torch-r064-t08-ac.json,,,,,,,,,,,,,,,,,,,,,,330.29937744140625,5.362619400024414,330.3332279974711,259.99086507161456,5.378792762756348,10.521484375
training,naive_loop,,torch,8,none,passed,,162988800,96,12,original,experiments/l40s/results/loop-baseline/training-naive_loop-torch-t08.json,,,,,,,,,,,,,,,,,,,,,,222.46707153320312,16.29019832611084,222.52455599664245,213.55279541015625,16.31126308441162,32.58203125
training,naive_loop,,torch,9,ac,passed,,162988800,108,12,extension,experiments/l40s/results/loop-sweep/training-naive_loop-torch-r064-t09-ac.json,,,,,,,,,,,,,,,,,,,,,,370.9787292480469,5.503244400024414,371.0344540013466,291.02968343098956,5.519417762756348,10.802734375
training,naive_loop,,torch,9,none,passed,,162988800,108,12,original,experiments/l40s/results/loop-baseline/training-naive_loop-torch-t09.json,,,,,,,,,,,,,,,,,,,,,,248.06605529785156,17.769335746765137,248.0988739989698,236.67985026041666,17.790400505065918,35.642578125
training,naive_loop,,torch,10,ac,passed,,162988800,120,12,extension,experiments/l40s/results/loop-sweep/training-naive_loop-torch-r064-t10-ac.json,,,,,,,,,,,,,,,,,,,,,,414.236572265625,5.643869400024414,414.2721600001096,321.5926513671875,5.660042762756348,11.083984375
training,naive_loop,,torch,10,none,passed,,162988800,120,12,original,experiments/l40s/results/loop-baseline/training-naive_loop-torch-t10.json,,,,,,,,,,,,,,,,,,,,,,272.29901123046875,19.248473167419434,272.33592200354906,260.924072265625,19.269537925720215,38.703125
training,naive_loop,,torch,11,ac,passed,,162988800,132,12,extension,experiments/l40s/results/loop-sweep/training-naive_loop-torch-r064-t11-ac.json,,,,,,,,,,,,,,,,,,,,,,442.3864440917969,5.784494400024414,442.41939899802674,346.1297607421875,5.800667762756348,11.365234375
training,naive_loop,,torch,11,none,passed,,162988800,132,12,original,experiments/l40s/results/loop-baseline/training-naive_loop-torch-t11.json,,,,,,,,,,,,,,,,,,,,,,295.67181396484375,20.72761058807373,295.7063259964343,283.2738444010417,20.74867534637451,41.76171875
training,naive_loop,,torch,12,ac,passed,,162988800,144,12,extension,experiments/l40s/results/loop-sweep/training-naive_loop-torch-r064-t12-ac.json,,,,,,,,,,,,,,,,,,,,,,502.1051025390625,5.925119400024414,502.142620003724,375.0423990885417,5.941292762756348,11.646484375
training,naive_loop,,torch,12,none,passed,,162988800,144,12,original,experiments/l40s/results/loop-baseline/training-naive_loop-torch-t12.json,,,,,,,,,,,,,,,,,,,,,,324.0110168457031,22.206748008728027,324.07789299759315,307.68434651692706,22.22781276702881,25.0859375
training,naive_loop,,torch,13,ac,passed,,162988800,156,12,extension,experiments/l40s/results/loop-sweep/training-naive_loop-torch-r064-t13-ac.json,,,,,,,,,,,,,,,,,,,,,,527.9324340820312,6.065744400024414,527.9669840019778,405.742919921875,6.081917762756348,11.927734375
training,naive_loop,,torch,13,none,passed,,162988800,156,12,original,experiments/l40s/results/loop-baseline/training-naive_loop-torch-t13.json,,,,,,,,,,,,,,,,,,,,,,344.72039794921875,23.685885429382324,344.75918200041633,330.27960205078125,23.706950187683105,25.875
training,naive_loop,,torch,14,ac,passed,,162988800,168,12,extension,experiments/l40s/results/loop-sweep/training-naive_loop-torch-r064-t14-ac.json,,,,,,,,,,,,,,,,,,,,,,569.11572265625,6.206369400024414,569.1480800014688,435.012939453125,6.222542762756348,12.208984375
training,naive_loop,,torch,14,none,passed,,162988800,168,12,original,experiments/l40s/results/loop-baseline/training-naive_loop-torch-t14.json,,,,,,,,,,,,,,,,,,,,,,369.8861999511719,25.16502285003662,369.9303079993115,353.4093424479167,25.186087608337402,27.404296875
training,naive_loop,,torch,15,ac,passed,,162988800,180,12,extension,experiments/l40s/results/loop-sweep/training-naive_loop-torch-r064-t15-ac.json,,,,,,,,,,,,,,,,,,,,,,612.4195556640625,6.346994400024414,612.4584569988656,463.4784342447917,6.363167762756348,12.490234375
training,naive_loop,,torch,15,none,passed,,162988800,180,12,original,experiments/l40s/results/loop-baseline/training-naive_loop-torch-t15.json,,,,,,,,,,,,,,,,,,,,,,394.8677062988281,26.644160270690918,394.927216002543,378.0064697265625,26.6652250289917,28.935546875
training,naive_loop,,torch,16,ac,passed,,162988800,192,12,extension,experiments/l40s/results/loop-sweep/training-naive_loop-torch-r064-t16-ac.json,,,,,,,,,,,,,,,,,,,,,,647.5919189453125,6.487619400024414,647.6351879973663,492.849853515625,6.503792762756348,12.771484375
training,naive_loop,,torch,16,none,passed,,162988800,192,12,original,experiments/l40s/results/loop-baseline/training-naive_loop-torch-t16.json,,,,,,,,,,,,,,,,,,,,,,419.2614440917969,28.123297691345215,419.30503500043415,400.778564453125,28.144362449645996,30.466796875
training,stacked,,tensor,1,ac,passed,,162988800,12,12,extension,experiments/l40s/results/loop-sweep/training-stacked-tensor-r064-t01-ac.json,,,,,,,,,,,,,,,,,,,,,,82.52108764648438,2.7666430473327637,82.54556899919407,52.91827392578125,2.7666449546813965,4.544921875
training,stacked,,tensor,1,none,passed,,162988800,12,12,original,experiments/l40s/results/loop-baseline/training-stacked-tensor-t01.json,,,,,,,,,,,,,,,,,,,,,,57.63993453979492,4.192183017730713,57.66631500227959,45.06726582845052,4.193039417266846,6.880859375
training,stacked,,tensor,2,ac,passed,,247923456,24,24,extension,experiments/l40s/results/loop-sweep/training-stacked-tensor-r064-t02-ac.json,,,,,,,,,,,,,,,,,,,,,,159.42860412597656,3.857494831085205,159.4532849994721,93.5553690592448,3.857496738433838,6.140625
training,stacked,,tensor,2,none,passed,,247923456,24,24,original,experiments/l40s/results/loop-baseline/training-stacked-tensor-t02.json,,,,,,,,,,,,,,,,,,,,,,107.82105255126953,6.7143120765686035,107.84699199939496,77.8987528483073,6.715168476104736,11.099609375
training,stacked,,tensor,3,ac,passed,,332858112,36,36,extension,experiments/l40s/results/loop-sweep/training-stacked-tensor-r064-t03-ac.json,,,,,,,,,,,,,,,,,,,,,,236.70579528808594,5.010557174682617,236.73028099437943,134.37435913085938,5.007016181945801,7.40234375
training,stacked,,tensor,3,none,passed,,332858112,36,36,original,experiments/l40s/results/loop-baseline/training-stacked-tensor-t03.json,,,,,,,,,,,,,,,,,,,,,,158.8633575439453,9.236441135406494,158.8889909980935,110.7814432779948,9.237297534942627,15.322265625
training,stacked,,tensor,4,ac,passed,,417792768,48,48,extension,experiments/l40s/results/loop-sweep/training-stacked-tensor-r064-t04-ac.json,,,,,,,,,,,,,,,,,,,,,,324.48199462890625,6.286717414855957,324.5244540012209,174.85481770833334,6.280735015869141,9.23046875
training,stacked,,tensor,4,none,passed,,417792768,48,48,original,experiments/l40s/results/loop-baseline/training-stacked-tensor-t04.json,,,,,,,,,,,,,,,,,,,,,,213.03091430664062,11.758570194244385,213.05567799936398,143.82455444335938,11.759426593780518,19.92578125
training,stacked,,tensor,5,ac,passed,,502727424,60,60,extension,experiments/l40s/results/loop-sweep/training-stacked-tensor-r064-t05-ac.json,,,,,,,,,,,,,,,,,,,,,,401.86163330078125,7.561895370483398,401.89075699890964,214.6109415690104,7.552495002746582,10.810546875
training,stacked,,tensor,5,none,passed,,502727424,60,60,original,experiments/l40s/results/loop-baseline/training-stacked-tensor-t05.json,,,,,,,,,,,,,,,,,,,,,,268.3945007324219,14.280699253082275,268.4212340027443,176.760498046875,14.281555652618408,24.14453125
training,stacked,,tensor,6,ac,passed,,587662080,72,72,extension,experiments/l40s/results/loop-sweep/training-stacked-tensor-r064-t06-ac.json,,,,,,,,,,,,,,,,,,,,,,481.0926208496094,8.839761734008789,481.1226629972225,256.1418050130208,8.827431678771973,12.53515625
training,stacked,,tensor,6,none,passed,,587662080,72,72,original,experiments/l40s/results/loop-baseline/training-stacked-tensor-t06.json,,,,,,,,,,,,,,,,,,,,,,326.72357177734375,16.802828311920166,326.74943399979384,209.80183919270834,16.8036847114563,28.365234375
training,stacked,,tensor,7,ac,passed,,672596736,84,84,extension,experiments/l40s/results/loop-sweep/training-stacked-tensor-r064-t07-ac.json,,,,,,,,,,,,,,,,,,,,,,552.3230590820312,10.106888771057129,552.3536760010757,297.99151611328125,10.098953247070312,14.30859375
training,stacked,,tensor,7,none,passed,,672596736,84,84,original,experiments/l40s/results/loop-baseline/training-stacked-tensor-t07.json,,,,,,,,,,,,,,,,,,,,,,374.41741943359375,19.324957370758057,374.44607200450264,242.7183837890625,19.32581377029419,32.5859375
training,stacked,,tensor,8,ac,passed,,757531392,96,96,extension,experiments/l40s/results/loop-sweep/training-stacked-tensor-r064-t08-ac.json,,,,,,,,,,,,,,,,,,,,,,632.63232421875,11.38182544708252,632.6624759967672,337.02195231119794,11.375843048095703,16.041015625
training,stacked,,tensor,8,none,passed,,757531392,96,96,original,experiments/l40s/results/loop-baseline/training-stacked-tensor-t08.json,,,,,,,,,,,,,,,,,,,,,,432.3399658203125,21.847086429595947,432.3692800026038,275.842529296875,21.84794282913208,36.8046875
training,stacked,,tensor,9,ac,passed,,842466048,108,108,extension,experiments/l40s/results/loop-sweep/training-stacked-tensor-r064-t09-ac.json,,,,,,,,,,,,,,,,,,,,,,701.4891357421875,12.654806137084961,701.5212690021144,382.59130859375,12.648091316223145,17.783203125
training,stacked,,tensor,9,none,passed,,842466048,108,108,original,experiments/l40s/results/loop-baseline/training-stacked-tensor-t09.json,,,,,,,,,,,,,,,,,,,,,,482.9593505859375,24.369215488433838,483.0026249983348,309.72654215494794,24.37007188796997,41.025390625
training,stacked,,tensor,10,ac,passed,,927400704,120,120,extension,experiments/l40s/results/loop-sweep/training-stacked-tensor-r064-t10-ac.json,,,,,,,,,,,,,,,,,,,,,,785.6333618164062,13.939264297485352,785.6690700064064,418.6760660807292,13.921807289123535,19.576171875
training,stacked,,tensor,10,none,passed,,927400704,120,120,original,experiments/l40s/results/loop-baseline/training-stacked-tensor-t10.json,,,,,,,,,,,,,,,,,,,,,,532.5393676757812,26.89134454727173,532.5697439984651,343.2591552734375,26.89220094680786,33.29296875
training,stacked,,tensor,11,ac,passed,,1012335360,132,132,extension,experiments/l40s/results/loop-sweep/training-stacked-tensor-r064-t11-ac.json,,,,,,,,,,,,,,,,,,,,,,870.7901611328125,15.200773239135742,870.8223569992697,457.6204833984375,15.192349433898926,21.33984375
training,stacked,,tensor,11,none,passed,,1012335360,132,132,original,experiments/l40s/results/loop-baseline/training-stacked-tensor-t11.json,,,,,,,,,,,,,,,,,,,,,,580.4298095703125,29.41347360610962,580.4620599956252,375.3212483723958,29.414330005645752,36.310546875
training,stacked,,tensor,12,ac,passed,,1097270016,144,144,extension,experiments/l40s/results/loop-sweep/training-stacked-tensor-r064-t12-ac.json,,,,,,,,,,,,,,,,,,,,,,965.6627197265625,16.483766555786133,965.6989110007999,497.8070068359375,16.467774391174316,23.0703125
training,stacked,,tensor,12,none,passed,,1097270016,144,144,original,experiments/l40s/results/loop-baseline/training-stacked-tensor-t12.json,,,,,,,,,,,,,,,,,,,,,,628.864013671875,31.93560266494751,628.9049090046319,408.7671305338542,31.936459064483643,39.306640625
training,stacked,,tensor,13,ac,passed,,1182204672,156,156,extension,experiments/l40s/results/loop-sweep/training-stacked-tensor-r064-t13-ac.json,,,,,,,,,,,,,,,,,,,,,,1040.83251953125,17.755285263061523,1040.8650239987765,538.693603515625,17.742711067199707,24.806640625
training,stacked,,tensor,13,none,passed,,1182204672,156,156,original,experiments/l40s/results/loop-baseline/training-stacked-tensor-t13.json,,,,,,,,,,,,,,,,,,,,,,673.8984985351562,34.4577317237854,673.9478180024889,443.0796712239583,34.45858812332153,42.298828125
training,stacked,,tensor,14,ac,passed,,1267139328,168,168,extension,experiments/l40s/results/loop-sweep/training-stacked-tensor-r064-t14-ac.json,,,,,,,,,,,,,,,,,,,,,,1098.0107421875,19.032422065734863,1098.0555420028395,581.7436116536459,19.01508617401123,26.580078125
training,stacked,,tensor,14,none,out_of_memory,training_graph,1267139328,168,168,original,experiments/l40s/results/loop-baseline/training-stacked-tensor-t14.json,,,,,,,,,,,,,,,,,,,,,,734.3331298828125,36.97986078262329,734.3833479972091,,,
training,stacked,,tensor,15,ac,passed,,1352073984,180,180,extension,experiments/l40s/results/loop-sweep/training-stacked-tensor-r064-t15-ac.json,,,,,,,,,,,,,,,,,,,,,,1190.2177734375,20.305405616760254,1190.254137996817,620.2845458984375,20.291122436523438,28.349609375
training,stacked,,tensor,15,none,out_of_memory,training_graph,1352073984,180,180,original,experiments/l40s/results/loop-baseline/training-stacked-tensor-t15.json,,,,,,,,,,,,,,,,,,,,,,791.81005859375,39.50198984146118,791.843131002679,,,
training,stacked,,tensor,16,ac,passed,,1437008640,192,192,extension,experiments/l40s/results/loop-sweep/training-stacked-tensor-r064-t16-ac.json,,,,,,,,,,,,,,,,,,,,,,1273.891845703125,21.576677322387695,1273.9340390035068,663.7468668619791,21.56337070465088,30.09375
training,stacked,,tensor,16,none,out_of_memory,training_graph,1437008640,192,192,original,experiments/l40s/results/loop-baseline/training-stacked-tensor-t16.json,,,,,,,,,,,,,,,,,,,,,,853.275634765625,42.02411890029907,853.3083369984524,,,
training,stacked,,torch,1,ac,passed,,162988800,12,12,extension,experiments/l40s/results/loop-sweep/training-stacked-torch-r064-t01-ac.json,,,,,,,,,,,,,,,,,,,,,,63.45420837402344,4.3762969970703125,63.48414099920774,57.731414794921875,4.392473220825195,8.552734375
training,stacked,,torch,1,none,passed,,162988800,12,12,original,experiments/l40s/results/loop-baseline/training-stacked-torch-t01.json,,,,,,,,,,,,,,,,,,,,,,52.962303161621094,5.9158477783203125,52.99423499673139,51.82190958658854,5.9278764724731445,11.1640625
training,stacked,,torch,2,ac,passed,,247923456,24,24,extension,experiments/l40s/results/loop-sweep/training-stacked-torch-r064-t02-ac.json,,,,,,,,,,,,,,,,,,,,,,104.20941162109375,5.466169357299805,104.23748600442195,92.64260864257812,5.4823455810546875,10.234375
training,stacked,,torch,2,none,passed,,247923456,24,24,original,experiments/l40s/results/loop-baseline/training-stacked-torch-t02.json,,,,,,,,,,,,,,,,,,,,,,83.37100982666016,8.53759765625,83.40356099870405,81.0608622233073,8.549626350402832,14.89453125
training,stacked,,torch,3,ac,passed,,332858112,36,36,extension,experiments/l40s/results/loop-sweep/training-stacked-torch-r064-t03-ac.json,,,,,,,,,,,,,,,,,,,,,,144.47299194335938,6.720109939575195,144.5027539957664,128.01872762044272,6.696002960205078,11.724609375
training,stacked,,torch,3,none,passed,,332858112,36,36,original,experiments/l40s/results/loop-baseline/training-stacked-torch-t03.json,,,,,,,,,,,,,,,,,,,,,,113.83808135986328,11.159835815429688,113.87493099755375,110.5244140625,11.17137622833252,19.78125
training,stacked,,torch,4,ac,passed,,417792768,48,48,extension,experiments/l40s/results/loop-sweep/training-stacked-torch-r064-t04-ac.json,,,,,,,,,,,,,,,,,,,,,,193.8492431640625,8.012807846069336,193.88041400088696,163.0379638671875,7.955314636230469,13.376953125
training,stacked,,torch,4,none,passed,,417792768,48,48,original,experiments/l40s/results/loop-baseline/training-stacked-torch-t04.json,,,,,,,,,,,,,,,,,,,,,,144.321533203125,13.783050537109375,144.35588999913307,140.02278645833334,13.793126106262207,24.041015625
training,stacked,,torch,5,ac,passed,,502727424,60,60,extension,experiments/l40s/results/loop-sweep/training-stacked-torch-r064-t05-ac.json,,,,,,,,,,,,,,,,,,,,,,244.5823974609375,9.298480987548828,244.61442699976033,197.6224161783854,9.216460227966309,15.095703125
training,stacked,,torch,5,none,passed,,502727424,60,60,original,experiments/l40s/results/loop-baseline/training-stacked-torch-t05.json,,,,,,,,,,,,,,,,,,,,,,174.5366973876953,16.407730102539062,174.57976099831285,169.41158040364584,16.414875984191895,28.443359375
training,stacked,,torch,6,ac,passed,,587662080,72,72,extension,experiments/l40s/results/loop-sweep/training-stacked-torch-r064-t06-ac.json,,,,,,,,,,,,,,,,,,,,,,287.6159973144531,10.577332496643066,287.64959100226406,233.81538899739584,10.4749174118042,16.818359375
training,stacked,,torch,6,none,passed,,587662080,72,72,original,experiments/l40s/results/loop-baseline/training-stacked-torch-t06.json,,,,,,,,,,,,,,,,,,,,,,205.73388671875,19.02899169921875,205.77052299995557,199.09906005859375,19.036625862121582,32.857421875
training,stacked,,torch,7,ac,passed,,672596736,84,84,extension,experiments/l40s/results/loop-sweep/training-stacked-torch-r064-t07-ac.json,,,,,,,,,,,,,,,,,,,,,,334.0308532714844,11.896574974060059,334.08944999973755,270.1185709635417,11.732522964477539,18.537109375
training,stacked,,torch,7,none,passed,,672596736,84,84,original,experiments/l40s/results/loop-baseline/training-stacked-torch-t07.json,,,,,,,,,,,,,,,,,,,,,,236.24082946777344,21.652206420898438,236.27991799730808,228.6206258138021,21.65837574005127,37.251953125
training,stacked,,torch,8,ac,passed,,757531392,96,96,extension,experiments/l40s/results/loop-sweep/training-stacked-torch-r064-t08-ac.json,,,,,,,,,,,,,,,,,,,,,,377.808837890625,13.13098430633545,377.8651520042331,304.30930582682294,12.991950988769531,19.8515625
training,stacked,,torch,8,none,passed,,757531392,96,96,original,experiments/l40s/results/loop-baseline/training-stacked-torch-t08.json,,,,,,,,,,,,,,,,,,,,,,266.4171447753906,24.276397705078125,266.4545729930978,257.9650472005208,24.280125617980957,41.669921875
training,stacked,,torch,9,ac,passed,,842466048,108,108,extension,experiments/l40s/results/loop-sweep/training-stacked-torch-r064-t09-ac.json,,,,,,,,,,,,,,,,,,,,,,433.6896057128906,14.40787410736084,433.7270090036327,341.5186767578125,14.250652313232422,21.59375
training,stacked,,torch,9,none,passed,,842466048,108,108,original,experiments/l40s/results/loop-baseline/training-stacked-torch-t09.json,,,,,,,,,,,,,,,,,,,,,,297.7423400878906,26.900588989257812,297.7839329978451,289.0970458984375,26.901875495910645,33.537109375
training,stacked,,torch,10,ac,passed,,927400704,120,120,extension,experiments/l40s/results/loop-sweep/training-stacked-torch-r064-t10-ac.json,,,,,,,,,,,,,,,,,,,,,,477.1194763183594,15.777168273925781,477.1631650000927,374.5587158203125,15.508252143859863,23.296875
training,stacked,,torch,10,none,passed,,927400704,120,120,original,experiments/l40s/results/loop-baseline/training-stacked-torch-t10.json,,,,,,,,,,,,,,,,,,,,,,329.662353515625,29.5081787109375,329.72228199651,319.1050211588542,29.523625373840332,37.375
training,stacked,,torch,11,ac,passed,,1012335360,132,132,extension,experiments/l40s/results/loop-sweep/training-stacked-torch-r064-t11-ac.json,,,,,,,,,,,,,,,,,,,,,,535.5693969726562,16.961650848388672,535.6079109988059,408.8343912760417,16.766956329345703,25.0
training,stacked,,torch,11,none,passed,,1012335360,132,132,original,experiments/l40s/results/loop-baseline/training-stacked-torch-t11.json,,,,,,,,,,,,,,,,,,,,,,358.6529235839844,32.13334655761719,358.7097130002803,347.3636881510417,32.14537525177002,39.408203125
training,stacked,,torch,12,ac,passed,,1097270016,144,144,extension,experiments/l40s/results/loop-sweep/training-stacked-torch-r064-t12-ac.json,,,,,,,,,,,,,,,,,,,,,,584.0137939453125,18.36708354949951,584.0516220050631,443.4261474609375,18.026392936706543,27.099609375
training,stacked,,torch,12,none,passed,,1097270016,144,144,original,experiments/l40s/results/loop-baseline/training-stacked-torch-t12.json,,,,,,,,,,,,,,,,,,,,,,390.8884582519531,34.754119873046875,390.9315519995289,377.7204996744792,34.76712512969971,43.041015625
training,stacked,,torch,13,ac,passed,,1182204672,156,156,extension,experiments/l40s/results/loop-sweep/training-stacked-torch-r064-t13-ac.json,,,,,,,,,,,,,,,,,,,,,,627.7181396484375,19.659476280212402,627.7602550035226,478.9643147786458,19.284364700317383,28.841796875
training,stacked,,torch,13,none,out_of_memory,training_graph,1182204672,156,156,original,experiments/l40s/results/loop-baseline/training-stacked-torch-t13.json,,,,,,,,,,,,,,,,,,,,,,420.8650207519531,37.37440490722656,420.90445599751547,,,
training,stacked,,torch,14,ac,passed,,1267139328,168,168,extension,experiments/l40s/results/loop-sweep/training-stacked-torch-r064-t14-ac.json,,,,,,,,,,,,,,,,,,,,,,672.8018188476562,20.95248508453369,672.8475669951877,516.841796875,20.543063163757324,30.1796875
training,stacked,,torch,14,none,out_of_memory,training_graph,1267139328,168,168,original,experiments/l40s/results/loop-baseline/training-stacked-torch-t14.json,,,,,,,,,,,,,,,,,,,,,,450.1174621582031,39.99761962890625,450.1582149969181,,,
training,stacked,,torch,15,ac,passed,,1352073984,180,180,extension,experiments/l40s/results/loop-sweep/training-stacked-torch-r064-t15-ac.json,,,,,,,,,,,,,,,,,,,,,,729.18017578125,22.076048851013184,729.2242069961503,549.0790201822916,21.803958892822266,31.8984375
training,stacked,,torch,15,none,out_of_memory,training_eager,1352073984,180,180,original,experiments/l40s/results/loop-baseline/training-stacked-torch-t15.json,,,,,,,,,,,,,,,,,,,,,,,,,,,
training,stacked,,torch,16,ac,passed,,1437008640,192,192,extension,experiments/l40s/results/loop-sweep/training-stacked-torch-r064-t16-ac.json,,,,,,,,,,,,,,,,,,,,,,766.5631713867188,23.348541259765625,766.6049779945752,584.958984375,23.060096740722656,33.58203125
training,stacked,,torch,16,none,out_of_memory,training_eager,1437008640,192,192,original,experiments/l40s/results/loop-baseline/training-stacked-torch-t16.json,,,,,,,,,,,,,,,,,,,,,,,,,,,
