phase,model,kv_rank,backend,loops,checkpoint,status,failed_stage,parameter_count,effective_depth,unique_layers,measurement_origin,raw_record,prompt_eager_gpu_ms,prompt_eager_peak_gib,prompt_eager_wall_ms,prompt_graph_gpu_ms,prompt_graph_peak_gib,prompt_graph_reserved_gib,startup_eager_gpu_ms,startup_eager_peak_gib,startup_eager_wall_ms,startup_graph_gpu_ms,startup_graph_peak_gib,startup_graph_reserved_gib,decode_eager_gpu_ms,decode_eager_peak_gib,decode_eager_wall_ms,decode_graph_gpu_ms,decode_graph_peak_gib,decode_graph_reserved_gib,cache_mib,fold_mib,prepared_weight_mib,attention_applications,mlp_applications,gate_mlp_applications,recurrence_projection_applications,core_residual_dtype,training_eager_gpu_ms,training_eager_peak_gib,training_eager_wall_ms,training_graph_gpu_ms,training_graph_peak_gib,training_graph_reserved_gib,cache_banks
inference,fixed_depth,,tensor,1,none,passed,,162988800,12,12,original,experiments/l40s/results/loop-baseline/inference-fixed_depth-tensor-t01.json,12.591103553771973,0.9722318649291992,12.612798996997299,7.818186442057292,0.9722318649291992,1.166015625,14.310400009155273,1.1426773071289062,14.333510000142269,8.22647476196289,1.1426773071289062,1.607421875,12.0698881149292,1.002490520477295,12.095067999325693,0.9758719603220621,1.002490520477295,1.216796875,144.1409912109375,0.0,235.6875,12,12,0,0,float32,,,,,,,
inference,fixed_depth,,tensor,2,none,passed,,247923456,12,12,original,experiments/l40s/results/loop-baseline/inference-fixed_depth-tensor-t02.json,14.430208206176758,1.5200834274291992,14.455728000029922,13.547178904215494,1.5197172164916992,1.822265625,14.925824165344238,1.6489896774291992,14.953770998545224,13.962581634521484,1.6486234664916992,2.111328125,12.464032173156738,1.479663372039795,12.48632300121244,1.2673707008361816,1.479663372039795,1.732421875,144.1409912109375,0.0,397.6875,12,12,0,0,float32,,,,,,,
inference,fixed_depth,,tensor,3,none,passed,,332858112,12,12,original,experiments/l40s/results/loop-baseline/inference-fixed_depth-tensor-t03.json,20.521984100341797,2.048586845397949,20.55065700187697,19.71404774983724,2.048586845397949,2.494140625,20.989952087402344,2.177493095397949,21.022598000854487,20.013397216796875,2.177493095397949,2.740234375,12.766207695007324,1.938220500946045,12.788331998308422,1.57149871190389,1.938220500946045,2.279296875,144.1409912109375,0.0,559.6875,12,12,0,0,float32,,,,,,,
inference,fixed_depth,,tensor,4,none,passed,,417792768,12,12,original,experiments/l40s/results/loop-baseline/inference-fixed_depth-tensor-t04.json,24.829952239990234,2.604617118835449,24.85994200105779,23.856468200683594,2.604617118835449,3.216796875,25.29782485961914,2.733523368835449,25.324783997348277,24.22783915201823,2.733523368835449,3.451171875,12.401663780212402,2.423938274383545,12.428193997038761,1.8298560778299968,2.423938274383545,2.849609375,144.1409912109375,0.0,721.6875,12,12,0,0,float32,,,,,,,
inference,fixed_depth,,tensor,5,none,passed,,502727424,12,12,original,experiments/l40s/results/loop-baseline/inference-fixed_depth-tensor-t05.json,30.16396713256836,3.161257743835449,30.20114099854254,29.202433268229168,3.161257743835449,3.9375,30.69331169128418,3.290163993835449,30.72876499936683,29.597012837727863,3.290163993835449,3.90234375,12.75596809387207,2.910266399383545,12.778364998666802,2.107733408610026,2.910266399383545,3.32421875,144.1409912109375,0.0,883.6875,12,12,0,0,float32,,,,,,,
inference,fixed_depth,,tensor,6,none,passed,,587662080,12,12,original,experiments/l40s/results/loop-baseline/inference-fixed_depth-tensor-t06.json,35.334144592285156,3.690310478210449,35.36914999858709,34.412523905436196,3.688845634460449,4.4609375,35.76326370239258,3.819949150085449,35.80559100373648,34.86105600992838,3.817751884460449,4.6171875,12.421119689941406,3.368262767791748,12.442022001778241,2.39138126373291,3.368262767791748,3.93359375,144.1409912109375,0.0,1045.6875,12,12,0,0,float32,,,,,,,
inference,fixed_depth,,tensor,7,none,passed,,672596736,12,12,original,experiments/l40s/results/loop-baseline/inference-fixed_depth-tensor-t07.json,40.822784423828125,4.230715751647949,40.85480800131336,40.00733947753906,4.229983329772949,5.099609375,41.30915069580078,4.358889579772949,41.337966998980846,40.44282786051432,4.358889579772949,5.298828125,12.436479568481445,3.8391594886779785,12.458718003472313,2.675370534261068,3.8391594886779785,4.509765625,144.1409912109375,0.0,1207.6875,12,12,0,0,float32,,,,,,,
inference,fixed_depth,,tensor,8,none,passed,,757531392,12,12,original,experiments/l40s/results/loop-baseline/inference-fixed_depth-tensor-t08.json,46.17830276489258,4.785891532897949,46.21076500188792,45.49427286783854,4.785891532897949,5.78515625,46.62374496459961,4.914797782897949,46.656625003379304,46.14656066894531,4.914797782897949,6.04296875,12.989439964294434,4.324097156524658,13.016559001698624,2.9661865234375,4.324097156524658,5.1484375,144.1409912109375,0.0,1369.6875,12,12,0,0,float32,,,,,,,
inference,fixed_depth,,tensor,9,none,passed,,842466048,12,12,original,experiments/l40s/results/loop-baseline/inference-fixed_depth-tensor-t09.json,51.309566497802734,5.342654228210449,51.34147200442385,51.04810587565104,5.342654228210449,6.47265625,51.917823791503906,5.471560478210449,51.948117004940286,51.627349853515625,5.471560478210449,6.7421875,12.810079574584961,4.8106160163879395,12.832109001465142,3.251200040181478,4.8106160163879395,5.7421875,144.1409912109375,0.0,1531.6875,12,12,0,0,float32,,,,,,,
inference,fixed_depth,,tensor,10,none,passed,,927400704,12,12,original,experiments/l40s/results/loop-baseline/inference-fixed_depth-tensor-t10.json,60.093441009521484,5.870730400085449,60.12520100193797,60.067840576171875,5.870730400085449,7.158203125,60.42931365966797,6.000185966491699,60.46200900163967,60.61534118652344,5.999636650085449,7.462890625,12.684288024902344,5.268991947174072,12.70521999686025,3.530751864115397,5.268991947174072,6.357421875,144.1409912109375,0.0,1693.6875,12,12,0,0,float32,,,,,,,
inference,fixed_depth,,tensor,11,none,passed,,1012335360,12,12,original,experiments/l40s/results/loop-baseline/inference-fixed_depth-tensor-t11.json,68.48102569580078,6.407595634460449,68.51869400270516,67.51573181152344,6.407595634460449,7.796875,68.40013122558594,6.536501884460449,68.43437100178562,67.89051818847656,6.536501884460449,8.1484375,12.04736042022705,5.735069751739502,12.069140997482464,4.355754534403483,5.735069751739502,6.9375,144.1409912109375,0.0,1855.6875,12,12,0,0,float32,,,,,,,
inference,fixed_depth,,tensor,12,none,passed,,1097270016,12,12,original,experiments/l40s/results/loop-baseline/inference-fixed_depth-tensor-t12.json,72.93036651611328,6.964358329772949,72.96194199443562,74.00174967447917,6.964358329772949,8.484375,74.55744171142578,7.093264579772949,74.58736099943053,75.33977762858073,7.093264579772949,8.859375,12.454912185668945,6.221588611602783,12.476957999751903,4.111989339192708,6.221588611602783,7.54296875,144.1409912109375,0.0,2017.6875,12,12,0,0,float32,,,,,,,
inference,fixed_depth,,tensor,13,none,passed,,1182204672,12,12,original,experiments/l40s/results/loop-baseline/inference-fixed_depth-tensor-t13.json,87.49465942382812,7.520998954772949,87.52557400293881,86.8491923014323,7.520998954772949,9.169921875,87.96672058105469,7.649905204772949,87.99897599965334,86.70821126302083,7.649905204772949,9.134765625,12.677087783813477,6.7079854011535645,12.698418999207206,4.400810559590657,6.7079854011535645,7.712890625,144.1409912109375,0.0,2179.6875,12,12,0,0,float32,,,,,,,
inference,fixed_depth,,tensor,14,none,passed,,1267139328,12,12,original,experiments/l40s/results/loop-baseline/inference-fixed_depth-tensor-t14.json,124.35968017578125,8.05029582977295,124.3912249992718,123.55140177408855,8.05029582977295,9.857421875,124.85734558105469,8.18213176727295,124.89184699370526,123.95822143554688,8.17920207977295,9.822265625,12.984319686889648,7.167765140533447,13.01116499962518,4.690261205037435,7.167765140533447,8.294921875,144.1409912109375,0.0,2341.6875,12,12,0,0,float32,,,,,,,
inference,fixed_depth,,tensor,15,none,passed,,1352073984,12,12,original,experiments/l40s/results/loop-baseline/inference-fixed_depth-tensor-t15.json,143.26681518554688,8.58899211883545,143.30236700334353,142.41791788736978,8.58899211883545,10.49609375,143.56991577148438,8.71789836883545,143.60298699466512,142.93264770507812,8.71789836883545,10.484375,12.58291244506836,7.635490894317627,12.608213000930846,6.592170715332031,7.635490894317627,8.8515625,144.1409912109375,0.0,2503.6875,12,12,0,0,float32,,,,,,,
inference,fixed_depth,,tensor,16,none,passed,,1437008640,12,12,original,experiments/l40s/results/loop-baseline/inference-fixed_depth-tensor-t16.json,155.7084197998047,9.14490032196045,155.74516500055324,154.3648885091146,9.14490032196045,11.181640625,155.5650634765625,9.27380657196045,155.59802999632666,154.78374226888022,9.27380657196045,11.158203125,13.024255752563477,8.121155261993408,13.047635002294555,9.558005650838217,8.121155261993408,9.421875,144.1409912109375,0.0,2665.6875,12,12,0,0,float32,,,,,,,
inference,fixed_depth,,torch,1,none,passed,,162988800,12,12,original,experiments/l40s/results/loop-baseline/inference-fixed_depth-torch-t01.json,7.303167819976807,0.9808988571166992,7.324794998567086,6.8853759765625,0.9888334274291992,1.216796875,7.799808025360107,1.1513328552246094,7.821964998584008,7.289173126220703,1.1592674255371094,1.634765625,5.864448070526123,1.011146068572998,5.883860001631547,1.3305173714955647,1.019080638885498,1.248046875,144.140625,0.0,235.6875,12,12,0,0,float32,,,,,,,
inference,fixed_depth,,torch,2,none,passed,,247923456,12,12,original,experiments/l40s/results/loop-baseline/inference-fixed_depth-torch-t02.json,11.940863609313965,1.5276517868041992,11.966912003117613,11.497812906901041,1.5348539352416992,1.884765625,12.463104248046875,1.6565580368041992,12.489182998251636,11.943253835042318,1.6637601852416992,2.107421875,5.912576198577881,1.4875807762145996,5.934549000812694,1.5916159947713215,1.4955153465270996,1.712890625,144.140625,0.0,397.6875,12,12,0,0,float32,,,,,,,
inference,fixed_depth,,torch,3,none,passed,,332858112,12,12,original,experiments/l40s/results/loop-baseline/inference-fixed_depth-torch-t03.json,17.220544815063477,2.056887626647949,17.247700998268556,16.703829447428387,2.064822196960449,2.544921875,17.64044761657715,2.185793876647949,17.66991899785353,17.164608001708984,2.193728446960449,2.720703125,6.009856224060059,1.946509838104248,6.033369998476701,1.8257919947306316,1.954444408416748,2.244140625,144.140625,0.0,559.6875,12,12,0,0,float32,,,,,,,
inference,fixed_depth,,torch,4,none,passed,,417792768,12,12,original,experiments/l40s/results/loop-baseline/inference-fixed_depth-torch-t04.json,21.857152938842773,2.613406181335449,21.88946300157113,21.441195170084637,2.620974540710449,3.267578125,22.336511611938477,2.742312431335449,22.375623000698397,21.86717987060547,2.749880790710449,3.373046875,6.0497918128967285,2.432349681854248,6.071251998946536,2.0329813957214355,2.440284252166748,2.884765625,144.140625,0.0,721.6875,12,12,0,0,float32,,,,,,,
inference,fixed_depth,,torch,5,none,passed,,502727424,12,12,original,experiments/l40s/results/loop-baseline/inference-fixed_depth-torch-t05.json,26.462207794189453,3.169924736022949,26.48920600040583,26.139307657877605,3.177859306335449,3.98828125,26.901504516601562,3.298830986022949,26.9316970006912,26.47173309326172,3.306765556335449,3.96484375,6.124544143676758,2.918921947479248,6.148019998363452,2.340522607167562,2.926856517791748,3.37109375,144.140625,0.0,883.6875,12,12,0,0,float32,,,,,,,
inference,fixed_depth,,torch,6,none,passed,,587662080,12,12,original,experiments/l40s/results/loop-baseline/inference-fixed_depth-torch-t06.json,31.084543228149414,3.700930595397949,31.117231999814976,30.978047688802082,3.706667900085449,4.51171875,31.61497688293457,3.829836845397949,31.646216004446615,31.327189127604168,3.835574150085449,4.66796875,6.142975807189941,3.378139019012451,6.163675003335811,2.5774079958597818,3.386073589324951,3.96875,144.140625,0.0,1045.6875,12,12,0,0,float32,,,,,,,
inference,fixed_depth,,torch,7,none,passed,,672596736,12,12,original,experiments/l40s/results/loop-baseline/inference-fixed_depth-torch-t07.json,35.716094970703125,4.239382743835449,35.7486790016992,35.45770772298177,4.247317314147949,5.150390625,36.187137603759766,4.368288993835449,36.21805900183972,35.91202036539713,4.376223564147949,5.361328125,6.095776081085205,3.84782075881958,6.132921997050289,2.8392105102539062,3.85575532913208,4.556640625,144.140625,0.0,1207.6875,12,12,0,0,float32,,,,,,,
inference,fixed_depth,,torch,8,none,passed,,757531392,12,12,original,experiments/l40s/results/loop-baseline/inference-fixed_depth-torch-t08.json,40.63129425048828,4.794924736022949,40.66001599858282,40.48656972249349,4.802859306335449,5.8359375,41.32249450683594,4.923830986022949,41.356303001521155,40.883199055989586,4.931765556335449,6.08203125,6.096896171569824,4.333118915557861,6.118370998592582,3.104426701863607,4.341053485870361,5.171875,144.140625,0.0,1369.6875,12,12,0,0,float32,,,,,,,
inference,fixed_depth,,torch,9,none,passed,,842466048,12,12,original,experiments/l40s/results/loop-baseline/inference-fixed_depth-torch-t09.json,45.38572692871094,5.350588798522949,45.41911900014384,45.54752095540365,5.358523368835449,6.5234375,46.18751907348633,5.479495048522949,46.21999800292542,45.98681640625,5.487429618835449,6.81640625,6.207520008087158,4.818539142608643,6.244389995117672,3.3576958974202475,4.826473712921143,5.80078125,144.140625,0.0,1531.6875,12,12,0,0,float32,,,,,,,
inference,fixed_depth,,torch,10,none,passed,,927400704,12,12,original,experiments/l40s/results/loop-baseline/inference-fixed_depth-torch-t10.json,52.209632873535156,5.879519462585449,52.24053100391757,52.480682373046875,5.887454032897949,7.208984375,52.90803146362305,6.008975028991699,52.940039000532124,53.44256083170573,6.016360282897949,7.505859375,5.932032108306885,5.277225971221924,5.952690000412986,3.598677317301432,5.285160541534424,6.384765625,144.140625,0.0,1693.6875,12,12,0,0,float32,,,,,,,
inference,fixed_depth,,torch,11,none,passed,,1012335360,12,12,original,experiments/l40s/results/loop-baseline/inference-fixed_depth-torch-t11.json,57.55187225341797,6.416262626647949,57.58247800258687,58.59976704915365,6.424197196960449,7.84765625,58.47244644165039,6.545168876647949,58.5023449966684,58.5181884765625,6.553103446960449,7.8359375,6.13478422164917,5.743725299835205,6.15731900325045,4.316501299540202,5.751659870147705,6.609375,144.140625,0.0,1855.6875,12,12,0,0,float32,,,,,,,
inference,fixed_depth,,torch,12,none,passed,,1097270016,12,12,original,experiments/l40s/results/loop-baseline/inference-fixed_depth-torch-t12.json,62.54182434082031,6.973025321960449,62.57146799907787,63.18011983235677,6.980959892272949,8.53515625,62.80806350708008,7.101931571960449,62.85382399801165,63.391743977864586,7.109866142272949,8.51171875,6.2566399574279785,6.230244159698486,6.277234002482146,4.081664085388184,6.238178730010986,7.1796875,144.140625,0.0,2017.6875,12,12,0,0,float32,,,,,,,
inference,fixed_depth,,torch,13,none,passed,,1182204672,12,12,original,experiments/l40s/results/loop-baseline/inference-fixed_depth-torch-t13.json,67.07801818847656,7.529665946960449,67.10887400549836,67.99598693847656,7.537600517272949,9.220703125,67.93926239013672,7.658572196960449,67.9712390046916,68.61856079101562,7.666506767272949,9.208984375,6.3897600173950195,6.716640949249268,6.426219995773863,4.314794540405273,6.724575519561768,7.771484375,144.140625,0.0,2179.6875,12,12,0,0,float32,,,,,,,
inference,fixed_depth,,torch,14,none,passed,,1267139328,12,12,original,experiments/l40s/results/loop-baseline/inference-fixed_depth-torch-t14.json,73.7432632446289,8.05798625946045,73.77544199698605,75.26024373372395,8.06518840789795,9.908203125,75.47379302978516,8.18908977508545,75.50508499844,76.77571105957031,8.19409465789795,9.857421875,6.222847938537598,7.173985004425049,6.24377399799414,4.557482719421387,7.181919574737549,8.314453125,144.140625,0.0,2341.6875,12,12,0,0,float32,,,,,,,
inference,fixed_depth,,torch,15,none,passed,,1352073984,12,12,original,experiments/l40s/results/loop-baseline/inference-fixed_depth-torch-t15.json,79.56377410888672,8.59765911102295,79.60196000203723,81.61928304036458,8.60559368133545,10.546875,80.89497375488281,8.72656536102295,80.9403140010545,82.26025390625,8.73449993133545,10.53515625,6.228831768035889,7.64414644241333,6.251803999475669,4.804266611735026,7.65208101272583,8.88671875,144.140625,0.0,2503.6875,12,12,0,0,float32,,,,,,,
inference,fixed_depth,,torch,16,none,passed,,1437008640,12,12,original,experiments/l40s/results/loop-baseline/inference-fixed_depth-torch-t16.json,82.661376953125,9.15320110321045,82.69250000012107,83.55771891276042,9.16113567352295,11.232421875,83.03001403808594,9.28210735321045,83.06023099430604,84.06357320149739,9.29004192352295,11.220703125,6.096896171569824,8.129444599151611,6.117652003013063,5.039786656697591,8.137379169464111,9.466796875,144.140625,0.0,2665.6875,12,12,0,0,float32,,,,,,,
inference,naive_loop,,tensor,1,none,passed,,162988800,12,12,original,experiments/l40s/results/loop-baseline/inference-naive_loop-tensor-t01.json,12.748800277709961,0.9722318649291992,12.77105000190204,7.810730616251628,0.9722318649291992,1.166015625,14.600192070007324,1.1426773071289062,14.622822000092128,8.218965530395508,1.1426773071289062,1.607421875,12.362751960754395,1.002490520477295,12.384099998598685,0.9758719603220621,1.002490520477295,1.216796875,144.1409912109375,0.0,235.6875,12,12,0,0,float32,,,,,,,
inference,naive_loop,,tensor,2,none,passed,,162988800,24,12,original,experiments/l40s/results/loop-baseline/inference-naive_loop-tensor-t02.json,24.555519104003906,0.9722318649291992,24.577337000664556,15.381844838460287,0.9722318649291992,1.166015625,27.51590347290039,1.4240760803222656,27.537807000044268,16.219136555989582,1.4240760803222656,2.318359375,23.91756820678711,1.1432642936706543,23.940491999383084,1.7865386009216309,1.1432642936706543,1.513671875,288.281982421875,0.0,235.6875,24,24,0,0,float32,,,,,,,
inference,naive_loop,,tensor,3,none,passed,,162988800,36,12,original,experiments/l40s/results/loop-baseline/inference-naive_loop-tensor-t03.json,35.75593566894531,0.9722318649291992,35.78312999889022,22.923604329427082,0.9722318649291992,1.166015625,41.04191970825195,1.705474853515625,41.065803001401946,24.217600504557293,1.705474853515625,2.990234375,34.488319396972656,1.2840380668640137,34.50973000144586,2.596522649129232,1.2840380668640137,1.810546875,432.4229736328125,0.0,235.6875,36,36,0,0,float32,,,,,,,
inference,naive_loop,,tensor,4,none,passed,,162988800,48,12,original,experiments/l40s/results/loop-baseline/inference-naive_loop-tensor-t04.json,48.866302490234375,0.9722318649291992,48.93521999838413,30.557525634765625,0.9722318649291992,1.166015625,55.28166580200195,1.9868736267089844,55.306968999502715,32.294230143229164,1.9868736267089844,3.662109375,47.11628723144531,1.424811840057373,47.14143100136425,3.4058240254720054,1.424811840057373,2.107421875,576.56396484375,0.0,235.6875,48,48,0,0,float32,,,,,,,
inference,naive_loop,,tensor,5,none,passed,,162988800,60,12,original,experiments/l40s/results/loop-baseline/inference-naive_loop-tensor-t05.json,60.655616760253906,0.9722318649291992,60.67924099988886,38.05286407470703,0.9722318649291992,1.166015625,67.13343811035156,2.2682723999023438,67.15577000068151,40.223060607910156,2.2682723999023438,4.333984375,58.5984001159668,1.5655856132507324,58.62043199886102,4.214783986409505,1.5655856132507324,2.404296875,720.7049560546875,0.0,235.6875,60,60,0,0,float32,,,,,,,
inference,naive_loop,,tensor,6,none,passed,,162988800,72,12,original,experiments/l40s/results/loop-baseline/inference-naive_loop-tensor-t06.json,74.1119384765625,0.9722318649291992,74.13490600083605,45.64000956217448,0.9722318649291992,1.166015625,84.04390716552734,2.549671173095703,84.06671400007326,48.29593404134115,2.549671173095703,5.005859375,70.78604888916016,1.7063593864440918,70.80809000035515,5.02510929107666,1.7063593864440918,2.701171875,864.845947265625,0.0,235.6875,72,72,0,0,float32,,,,,,,
inference,naive_loop,,tensor,7,none,passed,,162988800,84,12,original,experiments/l40s/results/loop-baseline/inference-naive_loop-tensor-t07.json,86.26278686523438,0.9722318649291992,86.29351500712801,53.21557108561198,0.9722318649291992,1.166015625,97.47952270507812,2.8310699462890625,97.50415999587858,56.329854329427086,2.8310699462890625,5.677734375,82.69107055664062,1.8471331596374512,82.71352999872761,5.8360856374104815,1.8471331596374512,2.998046875,1008.9869384765625,0.0,235.6875,84,84,0,0,float32,,,,,,,
inference,naive_loop,,tensor,8,none,passed,,162988800,96,12,original,experiments/l40s/results/loop-baseline/inference-naive_loop-tensor-t08.json,99.57478332519531,0.9722318649291992,99.59798899944872,60.82798767089844,0.9722318649291992,1.166015625,111.53612518310547,3.112468719482422,111.55765300645726,64.26282755533855,3.112468719482422,6.349609375,95.92524719238281,1.9879069328308105,95.94888900028309,6.645386377970378,1.9879069328308105,3.294921875,1153.1279296875,0.0,235.6875,96,96,0,0,float32,,,,,,,
inference,naive_loop,,tensor,9,none,passed,,162988800,108,12,original,experiments/l40s/results/loop-baseline/inference-naive_loop-tensor-t09.json,110.40870666503906,0.9722318649291992,110.43191300268518,68.38134256998698,0.9722318649291992,1.166015625,125.2679672241211,3.3938674926757812,125.29183099832153,72.47701517740886,3.3938674926757812,7.021484375,107.32953643798828,2.12868070602417,107.3544389946619,7.454378763834636,2.12868070602417,3.591796875,1297.2689208984375,0.0,235.6875,108,108,0,0,float32,,,,,,,
inference,naive_loop,,tensor,10,none,passed,,162988800,120,12,original,experiments/l40s/results/loop-baseline/inference-naive_loop-tensor-t10.json,123.9521255493164,0.9722318649291992,123.97423999937018,76.43340555826823,0.9722318649291992,1.166015625,138.8738250732422,3.6752662658691406,138.89945999835618,80.6857401529948,3.6752662658691406,7.693359375,118.8853759765625,2.2694544792175293,118.90661399957025,8.270506540934244,2.2694544792175293,3.888671875,1441.409912109375,0.0,235.6875,120,120,0,0,float32,,,,,,,
inference,naive_loop,,tensor,11,none,passed,,162988800,132,12,original,experiments/l40s/results/loop-baseline/inference-naive_loop-tensor-t11.json,136.32920837402344,0.9722318649291992,136.35537499794737,83.67615763346355,0.9722318649291992,1.166015625,153.32762145996094,3.9566650390625,153.35189400502713,88.59408569335938,3.9566650390625,8.365234375,129.808349609375,2.4102282524108887,129.83165399782592,9.076053619384766,2.4102282524108887,4.185546875,1585.5509033203125,0.0,235.6875,132,132,0,0,float32,,,,,,,
inference,naive_loop,,tensor,12,none,passed,,162988800,144,12,original,experiments/l40s/results/loop-baseline/inference-naive_loop-tensor-t12.json,145.69676208496094,0.9722318649291992,145.72639900143258,93.11641438802083,0.9722318649291992,1.166015625,162.70233154296875,4.238063812255859,162.7277209991007,97.75271606445312,4.238063812255859,9.037109375,141.83116149902344,2.551002025604248,141.8559779995121,9.901397069295248,2.551002025604248,4.482421875,1729.69189453125,0.0,235.6875,144,144,0,0,float32,,,,,,,
inference,naive_loop,,tensor,13,none,passed,,162988800,156,12,original,experiments/l40s/results/loop-baseline/inference-naive_loop-tensor-t13.json,157.47686767578125,0.9722318649291992,157.5004420010373,99.10476684570312,0.9722318649291992,1.166015625,177.21139526367188,4.519462585449219,177.23411000042688,104.9886474609375,4.519462585449219,9.708984375,151.583740234375,2.6917757987976074,151.607633997628,10.69533920288086,2.6917757987976074,4.779296875,1873.8328857421875,0.0,235.6875,156,156,0,0,float32,,,,,,,
inference,naive_loop,,tensor,14,none,passed,,162988800,168,12,original,experiments/l40s/results/loop-baseline/inference-naive_loop-tensor-t14.json,170.6076202392578,0.9722318649291992,170.63218299881555,105.59829711914062,0.9722318649291992,1.166015625,192.31759643554688,4.800861358642578,192.3430289971293,111.89999389648438,4.800861358642578,10.380859375,164.33673095703125,2.832549571990967,164.36188200168544,11.511466979980469,2.832549571990967,5.076171875,2017.973876953125,0.0,235.6875,168,168,0,0,float32,,,,,,,
inference,naive_loop,,tensor,15,none,passed,,162988800,180,12,original,experiments/l40s/results/loop-baseline/inference-naive_loop-tensor-t15.json,177.98655700683594,0.9722318649291992,178.02629100333434,115.41163126627605,0.9722318649291992,1.166015625,202.06898498535156,5.0822601318359375,202.09321100264788,121.7228291829427,5.0822601318359375,11.052734375,175.58425903320312,2.973323345184326,175.6084689986892,12.338858286539713,2.973323345184326,5.373046875,2162.1148681640625,0.0,235.6875,180,180,0,0,float32,,,,,,,
inference,naive_loop,,tensor,16,none,passed,,162988800,192,12,original,experiments/l40s/results/loop-baseline/inference-naive_loop-tensor-t16.json,193.17453002929688,0.9722318649291992,193.19767999695614,122.16797892252605,0.9722318649291992,1.166015625,219.67257690429688,5.363658905029297,219.69931999774417,129.25234985351562,5.363658905029297,11.724609375,185.31942749023438,3.1140971183776855,185.3429800030426,13.1321169535319,3.1140971183776855,5.669921875,2306.255859375,0.0,235.6875,192,192,0,0,float32,,,,,,,
inference,naive_loop,,torch,1,none,passed,,162988800,12,12,original,experiments/l40s/results/loop-baseline/inference-naive_loop-torch-t01.json,7.293824195861816,0.9808988571166992,7.318061001569731,6.873088200887044,0.9888334274291992,1.216796875,7.761919975280762,1.1513328552246094,7.784611996612512,7.286741256713867,1.1592674255371094,1.634765625,5.958655834197998,1.011146068572998,5.979370002023643,1.3301760355631511,1.019080638885498,1.248046875,144.140625,0.0,235.6875,12,12,0,0,float32,,,,,,,
inference,naive_loop,,torch,2,none,passed,,162988800,24,12,original,experiments/l40s/results/loop-baseline/inference-naive_loop-torch-t02.json,14.18943977355957,0.9808988571166992,14.213403999747243,13.551615397135416,0.9888334274291992,1.216796875,15.265791893005371,1.4327201843261719,15.289078997739125,14.406997680664062,1.4406547546386719,2.341796875,11.55174446105957,1.1519083976745605,11.573112999030855,2.5265493392944336,1.1598429679870605,1.544921875,288.28125,0.0,235.6875,24,24,0,0,float32,,,,,,,
inference,naive_loop,,torch,3,none,passed,,162988800,36,12,original,experiments/l40s/results/loop-baseline/inference-naive_loop-torch-t03.json,21.132320404052734,0.9808988571166992,21.157079998374684,20.291243235270183,0.9888334274291992,1.216796875,22.591455459594727,1.7141075134277344,22.632683998381253,21.503275553385418,1.7220420837402344,3.013671875,17.28223991394043,1.292670726776123,17.303939999692375,3.724586804707845,1.300605297088623,1.841796875,432.421875,0.0,235.6875,36,36,0,0,float32,,,,,,,
inference,naive_loop,,torch,4,none,passed,,162988800,48,12,original,experiments/l40s/results/loop-baseline/inference-naive_loop-torch-t04.json,27.99616050720215,0.9808988571166992,28.022296999552054,26.98205820719401,0.9888334274291992,1.216796875,30.072832107543945,1.9954948425292969,30.09956000096281,28.689066569010418,2.003429412841797,3.685546875,21.915647506713867,1.4334330558776855,21.94075399893336,4.92305056254069,1.4413676261901855,2.138671875,576.5625,0.0,235.6875,48,48,0,0,float32,,,,,,,
inference,naive_loop,,torch,5,none,passed,,162988800,60,12,original,experiments/l40s/results/loop-baseline/inference-naive_loop-torch-t05.json,35.019775390625,0.9808988571166992,35.05230199880316,33.672533671061196,0.9888334274291992,1.216796875,37.4334716796875,2.2768821716308594,37.4625999975251,35.810302734375,2.2848167419433594,4.357421875,27.855871200561523,1.574195384979248,27.877303000423126,6.121130625406901,1.582129955291748,2.435546875,720.703125,0.0,235.6875,60,60,0,0,float32,,,,,,,
inference,naive_loop,,torch,6,none,passed,,162988800,72,12,original,experiments/l40s/results/loop-baseline/inference-naive_loop-torch-t06.json,42.03619384765625,0.9808988571166992,42.06605299987132,40.54766845703125,0.9888334274291992,1.216796875,44.913536071777344,2.558269500732422,44.95352899903082,43.08992004394531,2.566204071044922,5.029296875,33.38854217529297,1.7149577140808105,33.410644999094075,7.317493438720703,1.7228922843933105,2.732421875,864.84375,0.0,235.6875,72,72,0,0,float32,,,,,,,
inference,naive_loop,,torch,7,none,passed,,162988800,84,12,original,experiments/l40s/results/loop-baseline/inference-naive_loop-torch-t07.json,48.83366394042969,0.9808988571166992,48.89326500415336,47.167144775390625,0.9888334274291992,1.216796875,66.83853149414062,2.8396568298339844,66.86878499749582,50.35417683919271,2.8475914001464844,5.701171875,39.50899124145508,1.855720043182373,39.53198800445534,8.51421864827474,1.863654613494873,3.029296875,1008.984375,0.0,235.6875,84,84,0,0,float32,,,,,,,
inference,naive_loop,,torch,8,none,passed,,162988800,96,12,original,experiments/l40s/results/loop-baseline/inference-naive_loop-torch-t08.json,55.84076690673828,0.9808988571166992,55.870567994134035,53.88560994466146,0.9888334274291992,1.216796875,60.00214385986328,3.121044158935547,60.03448700357694,57.18016052246094,3.128978729248047,6.373046875,44.55014419555664,1.9964823722839355,44.57167700456921,9.711605072021484,2.0044169425964355,3.326171875,1153.125,0.0,235.6875,96,96,0,0,float32,,,,,,,
inference,naive_loop,,torch,9,none,passed,,162988800,108,12,original,experiments/l40s/results/loop-baseline/inference-naive_loop-torch-t09.json,62.73331069946289,0.9808988571166992,62.762289999227505,60.660054524739586,0.9888334274291992,1.216796875,67.46112060546875,3.4024314880371094,67.50369800283806,64.8297831217448,3.4103660583496094,7.044921875,49.551231384277344,2.137244701385498,49.574213997402694,10.909355163574219,2.145179271697998,3.623046875,1297.265625,0.0,235.6875,108,108,0,0,float32,,,,,,,
inference,naive_loop,,torch,10,none,passed,,162988800,120,12,original,experiments/l40s/results/loop-baseline/inference-naive_loop-torch-t10.json,70.49727630615234,0.9808988571166992,70.54818400501972,68.24755350748698,0.9888334274291992,1.216796875,75.6304931640625,3.683818817138672,75.6601939938264,73.13612874348958,3.691753387451172,7.716796875,55.611488342285156,2.2780070304870605,55.63525699835736,12.116991678873697,2.2859416007995605,3.919921875,1441.40625,0.0,235.6875,120,120,0,0,float32,,,,,,,
inference,naive_loop,,torch,11,none,passed,,162988800,132,12,original,experiments/l40s/results/loop-baseline/inference-naive_loop-torch-t11.json,76.75801849365234,0.9808988571166992,76.78984699305147,74.23556518554688,0.9888334274291992,1.216796875,82.32653045654297,3.9652061462402344,82.35662600054638,79.22585550944011,3.9731407165527344,8.388671875,61.36003112792969,2.418769359588623,61.38938100048108,13.302783966064453,2.426703929901123,4.216796875,1585.546875,0.0,235.6875,132,132,0,0,float32,,,,,,,
inference,naive_loop,,torch,12,none,passed,,162988800,144,12,original,experiments/l40s/results/loop-baseline/inference-naive_loop-torch-t12.json,84.38066864013672,0.9808988571166992,84.41060200129868,81.40151468912761,0.9888334274291992,1.216796875,90.13030242919922,4.246593475341797,90.16193400020711,86.79867553710938,4.254528045654297,9.060546875,67.38534545898438,2.5595316886901855,67.40922500466695,14.50939687093099,2.5674662590026855,4.513671875,1729.6875,0.0,235.6875,144,144,0,0,float32,,,,,,,
inference,naive_loop,,torch,13,none,passed,,162988800,156,12,original,experiments/l40s/results/loop-baseline/inference-naive_loop-torch-t13.json,91.14521789550781,0.9808988571166992,91.17602799960878,88.11997477213542,0.9888334274291992,1.216796875,97.60050964355469,4.527980804443359,97.62917699845275,93.55980428059895,4.535915374755859,9.732421875,72.36300659179688,2.700294017791748,72.38561499980278,15.705771128336588,2.708228588104248,4.810546875,1873.828125,0.0,235.6875,156,156,0,0,float32,,,,,,,
inference,naive_loop,,torch,14,none,passed,,162988800,168,12,original,experiments/l40s/results/loop-baseline/inference-naive_loop-torch-t14.json,98.48524475097656,0.9808988571166992,98.51760199671844,94.94253540039062,0.9888334274291992,1.216796875,105.55596923828125,4.809368133544922,105.59120300604263,101.46952311197917,4.817302703857422,10.404296875,79.23814392089844,2.8410563468933105,79.2588420008542,16.90282694498698,2.8489909172058105,5.107421875,2017.96875,0.0,235.6875,168,168,0,0,float32,,,,,,,
inference,naive_loop,,torch,15,none,passed,,162988800,180,12,original,experiments/l40s/results/loop-baseline/inference-naive_loop-torch-t15.json,105.05830383300781,0.9808988571166992,105.08764800033532,101.93032836914062,0.9888334274291992,1.216796875,113.08236694335938,5.090755462646484,113.12668200116605,108.50201416015625,5.098690032958984,11.076171875,85.2326431274414,2.981818675994873,85.26996000000509,18.106026967366535,2.989753246307373,5.404296875,2162.109375,0.0,235.6875,180,180,0,0,float32,,,,,,,
inference,naive_loop,,torch,16,none,passed,,162988800,192,12,original,experiments/l40s/results/loop-baseline/inference-naive_loop-torch-t16.json,113.42233276367188,0.9808988571166992,113.45329500181833,109.90182495117188,0.9888334274291992,1.216796875,121.6204833984375,5.372142791748047,121.65130200446583,115.0190938313802,5.380077362060547,11.748046875,89.76998138427734,3.1225810050964355,89.79232799902093,19.291819254557293,3.1305155754089355,5.701171875,2306.25,0.0,235.6875,192,192,0,0,float32,,,,,,,
inference,stacked,,tensor,1,none,passed,,162988800,12,12,original,experiments/l40s/results/loop-baseline/inference-stacked-tensor-t01.json,12.668928146362305,0.9722318649291992,12.689879000390647,7.809322357177734,0.9722318649291992,1.166015625,14.230527877807617,1.1426773071289062,14.252665001549758,8.219989140828451,1.1426773071289062,1.607421875,12.571647644042969,1.002490520477295,12.594476000231225,0.9758719603220621,1.002490520477295,1.216796875,144.1409912109375,0.0,235.6875,12,12,0,0,float32,,,,,,,
inference,stacked,,tensor,2,none,passed,,247923456,24,24,original,experiments/l40s/results/loop-baseline/inference-stacked-tensor-t02.json,24.849407196044922,1.4702787399291992,24.870670000382233,15.351125081380209,1.4699125289916992,1.658203125,27.93574333190918,1.9221229553222656,27.95894099836005,16.207509358723957,1.9217567443847656,2.810546875,24.226911544799805,1.6409449577331543,24.248975998489186,1.7865386009216309,1.6409449577331543,2.025390625,288.281982421875,0.0,397.6875,24,24,0,0,float32,,,,,,,
inference,stacked,,tensor,3,none,passed,,332858112,36,36,original,experiments/l40s/results/loop-baseline/inference-stacked-tensor-t03.json,36.32128143310547,1.9697904586791992,36.342745002912125,22.988800048828125,1.9697904586791992,2.173828125,41.543582916259766,2.703033447265625,41.56876699926215,24.27562713623047,2.703033447265625,3.986328125,35.749855041503906,2.2815966606140137,35.77100000256905,2.601290702819824,2.2815966606140137,2.806640625,432.4229736328125,0.0,559.6875,36,36,0,0,float32,,,,,,,
inference,stacked,,tensor,4,none,passed,,417792768,48,48,original,experiments/l40s/results/loop-baseline/inference-stacked-tensor-t04.json,48.85606384277344,2.469302177429199,48.87783599770046,30.511444091796875,2.469302177429199,2.666015625,55.13625717163086,3.4839439392089844,55.15984500016202,32.31778208414713,3.4839439392089844,5.158203125,47.63340759277344,2.921882152557373,47.65677499744925,3.4082132975260415,2.921882152557373,3.603515625,576.56396484375,0.0,721.6875,48,48,0,0,float32,,,,,,,
inference,stacked,,tensor,5,none,passed,,502727424,60,60,original,experiments/l40s/results/loop-baseline/inference-stacked-tensor-t05.json,58.71206283569336,2.968447685241699,58.73341600090498,38.00234731038412,2.968447685241699,3.158203125,68.0448989868164,4.264488220214844,68.06992400015588,40.200843811035156,4.264488220214844,6.314453125,58.11609649658203,3.5618014335632324,58.14192300022114,4.209322611490886,3.5618014335632324,4.384765625,720.7049560546875,0.0,883.6875,60,60,0,0,float32,,,,,,,
inference,stacked,,tensor,6,none,passed,,587662080,72,72,original,experiments/l40s/results/loop-baseline/inference-stacked-tensor-t06.json,74.29119873046875,3.467226982116699,74.31503999760025,45.58813985188802,3.467226982116699,3.673828125,82.94297790527344,5.044666290283203,82.97656400100095,48.303446451822914,5.044666290283203,7.501953125,70.32832336425781,4.201354503631592,70.35064799856627,5.026816050211589,4.201354503631592,5.197265625,864.845947265625,0.0,1045.6875,72,72,0,0,float32,,,,,,,
inference,stacked,,tensor,7,none,passed,,672596736,84,84,original,experiments/l40s/results/loop-baseline/inference-stacked-tensor-t07.json,83.44486236572266,3.966372489929199,83.47030099685071,53.1585693359375,3.966372489929199,4.166015625,95.38047790527344,5.8252105712890625,95.40508799545933,56.312459309895836,5.8252105712890625,8.666015625,81.36396789550781,4.841273784637451,81.38718600093853,5.846698760986328,4.841273784637451,6.005859375,1008.9869384765625,0.0,1207.6875,84,84,0,0,float32,,,,,,,
inference,stacked,,tensor,8,none,passed,,757531392,96,96,original,experiments/l40s/results/loop-baseline/inference-stacked-tensor-t08.json,99.98643493652344,4.465884208679199,100.0132479966851,60.71841939290365,4.465884208679199,4.658203125,113.2083511352539,6.606121063232422,113.241630999255,64.36352030436198,6.606121063232422,9.841796875,97.1520004272461,5.4815592765808105,97.17561299476074,6.660095850626628,5.4815592765808105,6.787109375,1153.1279296875,0.0,1369.6875,96,96,0,0,float32,,,,,,,
inference,stacked,,tensor,9,none,passed,,842466048,108,108,original,experiments/l40s/results/loop-baseline/inference-stacked-tensor-t09.json,106.87590026855469,4.965395927429199,106.89812499913387,69.14013671875,4.965395927429199,5.150390625,123.25682830810547,7.387031555175781,123.27979700057767,73.25423177083333,7.387031555175781,11.013671875,107.02950286865234,6.12184476852417,107.05453300033696,7.459840138753255,6.12184476852417,7.583984375,1297.2689208984375,0.0,1531.6875,108,108,0,0,float32,,,,,,,
inference,stacked,,tensor,10,none,passed,,927400704,120,120,original,experiments/l40s/results/loop-baseline/inference-stacked-tensor-t10.json,119.90630340576172,5.464175224304199,119.9375600044732,76.39481608072917,5.464175224304199,5.666015625,138.6076202392578,8.16720962524414,138.63350399333285,80.92876688639323,8.16720962524414,12.181640625,118.41331481933594,6.761397838592529,118.4381819984992,8.266410827636719,6.761397838592529,8.376953125,1441.409912109375,0.0,1693.6875,120,120,0,0,float32,,,,,,,
inference,stacked,,tensor,11,none,passed,,1012335360,132,132,original,experiments/l40s/results/loop-baseline/inference-stacked-tensor-t11.json,133.32669067382812,5.963320732116699,133.34907299577026,84.01715087890625,5.963320732116699,6.181640625,153.92767333984375,8.94775390625,153.96314799727406,89.14705403645833,8.94775390625,13.357421875,131.2051239013672,7.401317119598389,131.22770699555986,9.078784306844076,7.401317119598389,9.177734375,1585.5509033203125,0.0,1855.6875,132,132,0,0,float32,,,,,,,
inference,stacked,,tensor,12,none,passed,,1097270016,144,144,original,experiments/l40s/results/loop-baseline/inference-stacked-tensor-t12.json,146.2230987548828,6.462466239929199,146.25062099366914,92.47979736328125,6.462466239929199,6.673828125,168.30149841308594,9.72829818725586,168.3255759999156,97.53565470377605,9.72829818725586,14.521484375,141.6479034423828,8.041236400604248,141.67188200372038,9.896959940592447,8.041236400604248,9.966796875,1729.69189453125,0.0,2017.6875,144,144,0,0,float32,,,,,,,
inference,stacked,,tensor,13,none,passed,,1182204672,156,156,original,experiments/l40s/results/loop-baseline/inference-stacked-tensor-t13.json,158.07078552246094,6.961977958679199,158.09558700129855,98.9317118326823,6.961977958679199,7.166015625,182.1892547607422,10.509208679199219,182.21355899731861,104.60262044270833,10.509208679199219,15.697265625,158.10665893554688,8.681521892547607,158.13123200496193,10.695658365885416,8.681521892547607,10.767578125,1873.8328857421875,0.0,2179.6875,156,156,0,0,float32,,,,,,,
inference,stacked,,tensor,14,none,passed,,1267139328,168,168,original,experiments/l40s/results/loop-baseline/inference-stacked-tensor-t14.json,168.5780487060547,7.461489677429199,168.64175599766895,105.42557779947917,7.461489677429199,7.658203125,193.46226501464844,11.290119171142578,193.48793199606007,111.8764139811198,11.290119171142578,16.869140625,165.99142456054688,9.321807384490967,166.01574800006347,11.537408192952475,9.321807384490967,11.564453125,2017.973876953125,0.0,2341.6875,168,168,0,0,float32,,,,,,,
inference,stacked,,tensor,15,none,passed,,1352073984,180,180,original,experiments/l40s/results/loop-baseline/inference-stacked-tensor-t15.json,182.69696044921875,7.960635185241699,182.72031500237063,116.50696818033855,7.960635185241699,8.150390625,209.48480224609375,12.070663452148438,209.5110040027066,122.50009155273438,12.070663452148438,18.025390625,180.35916137695312,9.961726665496826,180.38472600164823,12.33237330118815,9.961726665496826,12.345703125,2162.1148681640625,0.0,2503.6875,180,180,0,0,float32,,,,,,,
inference,stacked,,tensor,16,none,passed,,1437008640,192,192,original,experiments/l40s/results/loop-baseline/inference-stacked-tensor-t16.json,188.5614013671875,8.4594144821167,188.58637099765474,122.4813232421875,8.4594144821167,8.666015625,220.48358154296875,12.850841522216797,220.50613600004,130.07013956705728,12.850841522216797,19.212890625,182.73997497558594,10.601279735565186,182.7634270011913,13.143381754557291,10.601279735565186,13.158203125,2306.255859375,0.0,2665.6875,192,192,0,0,float32,,,,,,,
inference,stacked,,torch,1,none,passed,,162988800,12,12,original,experiments/l40s/results/loop-baseline/inference-stacked-torch-t01.json,7.317535877227783,0.9808988571166992,7.339462998061208,6.9122880299886065,0.9888334274291992,1.216796875,7.772160053253174,1.1513328552246094,7.796642999892356,7.278250376383464,1.1592674255371094,1.634765625,6.07539176940918,1.011146068572998,6.095593998907134,1.3298346996307373,1.019080638885498,1.248046875,144.140625,0.0,235.6875,12,12,0,0,float32,,,,,,,
inference,stacked,,torch,2,none,passed,,247923456,24,24,original,experiments/l40s/results/loop-baseline/inference-stacked-torch-t02.json,14.313471794128418,1.4800443649291992,14.339083001686959,13.63968022664388,1.4879789352416992,1.732421875,15.156319618225098,1.9323539733886719,15.18339299946092,14.413141886393229,1.9402885437011719,2.837890625,11.512831687927246,1.6515421867370605,11.534608998772455,2.5279146830240884,1.6594767570495605,2.056640625,288.28125,0.0,397.6875,24,24,0,0,float32,,,,,,,
inference,stacked,,torch,3,none,passed,,332858112,36,36,original,experiments/l40s/results/loop-baseline/inference-stacked-torch-t03.json,21.199871063232422,1.9795560836791992,21.2309330017888,20.224341074625652,1.9874906539916992,2.201171875,22.594560623168945,2.7127647399902344,22.621194999373984,21.506731669108074,2.7206993103027344,4.005859375,17.65888023376465,2.291327953338623,17.68180100043537,3.724970817565918,2.299262523651123,2.849609375,432.421875,0.0,559.6875,36,36,0,0,float32,,,,,,,
inference,stacked,,torch,4,none,passed,,417792768,48,48,original,experiments/l40s/results/loop-baseline/inference-stacked-torch-t04.json,28.34547233581543,2.479067802429199,28.372863998811226,27.118250528971355,2.487002372741699,2.716796875,30.097408294677734,3.493663787841797,30.125604000204476,28.85802714029948,3.501598358154297,5.177734375,22.745088577270508,2.9316020011901855,22.78182400186779,4.9227094650268555,2.9395365715026855,3.626953125,576.5625,0.0,721.6875,48,48,0,0,float32,,,,,,,
inference,stacked,,torch,5,none,passed,,502727424,60,60,original,experiments/l40s/results/loop-baseline/inference-stacked-torch-t05.json,35.19795227050781,2.977847099304199,35.226242998760426,33.691307067871094,2.985781669616699,3.232421875,37.515201568603516,4.273830413818359,37.54098099670955,35.69664001464844,4.281764984130859,6.353515625,28.683263778686523,3.571143627166748,28.7052429994219,6.121472040812175,3.579078197479248,4.447265625,720.703125,0.0,883.6875,60,60,0,0,float32,,,,,,,
inference,stacked,,torch,6,none,passed,,587662080,72,72,original,experiments/l40s/results/loop-baseline/inference-stacked-torch-t06.json,42.30553436279297,3.476992607116699,42.33627099893056,40.30225118001302,3.484927177429199,3.724609375,44.888065338134766,5.054363250732422,44.91675200188183,43.023701985677086,5.062297821044922,7.541015625,34.76377487182617,4.2110514640808105,34.78724600063288,7.319552103678386,4.2189860343933105,5.220703125,864.84375,0.0,1045.6875,72,72,0,0,float32,,,,,,,
inference,stacked,,torch,7,none,passed,,672596736,84,84,original,experiments/l40s/results/loop-baseline/inference-stacked-torch-t07.json,48.43212890625,3.976138114929199,48.45826699602185,47.063720703125,3.984072685241699,4.216796875,52.4152946472168,5.834896087646484,52.43973899632692,50.1971435546875,5.842830657958984,8.716796875,40.011775970458984,4.850959300994873,40.05035299633164,8.514560063680014,4.858893871307373,6.041015625,1008.984375,0.0,1207.6875,84,84,0,0,float32,,,,,,,
inference,stacked,,torch,8,none,passed,,757531392,96,96,original,experiments/l40s/results/loop-baseline/inference-stacked-torch-t08.json,55.18540954589844,4.475649833679199,55.21389599743998,53.90910847981771,4.483584403991699,4.708984375,59.45955276489258,6.615795135498047,59.48636900575366,57.21292622884115,6.623729705810547,9.869140625,44.841854095458984,5.4912333488464355,44.863339004223235,9.715712229410807,5.4991679191589355,6.818359375,1153.125,0.0,1369.6875,96,96,0,0,float32,,,,,,,
inference,stacked,,torch,9,none,passed,,842466048,108,108,original,experiments/l40s/results/loop-baseline/inference-stacked-torch-t09.json,63.843326568603516,4.975161552429199,63.87570699735079,61.35669453938802,4.983096122741699,5.201171875,68.0970230102539,7.396694183349609,68.12884499959182,66.62209065755208,7.404628753662109,11.033203125,51.300350189208984,6.131507396697998,51.32414100080496,10.92095947265625,6.139441967010498,7.626953125,1297.265625,0.0,1531.6875,108,108,0,0,float32,,,,,,,
inference,stacked,,torch,10,none,passed,,927400704,120,120,original,experiments/l40s/results/loop-baseline/inference-stacked-torch-t10.json,71.35846710205078,5.473574638366699,71.38693700107979,68.84795633951823,5.481509208679199,5.716796875,75.9375991821289,8.176494598388672,75.98741100082407,72.64392598470052,8.184429168701172,12.208984375,56.20121765136719,6.7706828117370605,56.238088000100106,12.111872355143229,6.7786173820495605,8.408203125,1441.40625,0.0,1693.6875,120,120,0,0,float32,,,,,,,
inference,stacked,,torch,11,none,passed,,1012335360,132,132,original,experiments/l40s/results/loop-baseline/inference-stacked-torch-t11.json,76.906494140625,5.973086357116699,76.93607300461736,74.75712076822917,5.981020927429199,6.185546875,83.06800079345703,8.957393646240234,83.09599399945,81.1315205891927,8.965328216552734,13.384765625,61.18707275390625,7.410956859588623,61.20849800208816,13.318826039632162,7.418891429901123,9.208984375,1585.546875,0.0,1855.6875,132,132,0,0,float32,,,,,,,
inference,stacked,,torch,12,none,passed,,1097270016,144,144,original,experiments/l40s/results/loop-baseline/inference-stacked-torch-t12.json,84.6929931640625,6.472231864929199,84.72182300465647,81.31720479329427,6.480166435241699,6.701171875,90.49600219726562,9.737926483154297,90.52387400151929,87.24513753255208,9.745861053466797,14.552734375,69.29612731933594,8.050864696502686,69.31793900002958,14.50393549601237,8.058799266815186,10.001953125,1729.6875,0.0,2017.6875,144,144,0,0,float32,,,,,,,
inference,stacked,,torch,13,none,passed,,1182204672,156,156,original,experiments/l40s/results/loop-baseline/inference-stacked-torch-t13.json,91.30290985107422,6.971743583679199,91.33361299609533,87.707275390625,6.979678153991699,7.193359375,97.40595245361328,10.51882553100586,97.43605199764716,93.54786173502605,10.52676010131836,15.716796875,75.73709106445312,8.691138744354248,75.76061200234108,15.704063415527344,8.699073314666748,10.810546875,1873.828125,0.0,2179.6875,156,156,0,0,float32,,,,,,,
inference,stacked,,torch,14,none,passed,,1267139328,168,168,original,experiments/l40s/results/loop-baseline/inference-stacked-torch-t14.json,99.09964752197266,7.471255302429199,99.12992300087353,95.242919921875,7.479189872741699,7.708984375,105.45152282714844,11.299724578857422,105.48147599911317,101.73781331380208,11.307659149169922,16.900390625,79.04560089111328,9.33141279220581,79.06935299979523,16.896682739257812,9.33934736251831,11.599609375,2017.96875,0.0,2341.6875,168,168,0,0,float32,,,,,,,
inference,stacked,,torch,15,none,passed,,1352073984,180,180,original,experiments/l40s/results/loop-baseline/inference-stacked-torch-t15.json,106.60546875,7.970034599304199,106.6363240024657,101.83577473958333,7.977969169616699,8.224609375,112.79564666748047,12.079891204833984,112.83071300567826,108.8351542154948,12.087825775146484,18.064453125,83.2676773071289,9.970954418182373,83.28970800357638,18.10907745361328,9.978888988494873,12.408203125,2162.109375,0.0,2503.6875,180,180,0,0,float32,,,,,,,
inference,stacked,,torch,16,none,passed,,1437008640,192,192,original,experiments/l40s/results/loop-baseline/inference-stacked-torch-t16.json,113.20832061767578,8.4691801071167,113.23694799648365,110.70395914713542,8.4771146774292,8.716796875,122.45001220703125,12.860424041748047,122.47977699735202,117.62551879882812,12.868358612060547,19.251953125,88.62918090820312,10.610862255096436,88.66641500208061,19.305472056070965,10.618796825408936,13.181640625,2306.25,0.0,2665.6875,192,192,0,0,float32,,,,,,,
training,fixed_depth,,tensor,1,ac,passed,,162988800,12,12,extension,experiments/l40s/results/loop-sweep/training-fixed_depth-tensor-r064-t01-ac.json,,,,,,,,,,,,,,,,,,,,,,12,12,0,0,float32,84.19635009765625,2.7666430473327637,84.21968499897048,52.92304992675781,2.7666449546813965,4.544921875,
training,fixed_depth,,tensor,1,none,passed,,162988800,12,12,original,experiments/l40s/results/loop-baseline/training-fixed_depth-tensor-t01.json,,,,,,,,,,,,,,,,,,,,,,12,12,0,0,float32,56.791038513183594,4.192183017730713,56.82891600008588,45.062825520833336,4.193039417266846,6.880859375,
training,fixed_depth,,tensor,2,ac,passed,,247923456,12,12,extension,experiments/l40s/results/loop-sweep/training-fixed_depth-tensor-r064-t02-ac.json,,,,,,,,,,,,,,,,,,,,,,12,12,0,0,float32,88.83916473388672,3.821497917175293,88.87147800123785,80.48298645019531,3.8190555572509766,6.111328125,
training,fixed_depth,,tensor,2,none,passed,,247923456,12,12,original,experiments/l40s/results/loop-baseline/training-fixed_depth-tensor-t02.json,,,,,,,,,,,,,,,,,,,,,,12,12,0,0,float32,71.1229476928711,5.973677158355713,71.15178000094602,66.16576131184895,5.974533557891846,9.580078125,
training,fixed_depth,,tensor,3,ac,passed,,332858112,12,12,extension,experiments/l40s/results/loop-sweep/training-fixed_depth-tensor-r064-t03-ac.json,,,,,,,,,,,,,,,,,,,,,,12,12,0,0,float32,113.57901000976562,5.178800582885742,113.62765599915292,110.9053446451823,5.178189277648926,8.48828125,
training,fixed_depth,,tensor,3,none,passed,,332858112,12,12,original,experiments/l40s/results/loop-baseline/training-fixed_depth-tensor-t03.json,,,,,,,,,,,,,,,,,,,,,,12,12,0,0,float32,91.2200927734375,7.767134189605713,91.25231500001973,89.24364217122395,7.767990589141846,12.18359375,
training,fixed_depth,,tensor,4,ac,passed,,417792768,12,12,extension,experiments/l40s/results/loop-sweep/training-fixed_depth-tensor-r064-t04-ac.json,,,,,,,,,,,,,,,,,,,,,,12,12,0,0,float32,141.05906677246094,6.578944206237793,141.09376799751772,138.68646240234375,6.576135635375977,10.14453125,
training,fixed_depth,,tensor,4,none,passed,,417792768,12,12,original,experiments/l40s/results/loop-baseline/training-fixed_depth-tensor-t04.json,,,,,,,,,,,,,,,,,,,,,,12,12,0,0,float32,113.8677749633789,9.580244541168213,113.89825399965048,111.85391235351562,9.581100940704346,15.099609375,
training,fixed_depth,,tensor,5,ac,passed,,502727424,12,12,extension,experiments/l40s/results/loop-sweep/training-fixed_depth-tensor-r064-t05-ac.json,,,,,,,,,,,,,,,,,,,,,,12,12,0,0,float32,171.79136657714844,7.978236198425293,171.82408200460486,169.43376668294272,7.977749824523926,12.083984375,
training,fixed_depth,,tensor,5,none,passed,,502727424,12,12,original,experiments/l40s/results/loop-baseline/training-fixed_depth-tensor-t05.json,,,,,,,,,,,,,,,,,,,,,,12,12,0,0,float32,138.84620666503906,11.396040439605713,138.87972100201296,137.14322916666666,11.396896839141846,17.91015625,
training,fixed_depth,,tensor,6,ac,passed,,587662080,12,12,extension,experiments/l40s/results/loop-sweep/training-fixed_depth-tensor-r064-t06-ac.json,,,,,,,,,,,,,,,,,,,,,,12,12,0,0,float32,205.32325744628906,9.274015426635742,205.35586600453826,204.320068359375,9.273037910461426,14.12109375,
training,fixed_depth,,tensor,6,none,passed,,587662080,12,12,original,experiments/l40s/results/loop-baseline/training-fixed_depth-tensor-t06.json,,,,,,,,,,,,,,,,,,,,,,12,12,0,0,float32,165.25721740722656,13.138719081878662,165.31287399993744,163.44303385416666,13.139087200164795,20.8671875,
training,fixed_depth,,tensor,7,ac,passed,,672596736,12,12,extension,experiments/l40s/results/loop-sweep/training-fixed_depth-tensor-r064-t07-ac.json,,,,,,,,,,,,,,,,,,,,,,12,12,0,0,float32,236.91177368164062,10.638514518737793,236.94762700324645,236.78564453125,10.638025283813477,16.560546875,
training,fixed_depth,,tensor,7,none,passed,,672596736,12,12,original,experiments/l40s/results/loop-baseline/training-fixed_depth-tensor-t07.json,,,,,,,,,,,,,,,,,,,,,,12,12,0,0,float32,189.3889617919922,14.938640117645264,189.42443699779687,187.68316650390625,14.939496517181396,23.638671875,
training,fixed_depth,,tensor,8,ac,passed,,757531392,12,12,extension,experiments/l40s/results/loop-sweep/training-fixed_depth-tensor-r064-t08-ac.json,,,,,,,,,,,,,,,,,,,,,,12,12,0,0,float32,266.33831787109375,12.035734176635742,266.3734489979106,265.41636149088544,12.036465644836426,17.81640625,
training,fixed_depth,,tensor,8,none,passed,,757531392,12,12,original,experiments/l40s/results/loop-baseline/training-fixed_depth-tensor-t08.json,,,,,,,,,,,,,,,,,,,,,,12,12,0,0,float32,213.22134399414062,16.754438877105713,213.25563700520433,211.4955851236979,16.755295276641846,26.19921875,
training,fixed_depth,,tensor,9,ac,passed,,842466048,12,12,extension,experiments/l40s/results/loop-sweep/training-fixed_depth-tensor-r064-t09-ac.json,,,,,,,,,,,,,,,,,,,,,,12,12,0,0,float32,292.5978698730469,13.434962272644043,292.64583800249966,290.49684651692706,13.433862686157227,19.435546875,
training,fixed_depth,,tensor,9,none,passed,,842466048,12,12,original,experiments/l40s/results/loop-baseline/training-fixed_depth-tensor-t09.json,,,,,,,,,,,,,,,,,,,,,,12,12,0,0,float32,237.5782470703125,18.569380283355713,237.61230300442548,235.45133463541666,18.569260120391846,28.8671875,
training,fixed_depth,,tensor,10,ac,passed,,927400704,12,12,extension,experiments/l40s/results/loop-sweep/training-fixed_depth-tensor-r064-t10-ac.json,,,,,,,,,,,,,,,,,,,,,,12,12,0,0,float32,324.4921569824219,14.729154586791992,324.52646599995205,322.9475504557292,14.730252265930176,21.275390625,
training,fixed_depth,,tensor,10,none,passed,,927400704,12,12,original,experiments/l40s/results/loop-baseline/training-fixed_depth-tensor-t10.json,,,,,,,,,,,,,,,,,,,,,,12,12,0,0,float32,261.5080871582031,20.314500331878662,261.54276599845616,260.8728841145833,20.314624309539795,31.41796875,
training,fixed_depth,,tensor,11,ac,passed,,1012335360,12,12,extension,experiments/l40s/results/loop-sweep/training-fixed_depth-tensor-r064-t11-ac.json,,,,,,,,,,,,,,,,,,,,,,12,12,0,0,float32,375.0081481933594,16.094630241394043,375.0450030056527,371.0255940755208,16.094446182250977,22.974609375,
training,fixed_depth,,tensor,11,none,passed,,1012335360,12,12,original,experiments/l40s/results/loop-baseline/training-fixed_depth-tensor-t11.json,,,,,,,,,,,,,,,,,,,,,,12,12,0,0,float32,302.1527099609375,22.102824687957764,302.1891839962336,300.1617024739583,22.102948665618896,34.18359375,
training,fixed_depth,,tensor,12,ac,passed,,1097270016,12,12,extension,experiments/l40s/results/loop-sweep/training-fixed_depth-tensor-r064-t12-ac.json,,,,,,,,,,,,,,,,,,,,,,12,12,0,0,float32,389.5326843261719,17.495081901550293,389.56777999555925,386.6183268229167,17.493127822875977,25.68359375,
training,fixed_depth,,tensor,12,none,passed,,1097270016,12,12,original,experiments/l40s/results/loop-baseline/training-fixed_depth-tensor-t12.json,,,,,,,,,,,,,,,,,,,,,,12,12,0,0,float32,314.38336181640625,23.925415992736816,314.4213519990444,313.53684488932294,23.92627239227295,37.9609375,
training,fixed_depth,,tensor,13,ac,passed,,1182204672,12,12,extension,experiments/l40s/results/loop-sweep/training-fixed_depth-tensor-r064-t13-ac.json,,,,,,,,,,,,,,,,,,,,,,12,12,0,0,float32,449.8258056640625,18.893031120300293,449.864334994345,447.7969156901042,18.893518447875977,26.98828125,
training,fixed_depth,,tensor,13,none,passed,,1182204672,12,12,original,experiments/l40s/results/loop-baseline/training-fixed_depth-tensor-t13.json,,,,,,,,,,,,,,,,,,,,,,12,12,0,0,float32,356.0652770996094,25.797544479370117,356.1044449961628,354.4224446614583,25.7974853515625,41.34375,
training,fixed_depth,,tensor,14,ac,passed,,1267139328,12,12,extension,experiments/l40s/results/loop-sweep/training-fixed_depth-tensor-r064-t14-ac.json,,,,,,,,,,,,,,,,,,,,,,12,12,0,0,float32,560.2222290039062,20.187708854675293,560.2625660030753,560.5481770833334,20.187097549438477,29.091796875,
training,fixed_depth,,tensor,14,none,passed,,1267139328,12,12,original,experiments/l40s/results/loop-baseline/training-fixed_depth-tensor-t14.json,,,,,,,,,,,,,,,,,,,,,,12,12,0,0,float32,430.2110595703125,27.599854469299316,430.28532400057884,429.2208658854167,27.59997844696045,37.638671875,
training,fixed_depth,,tensor,15,ac,passed,,1352073984,12,12,extension,experiments/l40s/results/loop-sweep/training-fixed_depth-tensor-r064-t15-ac.json,,,,,,,,,,,,,,,,,,,,,,12,12,0,0,float32,629.0554809570312,21.554774284362793,629.0982959981193,628.1526692708334,21.550622940063477,30.984375,
training,fixed_depth,,tensor,15,none,passed,,1352073984,12,12,original,experiments/l40s/results/loop-baseline/training-fixed_depth-tensor-t15.json,,,,,,,,,,,,,,,,,,,,,,12,12,0,0,float32,479.5699157714844,29.447996139526367,479.61186300381087,478.1704508463542,29.4482421875,39.828125,
training,fixed_depth,,tensor,16,ac,passed,,1437008640,12,12,extension,experiments/l40s/results/loop-sweep/training-fixed_depth-tensor-r064-t16-ac.json,,,,,,,,,,,,,,,,,,,,,,12,12,0,0,float32,677.6094970703125,22.951258659362793,677.6700400005211,676.6785888671875,22.949548721313477,33.078125,
training,fixed_depth,,tensor,16,none,passed,,1437008640,12,12,original,experiments/l40s/results/loop-baseline/training-fixed_depth-tensor-t16.json,,,,,,,,,,,,,,,,,,,,,,12,12,0,0,float32,514.3101196289062,31.317261695861816,514.3525000021327,513.00146484375,31.31811809539795,41.732421875,
training,fixed_depth,,torch,1,ac,passed,,162988800,12,12,extension,experiments/l40s/results/loop-sweep/training-fixed_depth-torch-r064-t01-ac.json,,,,,,,,,,,,,,,,,,,,,,12,12,0,0,float32,63.46137619018555,4.3762969970703125,63.49356399732642,57.667582194010414,4.392473220825195,8.552734375,
training,fixed_depth,,torch,1,none,passed,,162988800,12,12,original,experiments/l40s/results/loop-baseline/training-fixed_depth-torch-t01.json,,,,,,,,,,,,,,,,,,,,,,12,12,0,0,float32,52.959232330322266,5.9158477783203125,52.993898003478535,51.80518595377604,5.9278764724731445,11.1640625,
training,fixed_depth,,torch,2,ac,passed,,247923456,12,12,extension,experiments/l40s/results/loop-sweep/training-fixed_depth-torch-r064-t02-ac.json,,,,,,,,,,,,,,,,,,,,,,12,12,0,0,float32,83.88813018798828,5.328680992126465,83.92097400064813,82.34222920735677,5.344857215881348,10.1171875,
training,fixed_depth,,torch,2,none,passed,,247923456,12,12,original,experiments/l40s/results/loop-baseline/training-fixed_depth-torch-t02.json,,,,,,,,,,,,,,,,,,,,,,12,12,0,0,float32,73.49657440185547,7.867877006530762,73.52946699757013,72.35447692871094,7.899803161621094,14.267578125,
training,fixed_depth,,torch,3,ac,passed,,332858112,12,12,extension,experiments/l40s/results/loop-sweep/training-fixed_depth-torch-r064-t03-ac.json,,,,,,,,,,,,,,,,,,,,,,12,12,0,0,float32,110.41190338134766,6.378485679626465,110.44415600190405,108.81092325846355,6.389107704162598,11.525390625,
training,fixed_depth,,torch,3,none,passed,,332858112,12,12,original,experiments/l40s/results/loop-baseline/training-fixed_depth-torch-t03.json,,,,,,,,,,,,,,,,,,,,,,12,12,0,0,float32,94.38412475585938,9.812520980834961,94.41756899832399,93.32326253255208,9.826072692871094,16.88671875,
training,fixed_depth,,torch,4,ac,passed,,417792768,12,12,extension,experiments/l40s/results/loop-sweep/training-fixed_depth-torch-r064-t04-ac.json,,,,,,,,,,,,,,,,,,,,,,12,12,0,0,float32,131.8850555419922,7.507269859313965,131.9178749981802,130.16439819335938,7.518996238708496,12.6875,
training,fixed_depth,,torch,4,none,passed,,417792768,12,12,original,experiments/l40s/results/loop-baseline/training-fixed_depth-torch-t04.json,,,,,,,,,,,,,,,,,,,,,,12,12,0,0,float32,111.5330581665039,11.772845268249512,111.56972200114978,110.61383056640625,11.787626266479492,20.140625,
training,fixed_depth,,torch,5,ac,passed,,502727424,12,12,extension,experiments/l40s/results/loop-sweep/training-fixed_depth-torch-r064-t05-ac.json,,,,,,,,,,,,,,,,,,,,,,12,12,0,0,float32,154.82470703125,8.640933990478516,154.85939800419146,154.59532674153647,8.651561737060547,14.30859375,
training,fixed_depth,,torch,5,none,passed,,502727424,12,12,original,experiments/l40s/results/loop-baseline/training-fixed_depth-torch-t05.json,,,,,,,,,,,,,,,,,,,,,,12,12,0,0,float32,131.74887084960938,13.753011703491211,131.78362600228866,131.2696329752604,13.763572692871094,23.21484375,
training,fixed_depth,,torch,6,ac,passed,,587662080,12,12,extension,experiments/l40s/results/loop-sweep/training-fixed_depth-torch-r064-t06-ac.json,,,,,,,,,,,,,,,,,,,,,,12,12,0,0,float32,183.00006103515625,9.707831382751465,183.0329019940109,183.28951009114584,9.715288162231445,16.037109375,
training,fixed_depth,,torch,6,none,passed,,587662080,12,12,original,experiments/l40s/results/loop-baseline/training-fixed_depth-torch-t06.json,,,,,,,,,,,,,,,,,,,,,,12,12,0,0,float32,152.38143920898438,15.664446830749512,152.41565000178525,152.1063028971354,15.689603805541992,26.26171875,
training,fixed_depth,,torch,7,ac,passed,,672596736,12,12,extension,experiments/l40s/results/loop-sweep/training-fixed_depth-torch-r064-t07-ac.json,,,,,,,,,,,,,,,,,,,,,,12,12,0,0,float32,206.79373168945312,10.808908462524414,206.82963799481513,207.71394856770834,10.819780349731445,17.529296875,
training,fixed_depth,,torch,7,none,passed,,672596736,12,12,original,experiments/l40s/results/loop-baseline/training-fixed_depth-torch-t07.json,,,,,,,,,,,,,,,,,,,,,,12,12,0,0,float32,170.78271484375,17.64174461364746,170.81741999572841,170.27789306640625,17.656517028808594,29.404296875,
training,fixed_depth,,torch,8,ac,passed,,757531392,12,12,extension,experiments/l40s/results/loop-sweep/training-fixed_depth-torch-r064-t08-ac.json,,,,,,,,,,,,,,,,,,,,,,12,12,0,0,float32,227.27264404296875,12.048667907714844,227.30713799683144,228.71073404947916,12.065030097961426,18.99609375,
training,fixed_depth,,torch,8,none,passed,,757531392,12,12,original,experiments/l40s/results/loop-baseline/training-fixed_depth-torch-t08.json,,,,,,,,,,,,,,,,,,,,,,12,12,0,0,float32,188.10777282714844,19.59096336364746,188.1431430010707,187.94291178385416,19.603172302246094,32.2734375,
training,fixed_depth,,torch,9,ac,passed,,842466048,12,12,extension,experiments/l40s/results/loop-sweep/training-fixed_depth-torch-r064-t09-ac.json,,,,,,,,,,,,,,,,,,,,,,12,12,0,0,float32,246.30374145507812,13.443812370300293,246.33937400358263,244.9052937825521,13.459927558898926,21.1328125,
training,fixed_depth,,torch,9,none,passed,,842466048,12,12,original,experiments/l40s/results/loop-baseline/training-fixed_depth-torch-t09.json,,,,,,,,,,,,,,,,,,,,,,12,12,0,0,float32,208.49664306640625,21.55354595184326,208.5330720001366,207.45076497395834,21.569608688354492,35.42578125,
training,fixed_depth,,torch,10,ac,passed,,927400704,12,12,extension,experiments/l40s/results/loop-sweep/training-fixed_depth-torch-r064-t10-ac.json,,,,,,,,,,,,,,,,,,,,,,12,12,0,0,float32,275.45086669921875,14.741294860839844,275.4857469990384,278.87274169921875,14.759854316711426,22.50390625,
training,fixed_depth,,torch,10,none,passed,,927400704,12,12,original,experiments/l40s/results/loop-baseline/training-fixed_depth-torch-t10.json,,,,,,,,,,,,,,,,,,,,,,12,12,0,0,float32,232.56985473632812,23.48604106903076,232.60510600084672,233.7430216471354,23.503812789916992,38.23828125,
training,fixed_depth,,torch,11,ac,passed,,1012335360,12,12,extension,experiments/l40s/results/loop-sweep/training-fixed_depth-torch-r064-t11-ac.json,,,,,,,,,,,,,,,,,,,,,,12,12,0,0,float32,297.638916015625,16.108848571777344,297.68169600720285,298.3813069661458,16.125823974609375,23.703125,
training,fixed_depth,,torch,11,none,passed,,1012335360,12,12,original,experiments/l40s/results/loop-baseline/training-fixed_depth-torch-t11.json,,,,,,,,,,,,,,,,,,,,,,12,12,0,0,float32,252.832763671875,25.42452049255371,252.8708509998978,254.3431599934896,25.436668395996094,41.41015625,
training,fixed_depth,,torch,12,ac,passed,,1097270016,12,12,extension,experiments/l40s/results/loop-sweep/training-fixed_depth-torch-r064-t12-ac.json,,,,,,,,,,,,,,,,,,,,,,12,12,0,0,float32,314.69769287109375,17.503743171691895,314.73275699681835,317.5082600911458,17.521326065063477,28.01171875,
training,fixed_depth,,torch,12,none,passed,,1097270016,12,12,original,experiments/l40s/results/loop-baseline/training-fixed_depth-torch-t12.json,,,,,,,,,,,,,,,,,,,,,,12,12,0,0,float32,271.3373718261719,27.385818481445312,271.3742400010233,275.2105305989583,27.403834342956543,35.169921875,
training,fixed_depth,,torch,13,ac,passed,,1182204672,12,12,extension,experiments/l40s/results/loop-sweep/training-fixed_depth-torch-r064-t13-ac.json,,,,,,,,,,,,,,,,,,,,,,12,12,0,0,float32,340.3816833496094,18.89975070953369,340.4166150066885,343.2167561848958,18.915743827819824,29.34765625,
training,fixed_depth,,torch,13,none,passed,,1182204672,12,12,original,experiments/l40s/results/loop-baseline/training-fixed_depth-torch-t13.json,,,,,,,,,,,,,,,,,,,,,,12,12,0,0,float32,289.8503723144531,29.37618064880371,289.88672800187487,291.3966064453125,29.386863708496094,38.6484375,
training,fixed_depth,,torch,14,ac,passed,,1267139328,12,12,extension,experiments/l40s/results/loop-sweep/training-fixed_depth-torch-r064-t14-ac.json,,,,,,,,,,,,,,,,,,,,,,12,12,0,0,float32,365.6990661621094,20.199064254760742,365.7501810012036,369.5001627604167,20.216403007507324,30.9140625,
training,fixed_depth,,torch,14,none,passed,,1267139328,12,12,original,experiments/l40s/results/loop-baseline/training-fixed_depth-torch-t14.json,,,,,,,,,,,,,,,,,,,,,,12,12,0,0,float32,310.04364013671875,31.26875591278076,310.1071260025492,313.71059163411456,31.299589157104492,41.1015625,
training,fixed_depth,,torch,15,ac,passed,,1352073984,12,12,extension,experiments/l40s/results/loop-sweep/training-fixed_depth-torch-r064-t15-ac.json,,,,,,,,,,,,,,,,,,,,,,12,12,0,0,float32,387.9924011230469,21.567957878112793,388.07072000054177,390.8509114583333,21.586758613586426,34.05859375,
training,fixed_depth,,torch,15,none,passed,,1352073984,12,12,original,experiments/l40s/results/loop-baseline/training-fixed_depth-torch-t15.json,,,,,,,,,,,,,,,,,,,,,,12,12,0,0,float32,333.66839599609375,33.25301170349121,333.7320299979183,338.2633870442708,33.263572692871094,43.6171875,
training,fixed_depth,,torch,16,ac,passed,,1437008640,12,12,extension,experiments/l40s/results/loop-sweep/training-fixed_depth-torch-r064-t16-ac.json,,,,,,,,,,,,,,,,,,,,,,12,12,0,0,float32,414.7413330078125,22.964930534362793,414.77971200220054,422.9539794921875,22.978482246398926,34.9921875,
training,fixed_depth,,torch,16,none,out_of_memory,training_graph,1437008640,12,12,original,experiments/l40s/results/loop-baseline/training-fixed_depth-torch-t16.json,,,,,,,,,,,,,,,,,,,,,,12,12,0,0,float32,352.9809875488281,35.20564556121826,353.0763270027819,,,,
training,naive_loop,,tensor,1,ac,passed,,162988800,12,12,extension,experiments/l40s/results/loop-sweep/training-naive_loop-tensor-r064-t01-ac.json,,,,,,,,,,,,,,,,,,,,,,12,12,0,0,float32,82.91020965576172,2.7666430473327637,82.95002399972873,52.9087168375651,2.7666449546813965,4.544921875,
training,naive_loop,,tensor,1,none,passed,,162988800,12,12,original,experiments/l40s/results/loop-baseline/training-naive_loop-tensor-t01.json,,,,,,,,,,,,,,,,,,,,,,12,12,0,0,float32,57.825279235839844,4.192183017730713,57.85002400079975,45.03142293294271,4.193039417266846,6.880859375,
training,naive_loop,,tensor,2,ac,passed,,162988800,24,12,extension,experiments/l40s/results/loop-sweep/training-naive_loop-tensor-r064-t02-ac.json,,,,,,,,,,,,,,,,,,,,,,24,24,0,0,float32,157.99398803710938,2.9072680473327637,158.01778100285446,90.7151387532552,2.9072699546813965,4.796875,
training,naive_loop,,tensor,2,none,passed,,162988800,24,12,original,experiments/l40s/results/loop-baseline/training-naive_loop-tensor-t02.json,,,,,,,,,,,,,,,,,,,,,,24,24,0,0,float32,104.44374084472656,5.759196758270264,104.46757599856937,74.93802897135417,5.7600531578063965,10.076171875,
training,naive_loop,,tensor,3,ac,passed,,162988800,36,12,extension,experiments/l40s/results/loop-sweep/training-naive_loop-tensor-r064-t03-ac.json,,,,,,,,,,,,,,,,,,,,,,36,36,0,0,float32,228.67149353027344,3.0493578910827637,228.70810000313213,128.79462687174478,3.0493569374084473,4.98046875,
training,naive_loop,,tensor,3,none,passed,,162988800,36,12,original,experiments/l40s/results/loop-baseline/training-naive_loop-tensor-t03.json,,,,,,,,,,,,,,,,,,,,,,36,36,0,0,float32,149.0482177734375,7.3083882331848145,149.0765669987013,104.85589599609375,7.3085150718688965,13.279296875,
training,naive_loop,,tensor,4,ac,passed,,162988800,48,12,extension,experiments/l40s/results/loop-sweep/training-naive_loop-tensor-r064-t04-ac.json,,,,,,,,,,,,,,,,,,,,,,48,48,0,0,float32,298.5410461425781,3.1897387504577637,298.56775700318394,166.49522908528647,3.1897377967834473,5.203125,
training,naive_loop,,tensor,4,none,passed,,162988800,48,12,original,experiments/l40s/results/loop-baseline/training-naive_loop-tensor-t04.json,,,,,,,,,,,,,,,,,,,,,,48,48,0,0,float32,198.84544372558594,8.857826709747314,198.88864699896658,134.68399047851562,8.857953548431396,16.85546875,
training,naive_loop,,tensor,5,ac,passed,,162988800,60,12,extension,experiments/l40s/results/loop-sweep/training-naive_loop-tensor-r064-t05-ac.json,,,,,,,,,,,,,,,,,,,,,,60,60,0,0,float32,380.8860168457031,3.3303637504577637,380.9249030018691,203.1500040690104,3.3303627967834473,5.4609375,
training,naive_loop,,tensor,5,none,passed,,162988800,60,12,original,experiments/l40s/results/loop-baseline/training-naive_loop-tensor-t05.json,,,,,,,,,,,,,,,,,,,,,,60,60,0,0,float32,246.6815948486328,10.407265186309814,246.71088399918517,164.4096883138021,10.407392024993896,20.046875,
training,naive_loop,,tensor,6,ac,passed,,162988800,72,12,extension,experiments/l40s/results/loop-sweep/training-naive_loop-tensor-r064-t06-ac.json,,,,,,,,,,,,,,,,,,,,,,72,72,0,0,float32,444.6709289550781,3.4709887504577637,444.69752599979984,240.93766276041666,3.4709877967834473,5.6015625,
training,naive_loop,,tensor,6,none,passed,,162988800,72,12,original,experiments/l40s/results/loop-baseline/training-naive_loop-tensor-t06.json,,,,,,,,,,,,,,,,,,,,,,72,72,0,0,float32,289.44384765625,11.956703662872314,289.46821199861006,194.409423828125,11.956830501556396,23.240234375,
training,naive_loop,,tensor,7,ac,passed,,162988800,84,12,extension,experiments/l40s/results/loop-sweep/training-naive_loop-tensor-r064-t07-ac.json,,,,,,,,,,,,,,,,,,,,,,84,84,0,0,float32,525.4093017578125,3.6116137504577637,525.438116004807,279.31512451171875,3.6116127967834473,5.87890625,
training,naive_loop,,tensor,7,none,passed,,162988800,84,12,original,experiments/l40s/results/loop-baseline/training-naive_loop-tensor-t07.json,,,,,,,,,,,,,,,,,,,,,,84,84,0,0,float32,336.4761657714844,13.506142139434814,336.5005040031974,224.2508748372396,13.506268978118896,26.43359375,
training,naive_loop,,tensor,8,ac,passed,,162988800,96,12,extension,experiments/l40s/results/loop-sweep/training-naive_loop-tensor-r064-t08-ac.json,,,,,,,,,,,,,,,,,,,,,,96,96,0,0,float32,591.3199462890625,3.7522387504577637,591.3486440040288,316.12620035807294,3.7522377967834473,6.16015625,
training,naive_loop,,tensor,8,none,passed,,162988800,96,12,original,experiments/l40s/results/loop-baseline/training-naive_loop-tensor-t08.json,,,,,,,,,,,,,,,,,,,,,,96,96,0,0,float32,388.08172607421875,15.055580615997314,388.1110369984526,253.99979654947916,15.055707454681396,29.625,
training,naive_loop,,tensor,9,ac,passed,,162988800,108,12,extension,experiments/l40s/results/loop-sweep/training-naive_loop-tensor-r064-t09-ac.json,,,,,,,,,,,,,,,,,,,,,,108,108,0,0,float32,658.1145629882812,3.8928637504577637,658.1474529957632,355.9925944010417,3.8928627967834473,6.44140625,
training,naive_loop,,tensor,9,none,passed,,162988800,108,12,original,experiments/l40s/results/loop-baseline/training-naive_loop-tensor-t09.json,,,,,,,,,,,,,,,,,,,,,,108,108,0,0,float32,433.8636779785156,16.605019092559814,433.8925099946209,283.89581298828125,16.605145931243896,32.8125,
training,naive_loop,,tensor,10,ac,passed,,162988800,120,12,extension,experiments/l40s/results/loop-sweep/training-naive_loop-tensor-r064-t10-ac.json,,,,,,,,,,,,,,,,,,,,,,120,120,0,0,float32,738.77587890625,4.033488750457764,738.8053539980319,394.0123291015625,4.033487796783447,6.72265625,
training,naive_loop,,tensor,10,none,passed,,162988800,120,12,original,experiments/l40s/results/loop-baseline/training-naive_loop-tensor-t10.json,,,,,,,,,,,,,,,,,,,,,,120,120,0,0,float32,470.245361328125,18.154457569122314,470.2797729987651,314.85540771484375,18.154584407806396,36.01953125,
training,naive_loop,,tensor,11,ac,passed,,162988800,132,12,extension,experiments/l40s/results/loop-sweep/training-naive_loop-tensor-r064-t11-ac.json,,,,,,,,,,,,,,,,,,,,,,132,132,0,0,float32,814.3626098632812,4.174113750457764,814.3961790046887,428.4265950520833,4.174112796783447,7.00390625,
training,naive_loop,,tensor,11,none,passed,,162988800,132,12,original,experiments/l40s/results/loop-baseline/training-naive_loop-tensor-t11.json,,,,,,,,,,,,,,,,,,,,,,132,132,0,0,float32,524.0975341796875,19.703896045684814,524.1260289985803,344.7237955729167,19.704022884368896,39.234375,
training,naive_loop,,tensor,12,ac,passed,,162988800,144,12,extension,experiments/l40s/results/loop-sweep/training-naive_loop-tensor-r064-t12-ac.json,,,,,,,,,,,,,,,,,,,,,,144,144,0,0,float32,872.2360229492188,4.314738750457764,872.2701500009862,466.693115234375,4.314737796783447,7.28515625,
training,naive_loop,,tensor,12,none,passed,,162988800,144,12,original,experiments/l40s/results/loop-baseline/training-naive_loop-tensor-t12.json,,,,,,,,,,,,,,,,,,,,,,144,144,0,0,float32,571.2772827148438,21.253334522247314,571.3086920004571,375.323974609375,21.253461360931396,42.44921875,
training,naive_loop,,tensor,13,ac,passed,,162988800,156,12,extension,experiments/l40s/results/loop-sweep/training-naive_loop-tensor-r064-t13-ac.json,,,,,,,,,,,,,,,,,,,,,,156,156,0,0,float32,957.9345703125,4.455363750457764,957.9693129999214,504.9901529947917,4.455362796783447,7.56640625,
training,naive_loop,,tensor,13,none,passed,,162988800,156,12,original,experiments/l40s/results/loop-baseline/training-naive_loop-tensor-t13.json,,,,,,,,,,,,,,,,,,,,,,156,156,0,0,float32,618.4633178710938,22.802772998809814,618.5007300009602,404.4424641927083,22.802899837493896,24.91015625,
training,naive_loop,,tensor,14,ac,passed,,162988800,168,12,extension,experiments/l40s/results/loop-sweep/training-naive_loop-tensor-r064-t14-ac.json,,,,,,,,,,,,,,,,,,,,,,168,168,0,0,float32,1021.787109375,4.595988750457764,1021.8231940016267,544.2792154947916,4.595987796783447,7.84765625,
training,naive_loop,,tensor,14,none,passed,,162988800,168,12,original,experiments/l40s/results/loop-baseline/training-naive_loop-tensor-t14.json,,,,,,,,,,,,,,,,,,,,,,168,168,0,0,float32,670.74560546875,24.352211475372314,670.7851570026833,432.1679280598958,24.352338314056396,26.125,
training,naive_loop,,tensor,15,ac,passed,,162988800,180,12,extension,experiments/l40s/results/loop-sweep/training-naive_loop-tensor-r064-t15-ac.json,,,,,,,,,,,,,,,,,,,,,,180,180,0,0,float32,1101.5465087890625,4.736613750457764,1101.5827430019272,582.3505045572916,4.736612796783447,8.12890625,
training,naive_loop,,tensor,15,none,passed,,162988800,180,12,original,experiments/l40s/results/loop-baseline/training-naive_loop-tensor-t15.json,,,,,,,,,,,,,,,,,,,,,,180,180,0,0,float32,701.1481323242188,25.901649951934814,701.1825540030259,464.6434326171875,25.901776790618896,28.20703125,
training,naive_loop,,tensor,16,ac,passed,,162988800,192,12,extension,experiments/l40s/results/loop-sweep/training-naive_loop-tensor-r064-t16-ac.json,,,,,,,,,,,,,,,,,,,,,,192,192,0,0,float32,1180.475341796875,4.877238750457764,1180.510513993795,617.4061279296875,4.877237796783447,8.41015625,
training,naive_loop,,tensor,16,none,passed,,162988800,192,12,original,experiments/l40s/results/loop-baseline/training-naive_loop-tensor-t16.json,,,,,,,,,,,,,,,,,,,,,,192,192,0,0,float32,757.865478515625,27.451088428497314,757.8985919972183,492.0736490885417,27.451215267181396,29.74609375,
training,naive_loop,,torch,1,ac,passed,,162988800,12,12,extension,experiments/l40s/results/loop-sweep/training-naive_loop-torch-r064-t01-ac.json,,,,,,,,,,,,,,,,,,,,,,12,12,0,0,float32,63.312896728515625,4.3762969970703125,63.345057002152316,57.75326029459635,4.392473220825195,8.552734375,
training,naive_loop,,torch,1,none,passed,,162988800,12,12,original,experiments/l40s/results/loop-baseline/training-naive_loop-torch-t01.json,,,,,,,,,,,,,,,,,,,,,,12,12,0,0,float32,53.60732650756836,5.9158477783203125,53.67617099909694,51.81985982259115,5.9278764724731445,11.1640625,
training,naive_loop,,torch,2,ac,passed,,162988800,24,12,extension,experiments/l40s/results/loop-sweep/training-naive_loop-torch-r064-t02-ac.json,,,,,,,,,,,,,,,,,,,,,,24,24,0,0,float32,97.46841430664062,4.520209312438965,97.49767400353448,86.2245585123698,4.536385536193848,8.833984375,
training,naive_loop,,torch,2,none,passed,,162988800,24,12,original,experiments/l40s/results/loop-baseline/training-naive_loop-torch-t02.json,,,,,,,,,,,,,,,,,,,,,,24,24,0,0,float32,76.84492492675781,7.415737152099609,76.8752480034891,74.59055074055989,7.432651519775391,14.22265625,
training,naive_loop,,torch,3,ac,passed,,162988800,36,12,extension,experiments/l40s/results/loop-sweep/training-naive_loop-torch-r064-t03-ac.json,,,,,,,,,,,,,,,,,,,,,,36,36,0,0,float32,132.527099609375,4.659738540649414,132.55806699453387,115.39077758789062,4.675911903381348,9.115234375,
training,naive_loop,,torch,3,none,passed,,162988800,36,12,original,experiments/l40s/results/loop-baseline/training-naive_loop-torch-t03.json,,,,,,,,,,,,,,,,,,,,,,36,36,0,0,float32,100.84352111816406,8.900858879089355,100.87528000076418,97.65922037760417,8.915573120117188,17.28515625,
training,naive_loop,,torch,4,ac,passed,,162988800,48,12,extension,experiments/l40s/results/loop-sweep/training-naive_loop-torch-r064-t04-ac.json,,,,,,,,,,,,,,,,,,,,,,48,48,0,0,float32,169.10336303710938,4.800363540649414,169.13212499639485,144.60307820638022,4.816536903381348,9.396484375,
training,naive_loop,,torch,4,none,passed,,162988800,48,12,original,experiments/l40s/results/loop-baseline/training-naive_loop-torch-t04.json,,,,,,,,,,,,,,,,,,,,,,48,48,0,0,float32,125.35193634033203,10.373648643493652,125.38613899960183,120.8651123046875,10.394713401794434,20.34375,
training,naive_loop,,torch,5,ac,passed,,162988800,60,12,extension,experiments/l40s/results/loop-sweep/training-naive_loop-torch-r064-t05-ac.json,,,,,,,,,,,,,,,,,,,,,,60,60,0,0,float32,208.542724609375,4.940744400024414,208.57798799988814,172.212890625,4.956917762756348,9.677734375,
training,naive_loop,,torch,5,none,passed,,162988800,60,12,original,experiments/l40s/results/loop-baseline/training-naive_loop-torch-t05.json,,,,,,,,,,,,,,,,,,,,,,60,60,0,0,float32,149.47532653808594,11.85278606414795,149.50613899782184,143.86414591471353,11.87385082244873,23.40234375,
training,naive_loop,,torch,6,ac,passed,,162988800,72,12,extension,experiments/l40s/results/loop-sweep/training-naive_loop-torch-r064-t06-ac.json,,,,,,,,,,,,,,,,,,,,,,72,72,0,0,float32,245.0145263671875,5.081369400024414,245.04459500167286,202.1751505533854,5.097542762756348,9.958984375,
training,naive_loop,,torch,6,none,passed,,162988800,72,12,original,experiments/l40s/results/loop-baseline/training-naive_loop-torch-t06.json,,,,,,,,,,,,,,,,,,,,,,72,72,0,0,float32,173.7379913330078,13.331923484802246,173.77230000056443,167.13864135742188,13.352988243103027,26.46484375,
training,naive_loop,,torch,7,ac,passed,,162988800,84,12,extension,experiments/l40s/results/loop-sweep/training-naive_loop-torch-r064-t07-ac.json,,,,,,,,,,,,,,,,,,,,,,84,84,0,0,float32,291.48773193359375,5.221994400024414,291.51835599623155,231.5598347981771,5.238167762756348,10.240234375,
training,naive_loop,,torch,7,none,passed,,162988800,84,12,original,experiments/l40s/results/loop-baseline/training-naive_loop-torch-t07.json,,,,,,,,,,,,,,,,,,,,,,84,84,0,0,float32,198.44915771484375,14.811060905456543,198.4823899983894,190.42610677083334,14.832125663757324,29.5234375,
training,naive_loop,,torch,8,ac,passed,,162988800,96,12,extension,experiments/l40s/results/loop-sweep/training-naive_loop-torch-r064-t08-ac.json,,,,,,,,,,,,,,,,,,,,,,96,96,0,0,float32,330.29937744140625,5.362619400024414,330.3332279974711,259.99086507161456,5.378792762756348,10.521484375,
training,naive_loop,,torch,8,none,passed,,162988800,96,12,original,experiments/l40s/results/loop-baseline/training-naive_loop-torch-t08.json,,,,,,,,,,,,,,,,,,,,,,96,96,0,0,float32,222.46707153320312,16.29019832611084,222.52455599664245,213.55279541015625,16.31126308441162,32.58203125,
training,naive_loop,,torch,9,ac,passed,,162988800,108,12,extension,experiments/l40s/results/loop-sweep/training-naive_loop-torch-r064-t09-ac.json,,,,,,,,,,,,,,,,,,,,,,108,108,0,0,float32,370.9787292480469,5.503244400024414,371.0344540013466,291.02968343098956,5.519417762756348,10.802734375,
training,naive_loop,,torch,9,none,passed,,162988800,108,12,original,experiments/l40s/results/loop-baseline/training-naive_loop-torch-t09.json,,,,,,,,,,,,,,,,,,,,,,108,108,0,0,float32,248.06605529785156,17.769335746765137,248.0988739989698,236.67985026041666,17.790400505065918,35.642578125,
training,naive_loop,,torch,10,ac,passed,,162988800,120,12,extension,experiments/l40s/results/loop-sweep/training-naive_loop-torch-r064-t10-ac.json,,,,,,,,,,,,,,,,,,,,,,120,120,0,0,float32,414.236572265625,5.643869400024414,414.2721600001096,321.5926513671875,5.660042762756348,11.083984375,
training,naive_loop,,torch,10,none,passed,,162988800,120,12,original,experiments/l40s/results/loop-baseline/training-naive_loop-torch-t10.json,,,,,,,,,,,,,,,,,,,,,,120,120,0,0,float32,272.29901123046875,19.248473167419434,272.33592200354906,260.924072265625,19.269537925720215,38.703125,
training,naive_loop,,torch,11,ac,passed,,162988800,132,12,extension,experiments/l40s/results/loop-sweep/training-naive_loop-torch-r064-t11-ac.json,,,,,,,,,,,,,,,,,,,,,,132,132,0,0,float32,442.3864440917969,5.784494400024414,442.41939899802674,346.1297607421875,5.800667762756348,11.365234375,
training,naive_loop,,torch,11,none,passed,,162988800,132,12,original,experiments/l40s/results/loop-baseline/training-naive_loop-torch-t11.json,,,,,,,,,,,,,,,,,,,,,,132,132,0,0,float32,295.67181396484375,20.72761058807373,295.7063259964343,283.2738444010417,20.74867534637451,41.76171875,
training,naive_loop,,torch,12,ac,passed,,162988800,144,12,extension,experiments/l40s/results/loop-sweep/training-naive_loop-torch-r064-t12-ac.json,,,,,,,,,,,,,,,,,,,,,,144,144,0,0,float32,502.1051025390625,5.925119400024414,502.142620003724,375.0423990885417,5.941292762756348,11.646484375,
training,naive_loop,,torch,12,none,passed,,162988800,144,12,original,experiments/l40s/results/loop-baseline/training-naive_loop-torch-t12.json,,,,,,,,,,,,,,,,,,,,,,144,144,0,0,float32,324.0110168457031,22.206748008728027,324.07789299759315,307.68434651692706,22.22781276702881,25.0859375,
training,naive_loop,,torch,13,ac,passed,,162988800,156,12,extension,experiments/l40s/results/loop-sweep/training-naive_loop-torch-r064-t13-ac.json,,,,,,,,,,,,,,,,,,,,,,156,156,0,0,float32,527.9324340820312,6.065744400024414,527.9669840019778,405.742919921875,6.081917762756348,11.927734375,
training,naive_loop,,torch,13,none,passed,,162988800,156,12,original,experiments/l40s/results/loop-baseline/training-naive_loop-torch-t13.json,,,,,,,,,,,,,,,,,,,,,,156,156,0,0,float32,344.72039794921875,23.685885429382324,344.75918200041633,330.27960205078125,23.706950187683105,25.875,
training,naive_loop,,torch,14,ac,passed,,162988800,168,12,extension,experiments/l40s/results/loop-sweep/training-naive_loop-torch-r064-t14-ac.json,,,,,,,,,,,,,,,,,,,,,,168,168,0,0,float32,569.11572265625,6.206369400024414,569.1480800014688,435.012939453125,6.222542762756348,12.208984375,
training,naive_loop,,torch,14,none,passed,,162988800,168,12,original,experiments/l40s/results/loop-baseline/training-naive_loop-torch-t14.json,,,,,,,,,,,,,,,,,,,,,,168,168,0,0,float32,369.8861999511719,25.16502285003662,369.9303079993115,353.4093424479167,25.186087608337402,27.404296875,
training,naive_loop,,torch,15,ac,passed,,162988800,180,12,extension,experiments/l40s/results/loop-sweep/training-naive_loop-torch-r064-t15-ac.json,,,,,,,,,,,,,,,,,,,,,,180,180,0,0,float32,612.4195556640625,6.346994400024414,612.4584569988656,463.4784342447917,6.363167762756348,12.490234375,
training,naive_loop,,torch,15,none,passed,,162988800,180,12,original,experiments/l40s/results/loop-baseline/training-naive_loop-torch-t15.json,,,,,,,,,,,,,,,,,,,,,,180,180,0,0,float32,394.8677062988281,26.644160270690918,394.927216002543,378.0064697265625,26.6652250289917,28.935546875,
training,naive_loop,,torch,16,ac,passed,,162988800,192,12,extension,experiments/l40s/results/loop-sweep/training-naive_loop-torch-r064-t16-ac.json,,,,,,,,,,,,,,,,,,,,,,192,192,0,0,float32,647.5919189453125,6.487619400024414,647.6351879973663,492.849853515625,6.503792762756348,12.771484375,
training,naive_loop,,torch,16,none,passed,,162988800,192,12,original,experiments/l40s/results/loop-baseline/training-naive_loop-torch-t16.json,,,,,,,,,,,,,,,,,,,,,,192,192,0,0,float32,419.2614440917969,28.123297691345215,419.30503500043415,400.778564453125,28.144362449645996,30.466796875,
training,stacked,,tensor,1,ac,passed,,162988800,12,12,extension,experiments/l40s/results/loop-sweep/training-stacked-tensor-r064-t01-ac.json,,,,,,,,,,,,,,,,,,,,,,12,12,0,0,float32,82.52108764648438,2.7666430473327637,82.54556899919407,52.91827392578125,2.7666449546813965,4.544921875,
training,stacked,,tensor,1,none,passed,,162988800,12,12,original,experiments/l40s/results/loop-baseline/training-stacked-tensor-t01.json,,,,,,,,,,,,,,,,,,,,,,12,12,0,0,float32,57.63993453979492,4.192183017730713,57.66631500227959,45.06726582845052,4.193039417266846,6.880859375,
training,stacked,,tensor,2,ac,passed,,247923456,24,24,extension,experiments/l40s/results/loop-sweep/training-stacked-tensor-r064-t02-ac.json,,,,,,,,,,,,,,,,,,,,,,24,24,0,0,float32,159.42860412597656,3.857494831085205,159.4532849994721,93.5553690592448,3.857496738433838,6.140625,
training,stacked,,tensor,2,none,passed,,247923456,24,24,original,experiments/l40s/results/loop-baseline/training-stacked-tensor-t02.json,,,,,,,,,,,,,,,,,,,,,,24,24,0,0,float32,107.82105255126953,6.7143120765686035,107.84699199939496,77.8987528483073,6.715168476104736,11.099609375,
training,stacked,,tensor,3,ac,passed,,332858112,36,36,extension,experiments/l40s/results/loop-sweep/training-stacked-tensor-r064-t03-ac.json,,,,,,,,,,,,,,,,,,,,,,36,36,0,0,float32,236.70579528808594,5.010557174682617,236.73028099437943,134.37435913085938,5.007016181945801,7.40234375,
training,stacked,,tensor,3,none,passed,,332858112,36,36,original,experiments/l40s/results/loop-baseline/training-stacked-tensor-t03.json,,,,,,,,,,,,,,,,,,,,,,36,36,0,0,float32,158.8633575439453,9.236441135406494,158.8889909980935,110.7814432779948,9.237297534942627,15.322265625,
training,stacked,,tensor,4,ac,passed,,417792768,48,48,extension,experiments/l40s/results/loop-sweep/training-stacked-tensor-r064-t04-ac.json,,,,,,,,,,,,,,,,,,,,,,48,48,0,0,float32,324.48199462890625,6.286717414855957,324.5244540012209,174.85481770833334,6.280735015869141,9.23046875,
training,stacked,,tensor,4,none,passed,,417792768,48,48,original,experiments/l40s/results/loop-baseline/training-stacked-tensor-t04.json,,,,,,,,,,,,,,,,,,,,,,48,48,0,0,float32,213.03091430664062,11.758570194244385,213.05567799936398,143.82455444335938,11.759426593780518,19.92578125,
training,stacked,,tensor,5,ac,passed,,502727424,60,60,extension,experiments/l40s/results/loop-sweep/training-stacked-tensor-r064-t05-ac.json,,,,,,,,,,,,,,,,,,,,,,60,60,0,0,float32,401.86163330078125,7.561895370483398,401.89075699890964,214.6109415690104,7.552495002746582,10.810546875,
training,stacked,,tensor,5,none,passed,,502727424,60,60,original,experiments/l40s/results/loop-baseline/training-stacked-tensor-t05.json,,,,,,,,,,,,,,,,,,,,,,60,60,0,0,float32,268.3945007324219,14.280699253082275,268.4212340027443,176.760498046875,14.281555652618408,24.14453125,
training,stacked,,tensor,6,ac,passed,,587662080,72,72,extension,experiments/l40s/results/loop-sweep/training-stacked-tensor-r064-t06-ac.json,,,,,,,,,,,,,,,,,,,,,,72,72,0,0,float32,481.0926208496094,8.839761734008789,481.1226629972225,256.1418050130208,8.827431678771973,12.53515625,
training,stacked,,tensor,6,none,passed,,587662080,72,72,original,experiments/l40s/results/loop-baseline/training-stacked-tensor-t06.json,,,,,,,,,,,,,,,,,,,,,,72,72,0,0,float32,326.72357177734375,16.802828311920166,326.74943399979384,209.80183919270834,16.8036847114563,28.365234375,
training,stacked,,tensor,7,ac,passed,,672596736,84,84,extension,experiments/l40s/results/loop-sweep/training-stacked-tensor-r064-t07-ac.json,,,,,,,,,,,,,,,,,,,,,,84,84,0,0,float32,552.3230590820312,10.106888771057129,552.3536760010757,297.99151611328125,10.098953247070312,14.30859375,
training,stacked,,tensor,7,none,passed,,672596736,84,84,original,experiments/l40s/results/loop-baseline/training-stacked-tensor-t07.json,,,,,,,,,,,,,,,,,,,,,,84,84,0,0,float32,374.41741943359375,19.324957370758057,374.44607200450264,242.7183837890625,19.32581377029419,32.5859375,
training,stacked,,tensor,8,ac,passed,,757531392,96,96,extension,experiments/l40s/results/loop-sweep/training-stacked-tensor-r064-t08-ac.json,,,,,,,,,,,,,,,,,,,,,,96,96,0,0,float32,632.63232421875,11.38182544708252,632.6624759967672,337.02195231119794,11.375843048095703,16.041015625,
training,stacked,,tensor,8,none,passed,,757531392,96,96,original,experiments/l40s/results/loop-baseline/training-stacked-tensor-t08.json,,,,,,,,,,,,,,,,,,,,,,96,96,0,0,float32,432.3399658203125,21.847086429595947,432.3692800026038,275.842529296875,21.84794282913208,36.8046875,
training,stacked,,tensor,9,ac,passed,,842466048,108,108,extension,experiments/l40s/results/loop-sweep/training-stacked-tensor-r064-t09-ac.json,,,,,,,,,,,,,,,,,,,,,,108,108,0,0,float32,701.4891357421875,12.654806137084961,701.5212690021144,382.59130859375,12.648091316223145,17.783203125,
training,stacked,,tensor,9,none,passed,,842466048,108,108,original,experiments/l40s/results/loop-baseline/training-stacked-tensor-t09.json,,,,,,,,,,,,,,,,,,,,,,108,108,0,0,float32,482.9593505859375,24.369215488433838,483.0026249983348,309.72654215494794,24.37007188796997,41.025390625,
training,stacked,,tensor,10,ac,passed,,927400704,120,120,extension,experiments/l40s/results/loop-sweep/training-stacked-tensor-r064-t10-ac.json,,,,,,,,,,,,,,,,,,,,,,120,120,0,0,float32,785.6333618164062,13.939264297485352,785.6690700064064,418.6760660807292,13.921807289123535,19.576171875,
training,stacked,,tensor,10,none,passed,,927400704,120,120,original,experiments/l40s/results/loop-baseline/training-stacked-tensor-t10.json,,,,,,,,,,,,,,,,,,,,,,120,120,0,0,float32,532.5393676757812,26.89134454727173,532.5697439984651,343.2591552734375,26.89220094680786,33.29296875,
training,stacked,,tensor,11,ac,passed,,1012335360,132,132,extension,experiments/l40s/results/loop-sweep/training-stacked-tensor-r064-t11-ac.json,,,,,,,,,,,,,,,,,,,,,,132,132,0,0,float32,870.7901611328125,15.200773239135742,870.8223569992697,457.6204833984375,15.192349433898926,21.33984375,
training,stacked,,tensor,11,none,passed,,1012335360,132,132,original,experiments/l40s/results/loop-baseline/training-stacked-tensor-t11.json,,,,,,,,,,,,,,,,,,,,,,132,132,0,0,float32,580.4298095703125,29.41347360610962,580.4620599956252,375.3212483723958,29.414330005645752,36.310546875,
training,stacked,,tensor,12,ac,passed,,1097270016,144,144,extension,experiments/l40s/results/loop-sweep/training-stacked-tensor-r064-t12-ac.json,,,,,,,,,,,,,,,,,,,,,,144,144,0,0,float32,965.6627197265625,16.483766555786133,965.6989110007999,497.8070068359375,16.467774391174316,23.0703125,
training,stacked,,tensor,12,none,passed,,1097270016,144,144,original,experiments/l40s/results/loop-baseline/training-stacked-tensor-t12.json,,,,,,,,,,,,,,,,,,,,,,144,144,0,0,float32,628.864013671875,31.93560266494751,628.9049090046319,408.7671305338542,31.936459064483643,39.306640625,
training,stacked,,tensor,13,ac,passed,,1182204672,156,156,extension,experiments/l40s/results/loop-sweep/training-stacked-tensor-r064-t13-ac.json,,,,,,,,,,,,,,,,,,,,,,156,156,0,0,float32,1040.83251953125,17.755285263061523,1040.8650239987765,538.693603515625,17.742711067199707,24.806640625,
training,stacked,,tensor,13,none,passed,,1182204672,156,156,original,experiments/l40s/results/loop-baseline/training-stacked-tensor-t13.json,,,,,,,,,,,,,,,,,,,,,,156,156,0,0,float32,673.8984985351562,34.4577317237854,673.9478180024889,443.0796712239583,34.45858812332153,42.298828125,
training,stacked,,tensor,14,ac,passed,,1267139328,168,168,extension,experiments/l40s/results/loop-sweep/training-stacked-tensor-r064-t14-ac.json,,,,,,,,,,,,,,,,,,,,,,168,168,0,0,float32,1098.0107421875,19.032422065734863,1098.0555420028395,581.7436116536459,19.01508617401123,26.580078125,
training,stacked,,tensor,14,none,out_of_memory,training_graph,1267139328,168,168,original,experiments/l40s/results/loop-baseline/training-stacked-tensor-t14.json,,,,,,,,,,,,,,,,,,,,,,168,168,0,0,float32,734.3331298828125,36.97986078262329,734.3833479972091,,,,
training,stacked,,tensor,15,ac,passed,,1352073984,180,180,extension,experiments/l40s/results/loop-sweep/training-stacked-tensor-r064-t15-ac.json,,,,,,,,,,,,,,,,,,,,,,180,180,0,0,float32,1190.2177734375,20.305405616760254,1190.254137996817,620.2845458984375,20.291122436523438,28.349609375,
training,stacked,,tensor,15,none,out_of_memory,training_graph,1352073984,180,180,original,experiments/l40s/results/loop-baseline/training-stacked-tensor-t15.json,,,,,,,,,,,,,,,,,,,,,,180,180,0,0,float32,791.81005859375,39.50198984146118,791.843131002679,,,,
training,stacked,,tensor,16,ac,passed,,1437008640,192,192,extension,experiments/l40s/results/loop-sweep/training-stacked-tensor-r064-t16-ac.json,,,,,,,,,,,,,,,,,,,,,,192,192,0,0,float32,1273.891845703125,21.576677322387695,1273.9340390035068,663.7468668619791,21.56337070465088,30.09375,
training,stacked,,tensor,16,none,out_of_memory,training_graph,1437008640,192,192,original,experiments/l40s/results/loop-baseline/training-stacked-tensor-t16.json,,,,,,,,,,,,,,,,,,,,,,192,192,0,0,float32,853.275634765625,42.02411890029907,853.3083369984524,,,,
training,stacked,,torch,1,ac,passed,,162988800,12,12,extension,experiments/l40s/results/loop-sweep/training-stacked-torch-r064-t01-ac.json,,,,,,,,,,,,,,,,,,,,,,12,12,0,0,float32,63.45420837402344,4.3762969970703125,63.48414099920774,57.731414794921875,4.392473220825195,8.552734375,
training,stacked,,torch,1,none,passed,,162988800,12,12,original,experiments/l40s/results/loop-baseline/training-stacked-torch-t01.json,,,,,,,,,,,,,,,,,,,,,,12,12,0,0,float32,52.962303161621094,5.9158477783203125,52.99423499673139,51.82190958658854,5.9278764724731445,11.1640625,
training,stacked,,torch,2,ac,passed,,247923456,24,24,extension,experiments/l40s/results/loop-sweep/training-stacked-torch-r064-t02-ac.json,,,,,,,,,,,,,,,,,,,,,,24,24,0,0,float32,104.20941162109375,5.466169357299805,104.23748600442195,92.64260864257812,5.4823455810546875,10.234375,
training,stacked,,torch,2,none,passed,,247923456,24,24,original,experiments/l40s/results/loop-baseline/training-stacked-torch-t02.json,,,,,,,,,,,,,,,,,,,,,,24,24,0,0,float32,83.37100982666016,8.53759765625,83.40356099870405,81.0608622233073,8.549626350402832,14.89453125,
training,stacked,,torch,3,ac,passed,,332858112,36,36,extension,experiments/l40s/results/loop-sweep/training-stacked-torch-r064-t03-ac.json,,,,,,,,,,,,,,,,,,,,,,36,36,0,0,float32,144.47299194335938,6.720109939575195,144.5027539957664,128.01872762044272,6.696002960205078,11.724609375,
training,stacked,,torch,3,none,passed,,332858112,36,36,original,experiments/l40s/results/loop-baseline/training-stacked-torch-t03.json,,,,,,,,,,,,,,,,,,,,,,36,36,0,0,float32,113.83808135986328,11.159835815429688,113.87493099755375,110.5244140625,11.17137622833252,19.78125,
training,stacked,,torch,4,ac,passed,,417792768,48,48,extension,experiments/l40s/results/loop-sweep/training-stacked-torch-r064-t04-ac.json,,,,,,,,,,,,,,,,,,,,,,48,48,0,0,float32,193.8492431640625,8.012807846069336,193.88041400088696,163.0379638671875,7.955314636230469,13.376953125,
training,stacked,,torch,4,none,passed,,417792768,48,48,original,experiments/l40s/results/loop-baseline/training-stacked-torch-t04.json,,,,,,,,,,,,,,,,,,,,,,48,48,0,0,float32,144.321533203125,13.783050537109375,144.35588999913307,140.02278645833334,13.793126106262207,24.041015625,
training,stacked,,torch,5,ac,passed,,502727424,60,60,extension,experiments/l40s/results/loop-sweep/training-stacked-torch-r064-t05-ac.json,,,,,,,,,,,,,,,,,,,,,,60,60,0,0,float32,244.5823974609375,9.298480987548828,244.61442699976033,197.6224161783854,9.216460227966309,15.095703125,
training,stacked,,torch,5,none,passed,,502727424,60,60,original,experiments/l40s/results/loop-baseline/training-stacked-torch-t05.json,,,,,,,,,,,,,,,,,,,,,,60,60,0,0,float32,174.5366973876953,16.407730102539062,174.57976099831285,169.41158040364584,16.414875984191895,28.443359375,
training,stacked,,torch,6,ac,passed,,587662080,72,72,extension,experiments/l40s/results/loop-sweep/training-stacked-torch-r064-t06-ac.json,,,,,,,,,,,,,,,,,,,,,,72,72,0,0,float32,287.6159973144531,10.577332496643066,287.64959100226406,233.81538899739584,10.4749174118042,16.818359375,
training,stacked,,torch,6,none,passed,,587662080,72,72,original,experiments/l40s/results/loop-baseline/training-stacked-torch-t06.json,,,,,,,,,,,,,,,,,,,,,,72,72,0,0,float32,205.73388671875,19.02899169921875,205.77052299995557,199.09906005859375,19.036625862121582,32.857421875,
training,stacked,,torch,7,ac,passed,,672596736,84,84,extension,experiments/l40s/results/loop-sweep/training-stacked-torch-r064-t07-ac.json,,,,,,,,,,,,,,,,,,,,,,84,84,0,0,float32,334.0308532714844,11.896574974060059,334.08944999973755,270.1185709635417,11.732522964477539,18.537109375,
training,stacked,,torch,7,none,passed,,672596736,84,84,original,experiments/l40s/results/loop-baseline/training-stacked-torch-t07.json,,,,,,,,,,,,,,,,,,,,,,84,84,0,0,float32,236.24082946777344,21.652206420898438,236.27991799730808,228.6206258138021,21.65837574005127,37.251953125,
training,stacked,,torch,8,ac,passed,,757531392,96,96,extension,experiments/l40s/results/loop-sweep/training-stacked-torch-r064-t08-ac.json,,,,,,,,,,,,,,,,,,,,,,96,96,0,0,float32,377.808837890625,13.13098430633545,377.8651520042331,304.30930582682294,12.991950988769531,19.8515625,
training,stacked,,torch,8,none,passed,,757531392,96,96,original,experiments/l40s/results/loop-baseline/training-stacked-torch-t08.json,,,,,,,,,,,,,,,,,,,,,,96,96,0,0,float32,266.4171447753906,24.276397705078125,266.4545729930978,257.9650472005208,24.280125617980957,41.669921875,
training,stacked,,torch,9,ac,passed,,842466048,108,108,extension,experiments/l40s/results/loop-sweep/training-stacked-torch-r064-t09-ac.json,,,,,,,,,,,,,,,,,,,,,,108,108,0,0,float32,433.6896057128906,14.40787410736084,433.7270090036327,341.5186767578125,14.250652313232422,21.59375,
training,stacked,,torch,9,none,passed,,842466048,108,108,original,experiments/l40s/results/loop-baseline/training-stacked-torch-t09.json,,,,,,,,,,,,,,,,,,,,,,108,108,0,0,float32,297.7423400878906,26.900588989257812,297.7839329978451,289.0970458984375,26.901875495910645,33.537109375,
training,stacked,,torch,10,ac,passed,,927400704,120,120,extension,experiments/l40s/results/loop-sweep/training-stacked-torch-r064-t10-ac.json,,,,,,,,,,,,,,,,,,,,,,120,120,0,0,float32,477.1194763183594,15.777168273925781,477.1631650000927,374.5587158203125,15.508252143859863,23.296875,
training,stacked,,torch,10,none,passed,,927400704,120,120,original,experiments/l40s/results/loop-baseline/training-stacked-torch-t10.json,,,,,,,,,,,,,,,,,,,,,,120,120,0,0,float32,329.662353515625,29.5081787109375,329.72228199651,319.1050211588542,29.523625373840332,37.375,
training,stacked,,torch,11,ac,passed,,1012335360,132,132,extension,experiments/l40s/results/loop-sweep/training-stacked-torch-r064-t11-ac.json,,,,,,,,,,,,,,,,,,,,,,132,132,0,0,float32,535.5693969726562,16.961650848388672,535.6079109988059,408.8343912760417,16.766956329345703,25.0,
training,stacked,,torch,11,none,passed,,1012335360,132,132,original,experiments/l40s/results/loop-baseline/training-stacked-torch-t11.json,,,,,,,,,,,,,,,,,,,,,,132,132,0,0,float32,358.6529235839844,32.13334655761719,358.7097130002803,347.3636881510417,32.14537525177002,39.408203125,
training,stacked,,torch,12,ac,passed,,1097270016,144,144,extension,experiments/l40s/results/loop-sweep/training-stacked-torch-r064-t12-ac.json,,,,,,,,,,,,,,,,,,,,,,144,144,0,0,float32,584.0137939453125,18.36708354949951,584.0516220050631,443.4261474609375,18.026392936706543,27.099609375,
training,stacked,,torch,12,none,passed,,1097270016,144,144,original,experiments/l40s/results/loop-baseline/training-stacked-torch-t12.json,,,,,,,,,,,,,,,,,,,,,,144,144,0,0,float32,390.8884582519531,34.754119873046875,390.9315519995289,377.7204996744792,34.76712512969971,43.041015625,
training,stacked,,torch,13,ac,passed,,1182204672,156,156,extension,experiments/l40s/results/loop-sweep/training-stacked-torch-r064-t13-ac.json,,,,,,,,,,,,,,,,,,,,,,156,156,0,0,float32,627.7181396484375,19.659476280212402,627.7602550035226,478.9643147786458,19.284364700317383,28.841796875,
training,stacked,,torch,13,none,out_of_memory,training_graph,1182204672,156,156,original,experiments/l40s/results/loop-baseline/training-stacked-torch-t13.json,,,,,,,,,,,,,,,,,,,,,,156,156,0,0,float32,420.8650207519531,37.37440490722656,420.90445599751547,,,,
training,stacked,,torch,14,ac,passed,,1267139328,168,168,extension,experiments/l40s/results/loop-sweep/training-stacked-torch-r064-t14-ac.json,,,,,,,,,,,,,,,,,,,,,,168,168,0,0,float32,672.8018188476562,20.95248508453369,672.8475669951877,516.841796875,20.543063163757324,30.1796875,
training,stacked,,torch,14,none,out_of_memory,training_graph,1267139328,168,168,original,experiments/l40s/results/loop-baseline/training-stacked-torch-t14.json,,,,,,,,,,,,,,,,,,,,,,168,168,0,0,float32,450.1174621582031,39.99761962890625,450.1582149969181,,,,
training,stacked,,torch,15,ac,passed,,1352073984,180,180,extension,experiments/l40s/results/loop-sweep/training-stacked-torch-r064-t15-ac.json,,,,,,,,,,,,,,,,,,,,,,180,180,0,0,float32,729.18017578125,22.076048851013184,729.2242069961503,549.0790201822916,21.803958892822266,31.8984375,
training,stacked,,torch,15,none,out_of_memory,training_eager,1352073984,180,180,original,experiments/l40s/results/loop-baseline/training-stacked-torch-t15.json,,,,,,,,,,,,,,,,,,,,,,180,180,0,0,float32,,,,,,,
training,stacked,,torch,16,ac,passed,,1437008640,192,192,extension,experiments/l40s/results/loop-sweep/training-stacked-torch-r064-t16-ac.json,,,,,,,,,,,,,,,,,,,,,,192,192,0,0,float32,766.5631713867188,23.348541259765625,766.6049779945752,584.958984375,23.060096740722656,33.58203125,
training,stacked,,torch,16,none,out_of_memory,training_eager,1437008640,192,192,original,experiments/l40s/results/loop-baseline/training-stacked-torch-t16.json,,,,,,,,,,,,,,,,,,,,,,192,192,0,0,float32,,,,,,,
inference,attention_only,,tensor,1,none,passed,,162988800,12,12,research-baseline,experiments/l40s/results/research-baselines/inference-attention_only-tensor-t01-none.json,12.894207954406738,0.9314603805541992,12.921437999466434,7.836671829223633,0.9314603805541992,1.099609375,14.721216201782227,1.1429214477539062,14.744321997568477,8.230229059855143,1.1429214477539062,1.587890625,12.554240226745605,1.0027203559875488,12.577881003380753,0.9738240242004395,1.0027203559875488,1.208984375,144.1409912109375,0.0,235.6875,12,12,0,0,float32,,,,,,,
inference,attention_only,,tensor,2,none,passed,,162988800,24,12,research-baseline,experiments/l40s/results/research-baselines/inference-attention_only-tensor-t02-none.json,21.040128707885742,0.9318265914916992,21.062031999463215,11.613812764485678,0.9318265914916992,1.099609375,24.49203109741211,1.4250526428222656,24.5156879973365,12.398250579833984,1.4246864318847656,2.263671875,20.596736907958984,1.1438603401184082,20.61802199750673,1.484458605448405,1.1438603401184082,1.486328125,288.281982421875,0.0,235.6875,24,12,0,0,float32,,,,,,,
inference,attention_only,,tensor,3,none,passed,,162988800,36,12,research-baseline,experiments/l40s/results/research-baselines/inference-attention_only-tensor-t03-none.json,28.628992080688477,0.9314603805541992,28.655734000494704,15.316309611002604,0.9314603805541992,1.099609375,33.716224670410156,1.705718994140625,33.739641003194265,16.644437154134113,1.705718994140625,2.904296875,28.022783279418945,1.2842679023742676,28.043999001965858,1.9923307100931804,1.2842679023742676,1.810546875,432.4229736328125,0.0,235.6875,36,12,0,0,float32,,,,,,,
inference,attention_only,,tensor,4,none,passed,,162988800,48,12,research-baseline,experiments/l40s/results/research-baselines/inference-attention_only-tensor-t04-none.json,37.23161697387695,0.9318265914916992,37.25293900060933,19.09043248494466,0.9318265914916992,1.099609375,43.45036697387695,1.9878501892089844,43.47390199836809,20.875946044921875,1.9874839782714844,3.490234375,36.005889892578125,1.425407886505127,36.02741199574666,2.501973311106364,1.425407886505127,2.080078125,576.56396484375,0.0,235.6875,48,12,0,0,float32,,,,,,,
inference,attention_only,,tensor,5,none,passed,,162988800,60,12,research-baseline,experiments/l40s/results/research-baselines/inference-attention_only-tensor-t05-none.json,46.256126403808594,0.9314603805541992,46.28323599899886,22.681599934895832,0.9314603805541992,1.099609375,53.984256744384766,2.2685165405273438,54.01092499960214,25.0350824991862,2.2685165405273438,4.173828125,44.205055236816406,1.5658154487609863,44.2348399956245,3.0091946919759116,1.5658154487609863,2.404296875,720.7049560546875,0.0,235.6875,60,12,0,0,float32,,,,,,,
inference,attention_only,,tensor,6,none,passed,,162988800,72,12,research-baseline,experiments/l40s/results/research-baselines/inference-attention_only-tensor-t06-none.json,53.84601593017578,0.9318265914916992,53.86886600172147,26.502100626627605,0.9318265914916992,1.099609375,64.19369506835938,2.550647735595703,64.21596599830082,29.346817016601562,2.550281524658203,4.763671875,52.59452819824219,1.7069554328918457,52.61633000191068,3.5225601196289062,1.7069554328918457,2.697265625,864.845947265625,0.0,235.6875,72,12,0,0,float32,,,,,,,
inference,attention_only,,tensor,7,none,passed,,162988800,84,12,research-baseline,experiments/l40s/results/research-baselines/inference-attention_only-tensor-t07-none.json,63.59142303466797,0.9314603805541992,63.61739899875829,30.287872314453125,0.9314603805541992,1.099609375,76.40064239501953,2.8313140869140625,76.42285399924731,33.64897155761719,2.8313140869140625,5.361328125,61.59052658081055,1.847362995147705,61.61424799938686,4.028415997823079,1.847362995147705,2.998046875,1008.9869384765625,0.0,235.6875,84,12,0,0,float32,,,,,,,
inference,attention_only,,tensor,8,none,passed,,162988800,96,12,research-baseline,experiments/l40s/results/research-baselines/inference-attention_only-tensor-t08-none.json,70.81974029541016,0.9318265914916992,70.84683500579558,33.84045918782552,0.9318265914916992,1.099609375,83.44780731201172,3.113445281982422,83.47302699985448,37.61186218261719,3.113079071044922,5.951171875,68.2988510131836,1.9885029792785645,68.32330400357023,4.535296122233073,1.9885029792785645,3.291015625,1153.1279296875,0.0,235.6875,96,12,0,0,float32,,,,,,,
inference,attention_only,,tensor,9,none,passed,,162988800,108,12,research-baseline,experiments/l40s/results/research-baselines/inference-attention_only-tensor-t09-none.json,80.06246185302734,0.9314603805541992,80.0870590028353,37.494102478027344,0.9314603805541992,1.099609375,94.62169647216797,3.3941116333007812,94.64478000154486,41.76486460367838,3.3941116333007812,6.568359375,76.48051452636719,2.128910541534424,76.50447099877056,5.0418345133463545,2.128910541534424,3.591796875,1297.2689208984375,0.0,235.6875,108,12,0,0,float32,,,,,,,
inference,attention_only,,tensor,10,none,passed,,162988800,120,12,research-baseline,experiments/l40s/results/research-baselines/inference-attention_only-tensor-t10-none.json,85.25414276123047,0.9318265914916992,85.2757600005134,41.108479817708336,0.9318265914916992,1.099609375,100.99100494384766,3.6762428283691406,101.01793200010434,46.19161478678385,3.6758766174316406,7.138671875,84.52301025390625,2.270050525665283,84.55121899896767,5.554858525594075,2.270050525665283,3.884765625,1441.409912109375,0.0,235.6875,120,12,0,0,float32,,,,,,,
inference,attention_only,,tensor,11,none,passed,,162988800,132,12,research-baseline,experiments/l40s/results/research-baselines/inference-attention_only-tensor-t11-none.json,94.93708801269531,0.9314603805541992,94.96111999760615,44.91605122884115,0.9314603805541992,1.099609375,111.34982299804688,3.9569091796875,111.39298700436484,50.12373352050781,3.9569091796875,7.736328125,91.56607818603516,2.4104580879211426,91.58921500056749,6.061397552490234,2.4104580879211426,4.185546875,1585.5509033203125,0.0,235.6875,132,12,0,0,float32,,,,,,,
inference,attention_only,,tensor,12,none,passed,,162988800,144,12,research-baseline,experiments/l40s/results/research-baselines/inference-attention_only-tensor-t12-none.json,105.39225769042969,0.9318265914916992,105.41432299942244,48.66082255045573,0.9318265914916992,1.099609375,125.00889587402344,4.239040374755859,125.04040200292366,54.410176595052086,4.238674163818359,8.326171875,106.51667022705078,2.551598072052002,106.54081300162943,6.570325215657552,2.551598072052002,4.478515625,1729.69189453125,0.0,235.6875,144,12,0,0,float32,,,,,,,
inference,attention_only,,tensor,13,none,passed,,162988800,156,12,research-baseline,experiments/l40s/results/research-baselines/inference-attention_only-tensor-t13-none.json,115.81132507324219,0.9314603805541992,115.83353499736404,52.3697509765625,0.9314603805541992,1.099609375,134.2607421875,4.519706726074219,134.29121800436405,58.63867696126302,4.519706726074219,8.923828125,108.0791015625,2.6920056343078613,108.10875600145664,7.0795949300130205,2.6920056343078613,4.779296875,1873.8328857421875,0.0,235.6875,156,12,0,0,float32,,,,,,,
inference,attention_only,,tensor,14,none,passed,,162988800,168,12,research-baseline,experiments/l40s/results/research-baselines/inference-attention_only-tensor-t14-none.json,117.87468719482422,0.9318265914916992,117.90169500454795,56.27631123860677,0.9318265914916992,1.099609375,140.57472229003906,4.801837921142578,140.6220559947542,63.184855143229164,4.801471710205078,9.513671875,120.44204711914062,2.8331456184387207,120.4654280008981,7.591882705688477,2.8331456184387207,5.072265625,2017.973876953125,0.0,235.6875,168,12,0,0,float32,,,,,,,
inference,attention_only,,tensor,15,none,passed,,162988800,180,12,research-baseline,experiments/l40s/results/research-baselines/inference-attention_only-tensor-t15-none.json,135.88890075683594,0.9314603805541992,135.91650200396543,60.163411458333336,0.9314603805541992,1.099609375,152.27392578125,5.0825042724609375,152.3150600041845,67.71063232421875,5.0825042724609375,10.130859375,121.79145812988281,2.97355318069458,121.81469300412573,8.113834381103516,2.97355318069458,5.373046875,2162.1148681640625,0.0,235.6875,180,12,0,0,float32,,,,,,,
inference,attention_only,,tensor,16,none,passed,,162988800,192,12,research-baseline,experiments/l40s/results/research-baselines/inference-attention_only-tensor-t16-none.json,140.62489318847656,0.9318265914916992,140.64708599471487,63.465474446614586,0.9318265914916992,1.099609375,164.52928161621094,5.364635467529297,164.56177399959415,71.08164469401042,5.364269256591797,10.701171875,134.90074157714844,3.1146931648254395,134.92372501059435,8.601941426595053,3.1146931648254395,5.666015625,2306.255859375,0.0,235.6875,192,12,0,0,float32,,,,,,,
inference,attention_only,,torch,1,none,passed,,162988800,12,12,research-baseline,experiments/l40s/results/research-baselines/inference-attention_only-torch-t01-none.json,7.446688175201416,0.9382963180541992,7.475599006284028,7.003136316935222,0.9462308883666992,1.130859375,7.972864151000977,1.1497459411621094,8.005720999790356,7.4386240641276045,1.1576805114746094,1.615234375,6.281216144561768,1.0095248222351074,6.3031099998624995,1.3271040121714275,1.0174593925476074,1.240234375,144.140625,0.0,235.6875,12,12,0,0,float32,,,,,,,
inference,attention_only,,torch,2,none,passed,,162988800,24,12,research-baseline,experiments/l40s/results/research-baselines/inference-attention_only-torch-t02-none.json,10.891263961791992,0.9390287399291992,10.913631995208561,10.28334935506185,0.9469633102416992,1.107421875,11.933695793151855,1.4318656921386719,11.957678994804155,11.010389963785807,1.4398002624511719,2.294921875,10.24512004852295,1.15101957321167,10.274125997966621,2.0753067334493003,1.15895414352417,1.541015625,288.28125,0.0,235.6875,24,12,0,0,float32,,,,,,,
inference,attention_only,,torch,3,none,passed,,162988800,36,12,research-baseline,experiments/l40s/results/research-baselines/inference-attention_only-torch-t03-none.json,14.734335899353027,0.9382963180541992,14.754512994841207,13.593940734863281,0.9462308883666992,1.130859375,16.234495162963867,1.7125205993652344,16.25660600257106,14.866090138753256,1.7204551696777344,2.927734375,14.566304206848145,1.2910494804382324,14.58770599856507,2.8170239130655923,1.2989840507507324,1.818359375,432.421875,0.0,235.6875,36,12,0,0,float32,,,,,,,
inference,attention_only,,torch,4,none,passed,,162988800,48,12,research-baseline,experiments/l40s/results/research-baselines/inference-attention_only-torch-t04-none.json,18.287616729736328,0.9390287399291992,18.33319199795369,16.974165598551433,0.9469633102416992,1.107421875,20.563968658447266,1.9946403503417969,20.58557300188113,18.672640482584637,2.002574920654297,3.560546875,18.23744010925293,1.432544231414795,18.258178999531083,3.5618133544921875,1.440478801727295,2.134765625,576.5625,0.0,235.6875,48,12,0,0,float32,,,,,,,
inference,attention_only,,torch,5,none,passed,,162988800,60,12,research-baseline,experiments/l40s/results/research-baselines/inference-attention_only-torch-t05-none.json,22.26790428161621,0.9382963180541992,22.289114000159316,20.030804951985676,0.9462308883666992,1.130859375,25.350143432617188,2.2752952575683594,25.385364999237936,22.15355682373047,2.2832298278808594,4.201171875,22.384607315063477,1.5725741386413574,22.406746000342537,4.304554621378581,1.5805087089538574,2.435546875,720.703125,0.0,235.6875,60,12,0,0,float32,,,,,,,
inference,attention_only,,torch,6,none,passed,,162988800,72,12,research-baseline,experiments/l40s/results/research-baselines/inference-attention_only-torch-t06-none.json,25.74233627319336,0.9390287399291992,25.788858001760673,23.317161560058594,0.9469633102416992,1.107421875,29.271039962768555,2.557415008544922,29.292894003447145,26.032127380371094,2.565349578857422,4.830078125,25.602048873901367,1.71406888961792,25.622692999604624,5.058218638102214,1.72200345993042,2.728515625,864.84375,0.0,235.6875,72,12,0,0,float32,,,,,,,
inference,attention_only,,torch,7,none,passed,,162988800,84,12,research-baseline,experiments/l40s/results/research-baselines/inference-attention_only-torch-t07-none.json,31.006752014160156,0.9382963180541992,31.029222001961898,26.64208984375,0.9462308883666992,1.130859375,33.85036849975586,2.8380699157714844,33.874123997520655,29.912747701009113,2.8460044860839844,5.388671875,29.603839874267578,1.8540987968444824,29.627226998854894,5.799253463745117,1.8620333671569824,3.029296875,1008.984375,0.0,235.6875,84,12,0,0,float32,,,,,,,
inference,attention_only,,torch,8,none,passed,,162988800,96,12,research-baseline,experiments/l40s/results/research-baselines/inference-attention_only-torch-t08-none.json,35.86764907836914,0.9390287399291992,35.90991500095697,29.6802978515625,0.9469633102416992,1.107421875,40.434688568115234,3.120189666748047,40.463374003593344,33.26976013183594,3.128124237060547,5.978515625,34.139007568359375,1.995593547821045,34.16096599539742,6.54097048441569,2.003528118133545,3.322265625,1153.125,0.0,235.6875,96,12,0,0,float32,,,,,,,
inference,attention_only,,torch,9,none,passed,,162988800,108,12,research-baseline,experiments/l40s/results/research-baselines/inference-attention_only-torch-t09-none.json,38.53721618652344,0.9382963180541992,38.561171997571364,32.81168111165365,0.9462308883666992,1.130859375,42.78681564331055,3.4008445739746094,42.816243003471754,36.87867736816406,3.4087791442871094,6.615234375,37.3309440612793,2.1356234550476074,37.3542239976814,7.28541882832845,2.1435580253601074,3.623046875,1297.265625,0.0,235.6875,108,12,0,0,float32,,,,,,,
inference,attention_only,,torch,10,none,passed,,162988800,120,12,research-baseline,experiments/l40s/results/research-baselines/inference-attention_only-torch-t10-none.json,42.35059356689453,0.9390287399291992,42.37169000407448,36.49263000488281,0.9469633102416992,1.107421875,49.562625885009766,3.682964324951172,49.59755899471929,41.050793965657554,3.690898895263672,7.166015625,42.53184127807617,2.27711820602417,42.57033400062937,8.030143737792969,2.28505277633667,3.916015625,1441.40625,0.0,235.6875,120,12,0,0,float32,,,,,,,
inference,attention_only,,torch,11,none,passed,,162988800,132,12,research-baseline,experiments/l40s/results/research-baselines/inference-attention_only-torch-t11-none.json,48.071678161621094,0.9382963180541992,48.093492005136795,39.30077870686849,0.9462308883666992,1.130859375,53.195777893066406,3.9636192321777344,53.22640200029127,44.282877604166664,3.9715538024902344,7.763671875,47.085567474365234,2.4171481132507324,47.10996900394093,8.77294921875,2.4250826835632324,4.216796875,1585.546875,0.0,235.6875,132,12,0,0,float32,,,,,,,
inference,attention_only,,torch,12,none,passed,,162988800,144,12,research-baseline,experiments/l40s/results/research-baselines/inference-attention_only-torch-t12-none.json,50.41459274291992,0.9390287399291992,50.43933499837294,42.692606608072914,0.9469633102416992,1.107421875,56.590335845947266,4.245738983154297,56.62374800158432,48.149495442708336,4.253673553466797,8.392578125,50.7770881652832,2.558642864227295,50.80036399886012,9.519765218098959,2.566577434539795,4.509765625,1729.6875,0.0,235.6875,144,12,0,0,float32,,,,,,,
inference,attention_only,,torch,13,none,passed,,162988800,156,12,research-baseline,experiments/l40s/results/research-baselines/inference-attention_only-torch-t13-none.json,54.381568908691406,0.9382963180541992,54.40328300028341,45.91718546549479,0.9462308883666992,1.130859375,60.732574462890625,4.526393890380859,60.772053999244235,52.001790364583336,4.534328460693359,8.951171875,53.06470489501953,2.6986727714538574,53.10344899771735,10.26146125793457,2.7066073417663574,4.810546875,1873.828125,0.0,235.6875,156,12,0,0,float32,,,,,,,
inference,attention_only,,torch,14,none,passed,,162988800,168,12,research-baseline,experiments/l40s/results/research-baselines/inference-attention_only-torch-t14-none.json,56.41932678222656,0.9390287399291992,56.44237099477323,49.617919921875,0.9469633102416992,1.107421875,64.86822509765625,4.808513641357422,64.90810800460167,56.086527506510414,4.816448211669922,9.541015625,56.720542907714844,2.84016752243042,56.743330002063885,11.017898559570312,2.84810209274292,5.103515625,2017.96875,0.0,235.6875,168,12,0,0,float32,,,,,,,
inference,attention_only,,torch,15,none,passed,,162988800,180,12,research-baseline,experiments/l40s/results/research-baselines/inference-attention_only-torch-t15-none.json,62.5346565246582,0.9382963180541992,62.556886005040724,52.9090576171875,0.9462308883666992,1.130859375,70.77069091796875,5.089168548583984,70.80398600373883,59.7947743733724,5.097103118896484,10.177734375,67.14559936523438,2.9801974296569824,67.16829199285712,11.760981241861979,2.9881319999694824,5.404296875,2162.109375,0.0,235.6875,180,12,0,0,float32,,,,,,,
inference,attention_only,,torch,16,none,passed,,162988800,192,12,research-baseline,experiments/l40s/results/research-baselines/inference-attention_only-torch-t16-none.json,70.60070037841797,0.9390287399291992,70.62934500572737,55.53868611653646,0.9469633102416992,1.107421875,74.72838592529297,5.371288299560547,74.7594980057329,63.115946451822914,5.379222869873047,10.728515625,68.8199691772461,3.121692180633545,68.84586499654688,12.496554056803385,3.129626750946045,5.697265625,2306.25,0.0,235.6875,192,12,0,0,float32,,,,,,,
inference,grt,,tensor,1,none,passed,,165960960,12,12,research-baseline,experiments/l40s/results/research-baselines/inference-grt-tensor-t01-none.json,12.44979190826416,1.0245723724365234,12.473276001401246,8.014506657918295,1.0245723724365234,1.201171875,14.18841552734375,1.1598615646362305,14.210139997885562,8.461311976114908,1.1598615646362305,1.603515625,12.037152290344238,1.0196833610534668,12.06337999610696,0.9878186384836832,1.0196833610534668,1.228515625,144.1409912109375,0.0,241.3125,12,12,1,1,bfloat16,,,,,,,
inference,grt,,tensor,2,none,passed,,165960960,20,12,research-baseline,experiments/l40s/results/research-baselines/inference-grt-tensor-t02-none.json,19.787776947021484,1.0362911224365234,19.80990800075233,13.266591389973959,1.0362911224365234,1.236328125,22.75209617614746,1.3474607467651367,22.777455997129437,14.044843037923178,1.3474607467651367,2.087890625,19.352575302124023,1.11354398727417,19.3755290019908,1.5366826057434082,1.11354398727417,1.443359375,240.2349853515625,0.0,241.3125,20,20,2,2,bfloat16,,,,,,,
inference,grt,,tensor,3,none,passed,,165960960,28,12,research-baseline,experiments/l40s/results/research-baselines/inference-grt-tensor-t03-none.json,28.057472229003906,1.0362911224365234,28.07930099515943,18.457258860270183,1.0362911224365234,1.236328125,31.905792236328125,1.535059928894043,31.930862001900095,19.590794881184895,1.535059928894043,2.529296875,26.93836784362793,1.2073931694030762,26.963932999933604,2.0882773399353027,1.2073931694030762,1.634765625,336.3289794921875,0.0,241.3125,28,28,3,3,bfloat16,,,,,,,
inference,grt,,tensor,4,none,passed,,165960960,36,12,research-baseline,experiments/l40s/results/research-baselines/inference-grt-tensor-t04-none.json,35.25734329223633,1.0362911224365234,35.28061199904187,23.533182779947918,1.0362911224365234,1.236328125,39.87968063354492,1.7226591110229492,39.903501005028374,24.97638448079427,1.7226591110229492,2.951171875,34.52617645263672,1.3012423515319824,34.54827400128124,2.637824058532715,1.3012423515319824,1.826171875,432.4229736328125,0.0,241.3125,36,36,4,4,bfloat16,,,,,,,
inference,grt,,tensor,5,none,passed,,165960960,44,12,research-baseline,experiments/l40s/results/research-baselines/inference-grt-tensor-t05-none.json,41.5365104675293,1.0362911224365234,41.56121800042456,28.838218688964844,1.0362911224365234,1.236328125,47.543296813964844,1.9102582931518555,47.567742003593594,30.62749989827474,1.9102582931518555,3.412109375,40.21964645385742,1.3950915336608887,40.244415002234746,3.189077377319336,1.3950915336608887,2.037109375,528.5169677734375,0.0,241.3125,44,44,5,5,bfloat16,,,,,,,
inference,grt,,tensor,6,none,passed,,165960960,52,12,research-baseline,experiments/l40s/results/research-baselines/inference-grt-tensor-t06-none.json,50.58969497680664,1.0362911224365234,50.61286099953577,34.28010559082031,1.0362911224365234,1.236328125,57.797630310058594,2.0978574752807617,57.82213200291153,36.40968577067057,2.0978574752807617,3.873046875,49.537025451660156,1.488940715789795,49.566944006073754,3.736234664916992,1.488940715789795,2.228515625,624.6109619140625,0.0,241.3125,52,52,6,6,bfloat16,,,,,,,
inference,grt,,tensor,7,none,passed,,165960960,60,12,research-baseline,experiments/l40s/results/research-baselines/inference-grt-tensor-t07-none.json,59.10835266113281,1.0362911224365234,59.13814600353362,39.532203674316406,1.0362911224365234,1.236328125,65.002685546875,2.285456657409668,65.02789500518702,42.007893880208336,2.285456657409668,4.314453125,57.8232307434082,1.5827898979187012,57.84564100031275,4.286805470784505,1.5827898979187012,2.419921875,720.7049560546875,0.0,241.3125,60,60,7,7,bfloat16,,,,,,,
inference,grt,,tensor,8,none,passed,,165960960,68,12,research-baseline,experiments/l40s/results/research-baselines/inference-grt-tensor-t08-none.json,66.25273895263672,1.0362911224365234,66.27892299729865,44.84539794921875,1.0362911224365234,1.236328125,77.27922821044922,2.473055839538574,77.30111999990186,47.59347025553385,2.473055839538574,4.775390625,63.289344787597656,1.6766390800476074,63.31862099614227,4.842154820760091,1.6766390800476074,2.630859375,816.7989501953125,0.0,241.3125,68,68,8,8,bfloat16,,,,,,,
inference,grt,,tensor,9,none,passed,,165960960,76,12,research-baseline,experiments/l40s/results/research-baselines/inference-grt-tensor-t09-none.json,71.26214599609375,1.0362911224365234,71.2872910007718,49.816914876302086,1.0362911224365234,1.236328125,80.30719757080078,2.6606550216674805,80.32981999713229,52.972147623697914,2.6606550216674805,5.216796875,68.16563415527344,1.7704882621765137,68.18779899913352,5.381120045979817,1.7704882621765137,2.822265625,912.8929443359375,0.0,241.3125,76,76,9,9,bfloat16,,,,,,,
inference,grt,,tensor,10,none,passed,,165960960,84,12,research-baseline,experiments/l40s/results/research-baselines/inference-grt-tensor-t10-none.json,81.85343933105469,1.0362911224365234,81.87592000467703,55.07515970865885,1.0362911224365234,1.236328125,93.77792358398438,2.8482542037963867,93.79960499791196,58.50760396321615,2.8482542037963867,5.658203125,79.61190032958984,1.86433744430542,79.63573600136442,5.928618748982747,1.86433744430542,3.013671875,1008.9869384765625,0.0,241.3125,84,84,10,10,bfloat16,,,,,,,
inference,grt,,tensor,11,none,passed,,165960960,92,12,research-baseline,experiments/l40s/results/research-baselines/inference-grt-tensor-t11-none.json,87.05433654785156,1.0362911224365234,87.07960799802095,60.27946472167969,1.0362911224365234,1.236328125,102.32332611083984,3.035853385925293,102.34787000081269,64.09314982096355,3.035853385925293,6.119140625,89.25389099121094,1.9581866264343262,89.27980000589741,6.483285268147786,1.9581866264343262,3.224609375,1105.0809326171875,0.0,241.3125,92,92,11,11,bfloat16,,,,,,,
inference,grt,,tensor,12,none,passed,,165960960,100,12,research-baseline,experiments/l40s/results/research-baselines/inference-grt-tensor-t12-none.json,93.49427032470703,1.0362911224365234,93.51520999916829,65.45271301269531,1.0362911224365234,1.236328125,105.03167724609375,3.223452568054199,105.05470700445585,69.60810852050781,3.223452568054199,6.560546875,89.07673645019531,2.0520358085632324,89.09953400143422,7.026325225830078,2.0520358085632324,3.416015625,1201.1749267578125,0.0,241.3125,100,100,12,12,bfloat16,,,,,,,
inference,grt,,tensor,13,none,passed,,165960960,108,12,research-baseline,experiments/l40s/results/research-baselines/inference-grt-tensor-t13-none.json,104.57804870605469,1.0362911224365234,104.59960000298452,70.77000427246094,1.0362911224365234,1.236328125,118.71539306640625,3.4110517501831055,118.76551399473101,75.30393473307292,3.4110517501831055,7.001953125,101.27359771728516,2.1458849906921387,101.297645996965,7.576576232910156,2.1458849906921387,3.607421875,1297.2689208984375,0.0,241.3125,108,108,13,13,bfloat16,,,,,,,
inference,grt,,tensor,14,none,passed,,165960960,116,12,research-baseline,experiments/l40s/results/research-baselines/inference-grt-tensor-t14-none.json,114.66342163085938,1.0362911224365234,114.68633400363615,76.05623372395833,1.0362911224365234,1.236328125,129.64959716796875,3.5986509323120117,129.67367799865315,80.94822184244792,3.5986509323120117,7.462890625,105.55084991455078,2.239734172821045,105.57413300557528,8.130559921264648,2.239734172821045,3.818359375,1393.3629150390625,0.0,241.3125,116,116,14,14,bfloat16,,,,,,,
inference,grt,,tensor,15,none,passed,,165960960,124,12,research-baseline,experiments/l40s/results/research-baselines/inference-grt-tensor-t15-none.json,118.64969635009766,1.0362911224365234,118.6712519993307,83.97341918945312,1.0362911224365234,1.236328125,136.2677764892578,3.786250114440918,136.2899939995259,87.8376973470052,3.786250114440918,7.904296875,115.54303741455078,2.333583354949951,115.57015099970158,8.69102923075358,2.333583354949951,4.009765625,1489.4569091796875,0.0,241.3125,124,124,15,15,bfloat16,,,,,,,
inference,grt,,tensor,16,none,passed,,165960960,132,12,research-baseline,experiments/l40s/results/research-baselines/inference-grt-tensor-t16-none.json,131.35360717773438,1.0362911224365234,131.38579099904746,89.07468668619792,1.0362911224365234,1.236328125,157.7646026611328,3.973849296569824,157.81401499407366,94.15469360351562,3.973849296569824,8.345703125,125.72978973388672,2.4274325370788574,125.7569129957119,9.240234375,2.4274325370788574,4.201171875,1585.5509033203125,0.0,241.3125,132,132,16,16,bfloat16,,,,,,,
inference,grt,,torch,1,none,passed,,165960960,12,12,research-baseline,experiments/l40s/results/research-baselines/inference-grt-torch-t01-none.json,7.616511821746826,1.0343379974365234,7.640041003469378,7.255722681681315,1.0422725677490234,1.244140625,8.128671646118164,1.1696157455444336,8.156431998941116,7.670442581176758,1.1775503158569336,1.642578125,5.891071796417236,1.0294175148010254,5.912817003263626,1.2980906963348389,1.0373520851135254,1.255859375,144.140625,0.0,241.3125,12,12,1,1,bfloat16,,,,,,,
inference,grt,,torch,2,none,passed,,165960960,20,12,research-baseline,experiments/l40s/results/research-baselines/inference-grt-torch-t02-none.json,12.80508804321289,1.0453243255615234,12.831220003135968,12.269908905029297,1.0532588958740234,1.267578125,13.606911659240723,1.3564748764038086,13.629517001390923,12.92629369099935,1.3644094467163086,2.076171875,9.612288475036621,1.1225380897521973,9.632955006964039,2.1015893618265786,1.1304726600646973,1.455078125,240.234375,0.0,241.3125,20,20,2,2,bfloat16,,,,,,,
inference,grt,,torch,3,none,passed,,165960960,28,12,research-baseline,experiments/l40s/results/research-baselines/inference-grt-torch-t03-none.json,17.843008041381836,1.0453243255615234,17.870190997200552,17.054720560709637,1.0532588958740234,1.267578125,18.910144805908203,1.5440664291381836,18.93953900435008,17.99679946899414,1.5520009994506836,2.517578125,13.015040397644043,1.2163796424865723,13.036112999543548,2.904063860575358,1.2243142127990723,1.666015625,336.328125,0.0,241.3125,28,28,3,3,bfloat16,,,,,,,
inference,grt,,torch,4,none,passed,,165960960,36,12,research-baseline,experiments/l40s/results/research-baselines/inference-grt-torch-t04-none.json,22.907840728759766,1.0453243255615234,22.934282998903655,21.917012532552082,1.0532588958740234,1.267578125,24.27903938293457,1.7316579818725586,24.31032699678326,23.1724370320638,1.7395925521850586,2.978515625,16.98099136352539,1.3102211952209473,17.002423002850264,3.7068799336751304,1.3181557655334473,1.857421875,432.421875,0.0,241.3125,36,36,4,4,bfloat16,,,,,,,
inference,grt,,torch,5,none,passed,,165960960,44,12,research-baseline,experiments/l40s/results/research-baselines/inference-grt-torch-t05-none.json,27.777023315429688,1.0453243255615234,27.807321996078826,26.64618682861328,1.0532588958740234,1.267578125,29.452224731445312,1.9192495346069336,29.482573001587298,28.162729899088543,1.9271841049194336,3.439453125,20.729856491088867,1.4040627479553223,20.750260999193415,4.508330663045247,1.4119973182678223,2.068359375,528.515625,0.0,241.3125,44,44,5,5,bfloat16,,,,,,,
inference,grt,,torch,6,none,passed,,165960960,52,12,research-baseline,experiments/l40s/results/research-baselines/inference-grt-torch-t06-none.json,33.08134460449219,1.0453243255615234,33.11545099859359,31.831380208333332,1.0532588958740234,1.267578125,35.148799896240234,2.1068410873413086,35.19450200110441,33.633280436197914,2.1147756576538086,3.880859375,23.377887725830078,1.4979043006896973,23.41282799898181,5.315925280253093,1.5058388710021973,2.259765625,624.609375,0.0,241.3125,52,52,6,6,bfloat16,,,,,,,
inference,grt,,torch,7,none,passed,,165960960,60,12,research-baseline,experiments/l40s/results/research-baselines/inference-grt-torch-t07-none.json,38.23923110961914,1.0453243255615234,38.267891002760734,36.78173828125,1.0532588958740234,1.267578125,40.56576156616211,2.2944326400756836,40.59460800635861,38.96080017089844,2.3023672103881836,4.341796875,27.73504066467285,1.5917458534240723,27.75903500150889,6.118399937947591,1.5996804237365723,2.451171875,720.703125,0.0,241.3125,60,60,7,7,bfloat16,,,,,,,
inference,grt,,torch,8,none,passed,,165960960,68,12,research-baseline,experiments/l40s/results/research-baselines/inference-grt-torch-t08-none.json,43.23628616333008,1.0453243255615234,43.2662250022986,41.43274688720703,1.0532588958740234,1.267578125,45.690879821777344,2.4820241928100586,45.72176500369096,43.76507568359375,2.4899587631225586,4.802734375,32.95232009887695,1.6855874061584473,32.97346700128401,6.914389292399089,1.6935219764709473,2.662109375,816.796875,0.0,241.3125,68,68,8,8,bfloat16,,,,,,,
inference,grt,,torch,9,none,passed,,165960960,76,12,research-baseline,experiments/l40s/results/research-baselines/inference-grt-torch-t09-none.json,47.980350494384766,1.0453243255615234,48.00784699909855,46.21721394856771,1.0532588958740234,1.267578125,50.91932678222656,2.6696157455444336,50.949254000443034,48.76731872558594,2.6775503158569336,5.224609375,35.77558517456055,1.7794289588928223,35.800903002382256,7.715840021769206,1.7873635292053223,2.853515625,912.890625,0.0,241.3125,76,76,9,9,bfloat16,,,,,,,
inference,grt,,torch,10,none,passed,,165960960,84,12,research-baseline,experiments/l40s/results/research-baselines/inference-grt-torch-t10-none.json,53.27769470214844,1.0453243255615234,53.31731700425735,51.2300059000651,1.0532588958740234,1.267578125,56.52703857421875,2.8572072982788086,56.55904499872122,54.14702860514323,2.8651418685913086,5.685546875,38.573055267333984,1.8732705116271973,38.59439799998654,8.520992279052734,1.8812050819396973,3.044921875,1008.984375,0.0,241.3125,84,84,10,10,bfloat16,,,,,,,
inference,grt,,torch,11,none,passed,,165960960,92,12,research-baseline,experiments/l40s/results/research-baselines/inference-grt-torch-t11-none.json,65.4755859375,1.0453243255615234,65.5135579945636,55.81585184733073,1.0532588958740234,1.267578125,61.504512786865234,3.0447988510131836,61.54576500557596,59.00458780924479,3.0527334213256836,6.146484375,41.422847747802734,1.9671120643615723,41.44533799990313,9.326250712076822,1.9750466346740723,3.255859375,1105.078125,0.0,241.3125,92,92,11,11,bfloat16,,,,,,,
inference,grt,,torch,12,none,passed,,165960960,100,12,research-baseline,experiments/l40s/results/research-baselines/inference-grt-torch-t12-none.json,63.41007995605469,1.0453243255615234,63.4391260027769,60.91226704915365,1.0532588958740234,1.267578125,67.17142486572266,3.2323904037475586,67.2043209997355,64.45977783203125,3.2403249740600586,6.568359375,45.84038543701172,2.0609536170959473,45.86338499939302,10.12940788269043,2.0688881874084473,3.447265625,1201.171875,0.0,241.3125,100,100,12,12,bfloat16,,,,,,,
inference,grt,,torch,13,none,passed,,165960960,108,12,research-baseline,experiments/l40s/results/research-baselines/inference-grt-torch-t13-none.json,68.38179016113281,1.0453243255615234,68.41136300499784,65.82886250813802,1.0532588958740234,1.267578125,72.57894134521484,3.4199819564819336,72.61012600065442,69.7139180501302,3.4279165267944336,7.029296875,48.119808197021484,2.1547951698303223,48.141264996957034,10.93014399210612,2.1627297401428223,3.638671875,1297.265625,0.0,241.3125,108,108,13,13,bfloat16,,,,,,,
inference,grt,,torch,14,none,passed,,165960960,116,12,research-baseline,experiments/l40s/results/research-baselines/inference-grt-torch-t14-none.json,73.38700866699219,1.0453243255615234,73.43908999609994,70.82734680175781,1.0532588958740234,1.267578125,77.9130859375,3.6075735092163086,77.94407800247427,74.75677998860677,3.6155080795288086,7.490234375,53.733375549316406,2.2486367225646973,53.757064997626,11.729237874348959,2.2565712928771973,3.849609375,1393.359375,0.0,241.3125,116,116,14,14,bfloat16,,,,,,,
inference,grt,,torch,15,none,passed,,165960960,124,12,research-baseline,experiments/l40s/results/research-baselines/inference-grt-torch-t15-none.json,78.84595489501953,1.0453243255615234,78.88323899533134,75.91560363769531,1.0532588958740234,1.267578125,83.42015838623047,3.7951650619506836,83.46998199704103,80.32836405436198,3.8030996322631836,7.912109375,57.659393310546875,2.3424782752990723,57.682161997945514,12.538495381673178,2.3504128456115723,4.041015625,1489.453125,0.0,241.3125,124,124,15,15,bfloat16,,,,,,,
inference,grt,,torch,16,none,passed,,165960960,132,12,research-baseline,experiments/l40s/results/research-baselines/inference-grt-torch-t16-none.json,84.12876892089844,1.0453243255615234,84.16231800219975,80.89122009277344,1.0532588958740234,1.267578125,89.26617431640625,3.9827566146850586,89.29663000162691,85.84499104817708,3.9906911849975586,8.373046875,61.34681701660156,2.4363198280334473,61.38391199056059,13.346815745035807,2.4442543983459473,4.232421875,1585.546875,0.0,241.3125,132,132,16,16,bfloat16,,,,,,,
inference,lpt,,tensor,1,none,passed,,162988800,12,12,research-baseline,experiments/l40s/results/research-baselines/inference-lpt-tensor-t01-none.json,12.698464393615723,1.1128568649291992,12.720052000076976,7.827114741007487,1.1128568649291992,1.400390625,14.172160148620605,1.1426773071289062,14.193597999110352,8.258218765258789,1.1426773071289062,1.556640625,12.444512367248535,1.0024762153625488,12.46453700150596,0.976213296254476,1.0024762153625488,1.205078125,144.1409912109375,0.0,235.6875,12,12,0,0,float32,,,,,,,
inference,lpt,,tensor,2,none,passed,,162988800,24,12,research-baseline,experiments/l40s/results/research-baselines/inference-lpt-tensor-t02-none.json,24.888320922851562,1.1245756149291992,24.909250998462085,16.022869110107422,1.1245756149291992,1.423828125,28.97305679321289,1.2929725646972656,28.997332003200427,16.676522572835285,1.2929725646972656,1.857421875,24.143871307373047,1.0114140510559082,24.169559001165908,1.8148694038391113,1.0114140510559082,1.35546875,153.281982421875,0.0,235.6875,24,24,0,0,float32,,,,,,,
inference,lpt,,tensor,3,none,passed,,162988800,36,12,research-baseline,experiments/l40s/results/research-baselines/inference-lpt-tensor-t03-none.json,36.50969696044922,1.1245756149291992,36.53229199699126,24.247296651204426,1.1245756149291992,1.423828125,42.61062240600586,1.442535400390625,42.63891899609007,25.081514994303387,1.442535400390625,2.158203125,35.766143798828125,1.0203518867492676,35.788200999377295,2.6466986338297525,1.0203518867492676,1.505859375,162.4229736328125,0.0,235.6875,36,36,0,0,float32,,,,,,,
inference,lpt,,tensor,4,none,passed,,162988800,48,12,research-baseline,experiments/l40s/results/research-baselines/inference-lpt-tensor-t04-none.json,48.91340637207031,1.1245756149291992,48.93452000396792,32.501078287760414,1.1245756149291992,1.423828125,57.336830139160156,1.5920982360839844,57.36896199960029,33.57559458414713,1.5920982360839844,2.458984375,47.025150299072266,1.029289722442627,47.0568570017349,3.4802347819010415,1.029289722442627,1.65625,171.56396484375,0.0,235.6875,48,48,0,0,float32,,,,,,,
inference,lpt,,tensor,5,none,passed,,162988800,60,12,research-baseline,experiments/l40s/results/research-baselines/inference-lpt-tensor-t05-none.json,62.0503044128418,1.1245756149291992,62.072299006104004,40.93948872884115,1.1245756149291992,1.423828125,72.24422454833984,1.7416610717773438,72.26883700059261,42.206207275390625,1.7416610717773438,2.755859375,58.97520065307617,1.0382275581359863,58.997920001274906,4.321621259053548,1.0382275581359863,1.8046875,180.7049560546875,0.0,235.6875,60,60,0,0,float32,,,,,,,
inference,lpt,,tensor,6,none,passed,,162988800,72,12,research-baseline,experiments/l40s/results/research-baselines/inference-lpt-tensor-t06-none.json,74.38642883300781,1.1245756149291992,74.41074499365641,49.163604736328125,1.1245756149291992,1.423828125,86.24639892578125,1.8912239074707031,86.27126600185875,50.69721476236979,1.8912239074707031,3.056640625,70.02623748779297,1.0471653938293457,70.04940500337398,5.151061375935872,1.0471653938293457,1.955078125,189.845947265625,0.0,235.6875,72,72,0,0,float32,,,,,,,
inference,lpt,,tensor,7,none,passed,,162988800,84,12,research-baseline,experiments/l40s/results/research-baselines/inference-lpt-tensor-t07-none.json,85.36473846435547,1.1245756149291992,85.38846600276884,57.48872375488281,1.1245756149291992,1.423828125,98.5169906616211,2.0407867431640625,98.54268100025365,59.25751241048177,2.0407867431640625,3.357421875,81.21548461914062,1.056103229522705,81.23802600312047,5.985962549845378,1.056103229522705,2.10546875,198.9869384765625,0.0,235.6875,84,84,0,0,float32,,,,,,,
inference,lpt,,tensor,8,none,passed,,162988800,96,12,research-baseline,experiments/l40s/results/research-baselines/inference-lpt-tensor-t08-none.json,101.82950592041016,1.1245756149291992,101.85230399656575,65.87358093261719,1.1245756149291992,1.423828125,117.94534301757812,2.190349578857422,117.9721119988244,67.77477518717448,2.190349578857422,3.658203125,100.95820617675781,1.0650410652160645,100.98302199912723,6.82154655456543,1.0650410652160645,2.255859375,208.1279296875,0.0,235.6875,96,96,0,0,float32,,,,,,,
inference,lpt,,tensor,9,none,passed,,162988800,108,12,research-baseline,experiments/l40s/results/research-baselines/inference-lpt-tensor-t09-none.json,111.46752166748047,1.1245756149291992,111.5003889935906,73.3450215657552,1.1245756149291992,1.423828125,129.62815856933594,2.3399124145507812,129.6546980011044,75.46566263834636,2.3399124145507812,3.958984375,104.48387145996094,1.0739789009094238,104.51053699944168,7.636650721232097,1.0739789009094238,2.40625,217.2689208984375,0.0,235.6875,108,108,0,0,float32,,,,,,,
inference,lpt,,tensor,10,none,passed,,162988800,120,12,research-baseline,experiments/l40s/results/research-baselines/inference-lpt-tensor-t10-none.json,126.35443115234375,1.1245756149291992,126.37799300136976,81.63601175944011,1.1245756149291992,1.423828125,147.19879150390625,2.4894752502441406,147.22530400467804,83.93250020345052,2.4894752502441406,4.255859375,119.36870574951172,1.0829167366027832,119.39372699998785,8.472234725952148,1.0829167366027832,2.5546875,226.409912109375,0.0,235.6875,120,120,0,0,float32,,,,,,,
inference,lpt,,tensor,11,none,passed,,162988800,132,12,research-baseline,experiments/l40s/results/research-baselines/inference-lpt-tensor-t11-none.json,137.30508422851562,1.1245756149291992,137.33807800599607,90.1570536295573,1.1245756149291992,1.423828125,161.9978485107422,2.6390380859375,162.02600600081496,93.02425130208333,2.6390380859375,4.556640625,129.30047607421875,1.0918545722961426,129.32575099694077,9.320074717203775,1.0918545722961426,2.705078125,235.5509033203125,0.0,235.6875,132,132,0,0,float32,,,,,,,
inference,lpt,,tensor,12,none,passed,,162988800,144,12,research-baseline,experiments/l40s/results/research-baselines/inference-lpt-tensor-t12-none.json,152.7132110595703,1.1245756149291992,152.74144500290276,102.50171915690105,1.1245756149291992,1.423828125,177.41311645507812,2.7886009216308594,177.4374610031373,104.08174641927083,2.7886009216308594,4.857421875,150.97549438476562,1.100792407989502,151.0031549987616,10.159786860148111,1.100792407989502,2.85546875,244.69189453125,0.0,235.6875,144,144,0,0,float32,,,,,,,
inference,lpt,,tensor,13,none,passed,,162988800,156,12,research-baseline,experiments/l40s/results/research-baselines/inference-lpt-tensor-t13-none.json,168.48486328125,1.1245756149291992,168.50799499661662,106.55641682942708,1.1245756149291992,1.423828125,187.30496215820312,2.9381637573242188,187.33350500406232,109.40210978190105,2.9381637573242188,5.158203125,162.55999755859375,1.1097302436828613,162.58464899874525,10.971818288167318,1.1097302436828613,3.005859375,253.8328857421875,0.0,235.6875,156,156,0,0,float32,,,,,,,
inference,lpt,,tensor,14,none,passed,,162988800,168,12,research-baseline,experiments/l40s/results/research-baselines/inference-lpt-tensor-t14-none.json,180.3837432861328,1.1245756149291992,180.41182599699823,114.57877604166667,1.1245756149291992,1.423828125,213.9166717529297,3.087726593017578,213.9446439978201,117.5521240234375,3.087726593017578,5.458984375,170.38131713867188,1.1186680793762207,170.40589100361103,11.800576527913412,1.1186680793762207,3.15625,262.973876953125,0.0,235.6875,168,168,0,0,float32,,,,,,,
inference,lpt,,tensor,15,none,passed,,162988800,180,12,research-baseline,experiments/l40s/results/research-baselines/inference-lpt-tensor-t15-none.json,189.59872436523438,1.1245756149291992,189.62180099333636,122.98922729492188,1.1245756149291992,1.423828125,223.59039306640625,3.2372894287109375,223.6174130011932,125.7154541015625,3.2372894287109375,5.755859375,189.51065063476562,1.12760591506958,189.53482199867722,12.630699157714844,1.12760591506958,3.3046875,272.1148681640625,0.0,235.6875,180,180,0,0,float32,,,,,,,
inference,lpt,,tensor,16,none,passed,,162988800,192,12,research-baseline,experiments/l40s/results/research-baselines/inference-lpt-tensor-t16-none.json,201.50064086914062,1.1245756149291992,201.52444599807495,132.38579305013022,1.1245756149291992,1.423828125,232.9712677001953,3.386852264404297,233.00156099867309,135.7479248046875,3.386852264404297,6.056640625,190.023681640625,1.1365437507629395,190.0537749970681,13.549908955891928,1.1365437507629395,3.455078125,281.255859375,0.0,235.6875,192,192,0,0,float32,,,,,,,
inference,lpt,,torch,1,none,passed,,162988800,12,12,research-baseline,experiments/l40s/results/research-baselines/inference-lpt-torch-t01-none.json,7.522304058074951,1.1215238571166992,7.545448999735527,6.975146611531575,1.1294584274291992,1.427734375,7.99948787689209,1.1513328552246094,8.023451002372894,7.436277389526367,1.1592674255371094,1.623046875,6.194176197052002,1.0111117362976074,6.23080600053072,1.3294400374094646,1.0190463066101074,1.240234375,144.140625,0.0,235.6875,12,12,0,0,float32,,,,,,,
inference,lpt,,torch,2,none,passed,,162988800,24,12,research-baseline,experiments/l40s/results/research-baselines/inference-lpt-torch-t02-none.json,15.446944236755371,1.1332464218139648,15.474088002520148,14.357504526774088,1.1411809921264648,1.474609375,16.374784469604492,1.3016204833984375,16.399398999055848,15.048362731933594,1.3095550537109375,1.943359375,13.384703636169434,1.0322327613830566,13.407492995611392,2.683221181233724,1.0401673316955566,1.41015625,153.28125,0.0,235.6875,24,24,0,0,float32,,,,,,,
inference,lpt,,torch,3,none,passed,,162988800,36,12,research-baseline,experiments/l40s/results/research-baselines/inference-lpt-torch-t03-none.json,23.86742401123047,1.1332464218139648,23.92031099589076,21.681803385416668,1.1411809921264648,1.474609375,24.560543060302734,1.451171875,24.588238004071172,22.62664540608724,1.4591064453125,2.244140625,18.731008529663086,1.0411591529846191,18.753354001091793,4.013738632202148,1.0490937232971191,1.560546875,162.421875,0.0,235.6875,36,36,0,0,float32,,,,,,,
inference,lpt,,torch,4,none,passed,,162988800,48,12,research-baseline,experiments/l40s/results/research-baselines/inference-lpt-torch-t04-none.json,31.19820785522461,1.1332464218139648,31.229970001732,29.102762858072918,1.1411809921264648,1.474609375,32.81817626953125,1.6007232666015625,32.84356099902652,30.246912638346355,1.6086578369140625,2.544921875,25.05523109436035,1.0500855445861816,25.07678300025873,5.3459625244140625,1.0580201148986816,1.7109375,171.5625,0.0,235.6875,48,48,0,0,float32,,,,,,,
inference,lpt,,torch,5,none,passed,,162988800,60,12,research-baseline,experiments/l40s/results/research-baselines/inference-lpt-torch-t05-none.json,38.77580642700195,1.1332464218139648,38.80124200077262,36.32025655110677,1.1411809921264648,1.474609375,40.996864318847656,1.750274658203125,41.03224800201133,37.57875315348307,1.758209228515625,2.841796875,31.912864685058594,1.0590119361877441,31.943310998030938,6.6751149495442705,1.0669465065002441,1.859375,180.703125,0.0,235.6875,60,60,0,0,float32,,,,,,,
inference,lpt,,torch,6,none,passed,,162988800,72,12,research-baseline,experiments/l40s/results/research-baselines/inference-lpt-torch-t06-none.json,67.76614379882812,1.1332464218139648,67.80724900454516,43.85655212402344,1.1411809921264648,1.474609375,48.765953063964844,1.8998260498046875,48.79133500071475,45.328043619791664,1.9077606201171875,3.142578125,37.42924880981445,1.0679383277893066,37.45153999625472,8.007978439331055,1.0758728981018066,2.009765625,189.84375,0.0,235.6875,72,72,0,0,float32,,,,,,,
inference,lpt,,torch,7,none,passed,,162988800,84,12,research-baseline,experiments/l40s/results/research-baselines/inference-lpt-torch-t07-none.json,54.733726501464844,1.1332464218139648,54.76106000423897,51.05899556477865,1.1411809921264648,1.474609375,57.16070556640625,2.04937744140625,57.18274399987422,52.91793314615885,2.05731201171875,3.443359375,43.11449432373047,1.0768647193908691,43.13526299665682,9.336490631103516,1.0847992897033691,2.16015625,198.984375,0.0,235.6875,84,84,0,0,float32,,,,,,,
inference,lpt,,torch,8,none,passed,,162988800,96,12,research-baseline,experiments/l40s/results/research-baselines/inference-lpt-torch-t08-none.json,91.74630737304688,1.1332464218139648,91.77991199976532,58.493611653645836,1.1411809921264648,1.474609375,65.56877136230469,2.1989288330078125,65.59066400222946,60.56925964355469,2.2068634033203125,3.744140625,49.82476806640625,1.0857911109924316,49.84719600179233,10.665301640828451,1.0937256813049316,2.310546875,208.125,0.0,235.6875,96,96,0,0,float32,,,,,,,
inference,lpt,,torch,9,none,passed,,162988800,108,12,research-baseline,experiments/l40s/results/research-baselines/inference-lpt-torch-t09-none.json,70.27200317382812,1.1332464218139648,70.29939600033686,65.69983927408855,1.1411809921264648,1.474609375,74.31270599365234,2.348480224609375,74.33473999844864,68.00179036458333,2.356414794921875,4.044921875,57.05830383300781,1.0947175025939941,57.08178199711256,11.997503916422525,1.1026520729064941,2.4609375,217.265625,0.0,235.6875,108,108,0,0,float32,,,,,,,
inference,lpt,,torch,10,none,passed,,162988800,120,12,research-baseline,experiments/l40s/results/research-baselines/inference-lpt-torch-t10-none.json,78.06566619873047,1.1332464218139648,78.1118390004849,73.05830383300781,1.1411809921264648,1.474609375,83.06371307373047,2.4980316162109375,83.08641299663577,75.48484293619792,2.5059661865234375,4.341796875,63.314945220947266,1.1036438941955566,63.33756900130538,13.328384399414062,1.1115784645080566,2.609375,226.40625,0.0,235.6875,120,120,0,0,float32,,,,,,,
inference,lpt,,torch,11,none,passed,,162988800,132,12,research-baseline,experiments/l40s/results/research-baselines/inference-lpt-torch-t11-none.json,87.88050842285156,1.1332464218139648,87.91155499784509,82.64464823404948,1.1411809921264648,1.474609375,90.3637466430664,2.6475830078125,90.39234199735802,85.8576151529948,2.655517578125,4.642578125,68.19737243652344,1.1125702857971191,68.23664799594553,14.684810638427734,1.1205048561096191,2.759765625,235.546875,0.0,235.6875,132,132,0,0,float32,,,,,,,
inference,lpt,,torch,12,none,passed,,162988800,144,12,research-baseline,experiments/l40s/results/research-baselines/inference-lpt-torch-t12-none.json,93.2628173828125,1.1332464218139648,93.29083500051638,87.47280883789062,1.1411809921264648,1.474609375,98.6798095703125,2.7971343994140625,98.70905000570929,90.34171549479167,2.8050689697265625,4.943359375,76.3595199584961,1.1214966773986816,76.38031899841735,15.990090688069662,1.1294312477111816,2.91015625,244.6875,0.0,235.6875,144,144,0,0,float32,,,,,,,
inference,lpt,,torch,13,none,passed,,162988800,156,12,research-baseline,experiments/l40s/results/research-baselines/inference-lpt-torch-t13-none.json,102.25357055664062,1.1332464218139648,102.29118599818321,95.04017130533855,1.1411809921264648,1.474609375,152.97637939453125,2.946685791015625,153.01364000333706,98.24392700195312,2.954620361328125,5.244140625,131.34136962890625,1.1304230690002441,131.38622899714392,17.320959726969402,1.1383576393127441,3.060546875,253.828125,0.0,235.6875,156,156,0,0,float32,,,,,,,
inference,lpt,,torch,14,none,passed,,162988800,168,12,research-baseline,experiments/l40s/results/research-baselines/inference-lpt-torch-t14-none.json,109.30687713623047,1.1332464218139648,109.33279000164475,102.4006856282552,1.1411809921264648,1.474609375,117.9504623413086,3.0962371826171875,117.99328200140735,105.70240275065105,3.1041717529296875,5.544921875,86.47577667236328,1.1393494606018066,86.4960980034084,18.651818593343098,1.1472840309143066,3.2109375,262.96875,0.0,235.6875,168,168,0,0,float32,,,,,,,
inference,lpt,,torch,15,none,passed,,162988800,180,12,research-baseline,experiments/l40s/results/research-baselines/inference-lpt-torch-t15-none.json,120.774658203125,1.1332464218139648,120.80881900328677,112.34918212890625,1.1411809921264648,1.474609375,122.75917053222656,3.24578857421875,122.79316600324819,116.63082885742188,3.25372314453125,5.841796875,99.30242919921875,1.1482758522033691,99.32721799850697,20.024319966634113,1.1562104225158691,3.359375,272.109375,0.0,235.6875,180,180,0,0,float32,,,,,,,
inference,lpt,,torch,16,none,passed,,162988800,192,12,research-baseline,experiments/l40s/results/research-baselines/inference-lpt-torch-t16-none.json,174.14247131347656,1.1332464218139648,174.18234499928076,119.81039428710938,1.1411809921264648,1.474609375,131.44473266601562,3.3953399658203125,131.47750099597033,124.05248006184895,3.4032745361328125,6.142578125,103.00518035888672,1.1572022438049316,103.03354800271336,21.357215881347656,1.1651368141174316,3.509765625,281.25,0.0,235.6875,192,192,0,0,float32,,,,,,,
inference,per_layer_latent,64,tensor,1,none,passed,,150602496,12,12,research-baseline,experiments/l40s/results/research-baselines/inference-per_layer_latent-tensor-t01-none.json,14.143487930297852,0.8909330368041992,14.165169995976612,7.115093231201172,0.8831233978271484,1.1328125,15.557632446289062,0.8963041305541992,15.585406006721314,7.173429489135742,0.8884944915771484,1.169921875,11.190272331237793,0.7857809066772461,11.210994998691604,0.7553173700968424,0.7857809066772461,0.970703125,6.0062255859375,27.0,185.0625,12,12,0,0,float32,,,,,,,
inference,per_layer_latent,64,tensor,2,none,passed,,150602496,24,12,research-baseline,experiments/l40s/results/research-baselines/inference-per_layer_latent-tensor-t02-none.json,24.707040786743164,0.8909330368041992,24.7282880009152,13.725696563720703,0.8831233978271484,1.1328125,26.907520294189453,0.9021635055541992,26.930786996672396,13.795669555664062,0.8943538665771484,1.197265625,21.64838409423828,0.7916574478149414,21.67154299968388,1.3417812983194988,0.7916574478149414,0.984375,12.012451171875,27.0,185.0625,24,24,0,0,float32,,,,,,,
inference,per_layer_latent,64,tensor,3,none,passed,,150602496,36,12,research-baseline,experiments/l40s/results/research-baselines/inference-per_layer_latent-tensor-t03-none.json,33.79814529418945,0.8909330368041992,33.819349999248516,20.22263463338216,0.8831233978271484,1.1328125,38.32316970825195,0.9080228805541992,38.346282999555115,20.435284932454426,0.9002132415771484,1.224609375,31.362079620361328,0.7975339889526367,31.385510999825783,1.9339946111043294,0.7975339889526367,0.998046875,18.0186767578125,27.0,185.0625,36,36,0,0,float32,,,,,,,
inference,per_layer_latent,64,tensor,4,none,passed,,150602496,48,12,research-baseline,experiments/l40s/results/research-baselines/inference-per_layer_latent-tensor-t04-none.json,44.991519927978516,0.8909330368041992,45.01988999982132,26.736981709798176,0.8831233978271484,1.1328125,50.135009765625,0.9138822555541992,50.15730200102553,27.016192118326824,0.9060726165771484,1.251953125,43.16979217529297,0.803410530090332,43.193867000809405,2.524160067240397,0.803410530090332,1.01171875,24.02490234375,27.0,185.0625,48,48,0,0,float32,,,,,,,
inference,per_layer_latent,64,tensor,5,none,passed,,150602496,60,12,research-baseline,experiments/l40s/results/research-baselines/inference-per_layer_latent-tensor-t05-none.json,54.89561462402344,0.8909330368041992,54.91537699708715,33.19466654459635,0.8831233978271484,1.1328125,61.77996826171875,0.9197416305541992,61.80194499756908,33.50732676188151,0.9119319915771484,1.279296875,52.922271728515625,0.8092870712280273,52.94556699664099,3.109546661376953,0.8092870712280273,1.025390625,30.0311279296875,27.0,185.0625,60,60,0,0,float32,,,,,,,
inference,per_layer_latent,64,tensor,6,none,passed,,150602496,72,12,research-baseline,experiments/l40s/results/research-baselines/inference-per_layer_latent-tensor-t06-none.json,64.82227325439453,0.8909330368041992,64.84436099708546,40.69205220540365,0.8831233978271484,1.1328125,73.8334732055664,0.9256010055541992,73.856221002643,41.02929178873698,0.9177913665771484,1.306640625,64.45465850830078,0.8151636123657227,64.4768549973378,3.714026769002279,0.8151636123657227,1.0390625,36.037353515625,27.0,185.0625,72,72,0,0,float32,,,,,,,
inference,per_layer_latent,64,tensor,7,none,passed,,150602496,84,12,research-baseline,experiments/l40s/results/research-baselines/inference-per_layer_latent-tensor-t07-none.json,75.56198120117188,0.8909330368041992,75.59110000147484,46.823404947916664,0.8831233978271484,1.1328125,85.13638305664062,0.9314603805541992,85.16178499849048,47.391743977864586,0.9236507415771484,1.333984375,74.22566223144531,0.821040153503418,74.24887300294358,4.307264010111491,0.821040153503418,1.052734375,42.0435791015625,27.0,185.0625,84,84,0,0,float32,,,,,,,
inference,per_layer_latent,64,tensor,8,none,passed,,150602496,96,12,research-baseline,experiments/l40s/results/research-baselines/inference-per_layer_latent-tensor-t08-none.json,89.7413101196289,0.8909330368041992,89.77054700517328,52.911102294921875,0.8831233978271484,1.1328125,97.0854721069336,0.9373197555541992,97.11033200437669,53.533355712890625,0.9295101165771484,1.361328125,87.02054595947266,0.8269166946411133,87.04252100142185,4.878335952758789,0.8269166946411133,1.06640625,48.0498046875,27.0,185.0625,96,96,0,0,float32,,,,,,,
inference,per_layer_latent,64,tensor,9,none,passed,,150602496,108,12,research-baseline,experiments/l40s/results/research-baselines/inference-per_layer_latent-tensor-t09-none.json,98.3009262084961,0.8909330368041992,98.3228689947282,59.42510986328125,0.8831233978271484,1.1328125,112.84585571289062,0.9431791305541992,112.87301999982446,60.05521138509115,0.9353694915771484,1.388671875,100.17894744873047,0.8327932357788086,100.2028539951425,5.4685014088948565,0.8327932357788086,1.080078125,54.0560302734375,27.0,185.0625,108,108,0,0,float32,,,,,,,
inference,per_layer_latent,64,tensor,10,none,passed,,150602496,120,12,research-baseline,experiments/l40s/results/research-baselines/inference-per_layer_latent-tensor-t10-none.json,107.4678726196289,0.8909330368041992,107.48985400277888,66.31048583984375,0.8831233978271484,1.1328125,120.31692504882812,0.9490385055541992,120.34244099777425,66.89280192057292,0.9412288665771484,1.416015625,105.7966079711914,0.8386697769165039,105.81991900107823,6.066176096598308,0.8386697769165039,1.09375,60.062255859375,27.0,185.0625,120,120,0,0,float32,,,,,,,
inference,per_layer_latent,64,tensor,11,none,passed,,150602496,132,12,research-baseline,experiments/l40s/results/research-baselines/inference-per_layer_latent-tensor-t11-none.json,117.17724609375,0.8909330368041992,117.19999799970537,72.24316914876302,0.8831233978271484,1.1328125,133.1876220703125,0.9548978805541992,133.2103799941251,73.00096130371094,0.9470882415771484,1.443359375,118.46246337890625,0.8445463180541992,118.48317499971017,6.647466659545898,0.8445463180541992,1.107421875,66.0684814453125,27.0,185.0625,132,132,0,0,float32,,,,,,,
inference,per_layer_latent,64,tensor,12,none,passed,,150602496,144,12,research-baseline,experiments/l40s/results/research-baselines/inference-per_layer_latent-tensor-t12-none.json,127.66204833984375,0.8909330368041992,127.68381399655482,79.27395121256511,0.8831233978271484,1.1328125,150.50547790527344,0.9607572555541992,150.53364200139185,80.00682576497395,0.9529476165771484,1.470703125,132.95309448242188,0.8504228591918945,132.9781379972701,7.236266454060872,0.8504228591918945,1.12109375,72.07470703125,27.0,185.0625,144,144,0,0,float32,,,,,,,
inference,per_layer_latent,64,tensor,13,none,passed,,150602496,156,12,research-baseline,experiments/l40s/results/research-baselines/inference-per_layer_latent-tensor-t13-none.json,133.94125366210938,0.8909330368041992,133.96739000017988,85.83031209309895,0.8831233978271484,1.1328125,157.233154296875,0.9666166305541992,157.25491700140992,86.79115804036458,0.9588069915771484,1.498046875,133.2305908203125,0.8562994003295898,133.25505900138523,7.83189328511556,0.8562994003295898,1.134765625,78.0809326171875,27.0,185.0625,156,156,0,0,float32,,,,,,,
inference,per_layer_latent,64,tensor,14,none,passed,,150602496,168,12,research-baseline,experiments/l40s/results/research-baselines/inference-per_layer_latent-tensor-t14-none.json,154.63731384277344,0.8909330368041992,154.6623379981611,92.9576924641927,0.8831233978271484,1.1328125,163.35360717773438,0.9724760055541992,163.38252499554073,93.74514770507812,0.9646663665771484,1.525390625,145.10797119140625,0.8621759414672852,145.13192899903515,8.42581303914388,0.8621759414672852,1.1484375,84.087158203125,27.0,185.0625,168,168,0,0,float32,,,,,,,
inference,per_layer_latent,64,tensor,15,none,passed,,150602496,180,12,research-baseline,experiments/l40s/results/research-baselines/inference-per_layer_latent-tensor-t15-none.json,164.2117156982422,0.8909330368041992,164.23628399934387,100.43051147460938,0.8831233978271484,1.1328125,178.02342224121094,0.9783353805541992,178.04737899859902,102.48124186197917,0.9705257415771484,1.552734375,156.86041259765625,0.8680524826049805,156.88437499920838,9.036458969116211,0.8680524826049805,1.162109375,90.0933837890625,27.0,185.0625,180,180,0,0,float32,,,,,,,
inference,per_layer_latent,64,tensor,16,none,passed,,150602496,192,12,research-baseline,experiments/l40s/results/research-baselines/inference-per_layer_latent-tensor-t16-none.json,168.44288635253906,0.8909330368041992,168.46795899618883,105.16748046875,0.8831233978271484,1.1328125,188.8737335205078,0.9841947555541992,188.89815198781434,106.25946044921875,0.9763851165771484,1.580078125,173.63865661621094,0.8739290237426758,173.6634819972096,9.594538370768229,0.8739290237426758,1.17578125,96.099609375,27.0,185.0625,192,192,0,0,float32,,,,,,,
inference,per_layer_latent,64,torch,1,none,passed,,150602496,12,12,research-baseline,experiments/l40s/results/research-baselines/inference-per_layer_latent-torch-t01-none.json,8.42137622833252,0.9021635055541992,8.44469200092135,6.353237152099609,0.8966732025146484,1.154296875,8.507519721984863,0.9081449508666992,8.5324550018413,6.390783945719401,0.9026546478271484,1.1640625,5.72108793258667,0.7976012229919434,5.756201993790455,1.098410685857137,0.8055357933044434,0.98828125,6.005859375,27.0,182.8125,12,12,0,0,float32,,,,,,,
inference,per_layer_latent,64,torch,2,none,passed,,150602496,24,12,research-baseline,experiments/l40s/results/research-baselines/inference-per_layer_latent-torch-t02-none.json,14.49062442779541,0.9021635055541992,14.540394004143309,12.197493235270182,0.8966732025146484,1.154296875,14.593055725097656,0.9140043258666992,14.616785003454424,12.249088287353516,0.9085140228271484,1.19140625,10.903552055358887,0.8034663200378418,10.923577996436507,2.064021269480387,0.8114008903503418,1.001953125,12.01171875,27.0,182.8125,24,24,0,0,float32,,,,,,,
inference,per_layer_latent,64,torch,3,none,passed,,150602496,36,12,research-baseline,experiments/l40s/results/research-baselines/inference-per_layer_latent-torch-t03-none.json,20.760576248168945,0.9021635055541992,20.789442998648155,18.13708750406901,0.8966732025146484,1.154296875,20.930559158325195,0.9198637008666992,20.955526000761893,18.235733032226562,0.9143733978271484,1.21875,15.714303970336914,0.8093314170837402,15.735795997898094,3.0351359049479165,0.8172659873962402,1.015625,18.017578125,27.0,182.8125,36,36,0,0,float32,,,,,,,
inference,per_layer_latent,64,torch,4,none,passed,,150602496,48,12,research-baseline,experiments/l40s/results/research-baselines/inference-per_layer_latent-torch-t04-none.json,26.93120002746582,0.9021635055541992,26.958670001477003,23.884801228841145,0.8966732025146484,1.154296875,27.027456283569336,0.9257230758666992,27.057302002504002,23.997098286946613,0.9202327728271484,1.24609375,21.68832015991211,0.8151965141296387,21.716944000218064,4.003498713175456,0.8231310844421387,1.029296875,24.0234375,27.0,182.8125,48,48,0,0,float32,,,,,,,
inference,per_layer_latent,64,torch,5,none,passed,,150602496,60,12,research-baseline,experiments/l40s/results/research-baselines/inference-per_layer_latent-torch-t05-none.json,32.65536117553711,0.9021635055541992,32.68052200292004,29.487103780110676,0.8966732025146484,1.154296875,33.13868713378906,0.9315824508666992,33.16645399900153,29.682347615559895,0.9260921478271484,1.2734375,26.75507164001465,0.8210616111755371,26.775807004014496,4.96503480275472,0.8289961814880371,1.04296875,30.029296875,27.0,182.8125,60,60,0,0,float32,,,,,,,
inference,per_layer_latent,64,torch,6,none,passed,,150602496,72,12,research-baseline,experiments/l40s/results/research-baselines/inference-per_layer_latent-torch-t06-none.json,38.98777770996094,0.9021635055541992,39.015877002384514,35.52525838216146,0.8966732025146484,1.154296875,39.29606246948242,0.9374418258666992,39.325170997472014,35.694933573404946,0.9319515228271484,1.30078125,31.60883140563965,0.8269267082214355,31.631140001991298,5.93715222676595,0.8348612785339355,1.056640625,36.03515625,27.0,182.8125,72,72,0,0,float32,,,,,,,
inference,per_layer_latent,64,torch,7,none,passed,,150602496,84,12,research-baseline,experiments/l40s/results/research-baselines/inference-per_layer_latent-torch-t07-none.json,45.283329010009766,0.9021635055541992,45.31339000095613,41.45049540201823,0.8966732025146484,1.154296875,45.790016174316406,0.9433012008666992,45.81652199703967,41.744041442871094,0.9378108978271484,1.328125,37.70265579223633,0.832791805267334,37.738607003120705,6.905855814615886,0.840726375579834,1.0703125,42.041015625,27.0,182.8125,84,84,0,0,float32,,,,,,,
inference,per_layer_latent,64,torch,8,none,passed,,150602496,96,12,research-baseline,experiments/l40s/results/research-baselines/inference-per_layer_latent-torch-t08-none.json,51.4600944519043,0.9021635055541992,51.48799399466952,47.20025634765625,0.8966732025146484,1.154296875,51.84204864501953,0.9491605758666992,51.875033997930586,47.51872253417969,0.9436702728271484,1.35546875,42.837886810302734,0.8386569023132324,42.859631997998804,7.864661534627278,0.8465914726257324,1.083984375,48.046875,27.0,182.8125,96,96,0,0,float32,,,,,,,
inference,per_layer_latent,64,torch,9,none,passed,,150602496,108,12,research-baseline,experiments/l40s/results/research-baselines/inference-per_layer_latent-torch-t09-none.json,57.66041564941406,0.9021635055541992,57.69833199883578,53.108734130859375,0.8966732025146484,1.154296875,58.13350296020508,0.9550199508666992,58.161182001640555,53.41832478841146,0.9495296478271484,1.3828125,48.21401596069336,0.8445219993591309,48.23713900259463,8.828917185465494,0.8524565696716309,1.09765625,54.052734375,27.0,182.8125,108,108,0,0,float32,,,,,,,
inference,per_layer_latent,64,torch,10,none,passed,,150602496,120,12,research-baseline,experiments/l40s/results/research-baselines/inference-per_layer_latent-torch-t10-none.json,63.76448059082031,0.9021635055541992,63.82121100614313,58.98168436686198,0.8966732025146484,1.154296875,64.14028930664062,0.9608793258666992,64.17127999884542,59.410430908203125,0.9553890228271484,1.41015625,52.94899368286133,0.8503870964050293,52.97038099524798,9.812992095947266,0.8583216667175293,1.111328125,60.05859375,27.0,182.8125,120,120,0,0,float32,,,,,,,
inference,per_layer_latent,64,torch,11,none,passed,,150602496,132,12,research-baseline,experiments/l40s/results/research-baselines/inference-per_layer_latent-torch-t11-none.json,69.15885162353516,0.9021635055541992,69.18684300035238,64.12834167480469,0.8966732025146484,1.154296875,69.55213165283203,0.9667387008666992,69.58062000194332,64.58367919921875,0.9612483978271484,1.4375,60.628990173339844,0.8562521934509277,60.652832995401695,10.766335805257162,0.8641867637634277,1.125,66.064453125,27.0,182.8125,132,132,0,0,float32,,,,,,,
inference,per_layer_latent,64,torch,12,none,passed,,150602496,144,12,research-baseline,experiments/l40s/results/research-baselines/inference-per_layer_latent-torch-t12-none.json,75.43901062011719,0.9021635055541992,75.47872900613584,70.11052958170573,0.8966732025146484,1.154296875,76.03507232666016,0.9725980758666992,76.06179799768142,70.60207112630208,0.9671077728271484,1.46484375,61.8711051940918,0.8621172904968262,61.89373099914519,11.734699249267578,0.8700518608093262,1.138671875,72.0703125,27.0,182.8125,144,144,0,0,float32,,,,,,,
inference,per_layer_latent,64,torch,13,none,passed,,150602496,156,12,research-baseline,experiments/l40s/results/research-baselines/inference-per_layer_latent-torch-t13-none.json,81.4172134399414,0.9021635055541992,81.45060599781573,75.8831787109375,0.8966732025146484,1.154296875,82.22003173828125,0.9784574508666992,82.25097300601192,76.38391621907552,0.9729671478271484,1.4921875,71.19872283935547,0.8679823875427246,71.22014999913517,12.702378590901693,0.8759169578552246,1.15234375,78.076171875,27.0,182.8125,156,156,0,0,float32,,,,,,,
inference,per_layer_latent,64,torch,14,none,passed,,150602496,168,12,research-baseline,experiments/l40s/results/research-baselines/inference-per_layer_latent-torch-t14-none.json,89.40953826904297,0.9021635055541992,89.44188800523989,83.45838928222656,0.8966732025146484,1.154296875,89.9768295288086,0.9843168258666992,90.0067010006751,84.08132425944011,0.9788265228271484,1.51953125,73.24569702148438,0.873847484588623,73.26756900147302,13.70419184366862,0.881782054901123,1.166015625,84.08203125,27.0,182.8125,168,168,0,0,float32,,,,,,,
inference,per_layer_latent,64,torch,15,none,passed,,150602496,180,12,research-baseline,experiments/l40s/results/research-baselines/inference-per_layer_latent-torch-t15-none.json,94.92991638183594,0.9021635055541992,94.96030100126518,88.62310791015625,0.8966732025146484,1.154296875,95.61923217773438,0.9901762008666992,95.64777799823787,89.42318725585938,0.9846858978271484,1.546875,83.95059204101562,0.8797125816345215,83.97469500050647,14.675968170166016,0.8876471519470215,1.1796875,90.087890625,27.0,182.8125,180,180,0,0,float32,,,,,,,
inference,per_layer_latent,64,torch,16,none,passed,,150602496,192,12,research-baseline,experiments/l40s/results/research-baselines/inference-per_layer_latent-torch-t16-none.json,99.58911895751953,0.9021635055541992,99.62017899670172,93.1427001953125,0.8966732025146484,1.154296875,100.26496124267578,0.9960355758666992,100.29548199963756,93.6997578938802,0.9905452728271484,1.57421875,90.75609588623047,0.8855776786804199,90.77784699911717,15.602005004882812,0.8935122489929199,1.193359375,96.09375,27.0,182.8125,192,192,0,0,float32,,,,,,,
inference,uyoco,,tensor,1,none,passed,,163401216,12,12,research-baseline,experiments/l40s/results/research-baselines/inference-uyoco-tensor-t01-none.json,13.554688453674316,0.9931802749633789,13.582241997937672,5.0350081125895185,0.9931802749633789,1.142578125,15.158368110656738,1.051774024963379,15.180932001385372,5.218954722086589,1.051774024963379,1.28125,13.804544448852539,0.9119772911071777,13.828029004798736,0.9000960191090902,0.9119772911071777,1.072265625,48.011932373046875,0.0,237.9375,12,12,0,0,float32,,,,,,,
inference,uyoco,,tensor,2,none,passed,,163401216,18,12,research-baseline,experiments/l40s/results/research-baselines/inference-uyoco-tensor-t02-none.json,21.67807960510254,0.9931802749633789,21.69949399831239,9.371306737263998,0.9931802749633789,1.142578125,23.970815658569336,1.122086524963379,23.99552200222388,9.712981541951498,1.122086524963379,1.421875,20.97235107421875,0.9471392631530762,20.995708997361362,1.3202773729960124,0.9471392631530762,1.142578125,84.01211547851562,0.0,237.9375,18,18,0,0,float32,,,,,,,
inference,uyoco,,tensor,3,none,passed,,163401216,24,12,research-baseline,experiments/l40s/results/research-baselines/inference-uyoco-tensor-t03-none.json,28.472320556640625,0.9931802749633789,28.496140999777708,13.705557505289713,0.9931802749633789,1.142578125,31.686656951904297,1.2045221328735352,31.7085299975588,14.20083236694336,1.2045221328735352,1.6015625,28.417184829711914,0.9823012351989746,28.44084800017299,1.7401173909505208,0.9823012351989746,1.232421875,120.01229858398438,0.0,237.9375,24,24,0,0,float32,,,,,,,
inference,uyoco,,tensor,4,none,passed,,163401216,30,12,research-baseline,experiments/l40s/results/research-baselines/inference-uyoco-tensor-t04-none.json,36.903934478759766,0.9931802749633789,36.92755499650957,18.000896453857422,0.9931802749633789,1.142578125,41.0777587890625,1.3099966049194336,41.10227499768371,18.63372802734375,1.3099966049194336,1.80078125,36.94899368286133,1.017463207244873,36.971917004848365,2.161322593688965,1.017463207244873,1.341796875,156.01248168945312,0.0,237.9375,30,30,0,0,float32,,,,,,,
inference,uyoco,,tensor,5,none,passed,,163401216,36,12,research-baseline,experiments/l40s/results/research-baselines/inference-uyoco-tensor-t05-none.json,44.779518127441406,0.9931802749633789,44.80029799742624,22.323883056640625,0.9931802749633789,1.142578125,50.08476638793945,1.415471076965332,50.106319002225064,23.108245849609375,1.415471076965332,2.01953125,44.14771270751953,1.0526251792907715,44.17300500062993,2.5832106272379556,1.0526251792907715,1.451171875,192.01266479492188,0.0,237.9375,36,36,0,0,float32,,,,,,,
inference,uyoco,,tensor,6,none,passed,,163401216,42,12,research-baseline,experiments/l40s/results/research-baselines/inference-uyoco-tensor-t06-none.json,53.1517448425293,0.9931802749633789,53.17494599876227,26.707285563151043,0.9931802749633789,1.142578125,59.12575912475586,1.5209455490112305,59.15007300063735,27.631617228190105,1.5209455490112305,2.23828125,51.22982406616211,1.08778715133667,51.25592099648202,3.0016425450642905,1.08778715133667,1.560546875,228.01284790039062,0.0,237.9375,42,42,0,0,float32,,,,,,,
inference,uyoco,,tensor,7,none,passed,,163401216,48,12,research-baseline,experiments/l40s/results/research-baselines/inference-uyoco-tensor-t07-none.json,61.16156768798828,0.9931802749633789,61.184746999060735,30.998868306477863,0.9931802749633789,1.142578125,68.75647735595703,1.626420021057129,68.78715399943758,31.94196319580078,1.626420021057129,2.45703125,59.44105529785156,1.1229491233825684,59.46564600162674,3.424938519795736,1.1229491233825684,1.669921875,264.0130310058594,0.0,237.9375,48,48,0,0,float32,,,,,,,
inference,uyoco,,tensor,8,none,passed,,163401216,54,12,research-baseline,experiments/l40s/results/research-baselines/inference-uyoco-tensor-t08-none.json,68.8189468383789,0.9931802749633789,68.84894000540953,35.443712870279946,0.9931802749633789,1.142578125,79.64358520507812,1.7318944931030273,79.6668690018123,36.69538116455078,1.7318944931030273,2.67578125,71.29190063476562,1.1581110954284668,71.31493899942143,3.8417065938313804,1.1581110954284668,1.779296875,300.0132141113281,0.0,237.9375,54,54,0,0,float32,,,,,,,
inference,uyoco,,tensor,9,none,passed,,163401216,60,12,research-baseline,experiments/l40s/results/research-baselines/inference-uyoco-tensor-t09-none.json,76.01766204833984,0.9931802749633789,76.04142100171885,39.46461741129557,0.9931802749633789,1.142578125,85.40774536132812,1.8373689651489258,85.43036800256232,40.878763834635414,1.8373689651489258,2.89453125,74.6424331665039,1.1932730674743652,74.66560800094157,4.260181427001953,1.1932730674743652,1.888671875,336.0133972167969,0.0,237.9375,60,60,0,0,float32,,,,,,,
inference,uyoco,,tensor,10,none,passed,,163401216,66,12,research-baseline,experiments/l40s/results/research-baselines/inference-uyoco-tensor-t10-none.json,88.77568054199219,0.9931802749633789,88.79804799653357,43.698516845703125,0.9931802749633789,1.142578125,95.79519653320312,1.9428434371948242,95.82075700018322,45.25260925292969,1.9428434371948242,3.11328125,84.51277160644531,1.2284350395202637,84.53473200643202,4.677632013956706,1.2284350395202637,1.998046875,372.0135803222656,0.0,237.9375,66,66,0,0,float32,,,,,,,
inference,uyoco,,tensor,11,none,passed,,163401216,72,12,research-baseline,experiments/l40s/results/research-baselines/inference-uyoco-tensor-t11-none.json,95.98770904541016,0.9931802749633789,96.00971799955005,48.251220703125,0.9931802749633789,1.142578125,107.83948516845703,2.0483179092407227,107.86353599542053,49.93296813964844,2.0483179092407227,3.33203125,91.97465515136719,1.263597011566162,91.99651899689343,5.099520047505696,1.263597011566162,2.107421875,408.0137634277344,0.0,237.9375,72,72,0,0,float32,,,,,,,
inference,uyoco,,tensor,12,none,passed,,163401216,78,12,research-baseline,experiments/l40s/results/research-baselines/inference-uyoco-tensor-t12-none.json,104.3763198852539,0.9931802749633789,104.39896499883616,52.611063639322914,0.9931802749633789,1.142578125,113.71929931640625,2.153792381286621,113.74246599734761,54.48089599609375,2.153792381286621,3.55078125,99.53791809082031,1.2987589836120605,99.56189500371693,5.513557434082031,1.2987589836120605,2.216796875,444.0139465332031,0.0,237.9375,78,78,0,0,float32,,,,,,,
inference,uyoco,,tensor,13,none,passed,,163401216,84,12,research-baseline,experiments/l40s/results/research-baselines/inference-uyoco-tensor-t13-none.json,107.83232116699219,0.9931802749633789,107.85739299899433,56.6292470296224,0.9931802749633789,1.142578125,122.5000991821289,2.2592668533325195,122.5253930024337,58.7496083577474,2.2592668533325195,3.76953125,109.75532531738281,1.333920955657959,109.77708700374933,5.934762954711914,1.333920955657959,2.326171875,480.0141296386719,0.0,237.9375,84,84,0,0,float32,,,,,,,
inference,uyoco,,tensor,14,none,passed,,163401216,90,12,research-baseline,experiments/l40s/results/research-baselines/inference-uyoco-tensor-t14-none.json,114.88870239257812,0.9931802749633789,114.9109700054396,61.002400716145836,0.9931802749633789,1.142578125,132.87432861328125,2.364741325378418,132.90011600474827,63.34088643391927,2.364741325378418,3.98828125,109.9079360961914,1.3690829277038574,109.93241999676684,6.351189295450847,1.3690829277038574,2.435546875,516.0143127441406,0.0,237.9375,90,90,0,0,float32,,,,,,,
inference,uyoco,,tensor,15,none,passed,,163401216,96,12,research-baseline,experiments/l40s/results/research-baselines/inference-uyoco-tensor-t15-none.json,128.068603515625,0.9931802749633789,128.08961100381566,65.99270629882812,0.9931802749633789,1.142578125,137.1504669189453,2.4702157974243164,137.17653999628965,68.4949951171875,2.4702157974243164,4.20703125,119.36563110351562,1.4042448997497559,119.38842599920463,6.796288172403972,1.4042448997497559,2.544921875,552.0144958496094,0.0,237.9375,96,96,0,0,float32,,,,,,,
inference,uyoco,,tensor,16,none,passed,,163401216,102,12,research-baseline,experiments/l40s/results/research-baselines/inference-uyoco-tensor-t16-none.json,132.490234375,0.9931802749633789,132.51217100332724,70.71334330240886,0.9931802749633789,1.142578125,149.93714904785156,2.575690269470215,149.96297399920877,73.04158020019531,2.575690269470215,4.42578125,129.58924865722656,1.4394068717956543,129.61486000131117,7.221920013427734,1.4394068717956543,2.654296875,588.0146789550781,0.0,237.9375,102,102,0,0,float32,,,,,,,
inference,uyoco,,torch,1,none,passed,,163401216,12,12,research-baseline,experiments/l40s/results/research-baselines/inference-uyoco-torch-t01-none.json,10.070015907287598,1.0035600662231445,10.098314000060782,6.281557083129883,1.0114946365356445,1.19921875,16.465824127197266,1.0621538162231445,16.495345000294037,6.333098729451497,1.0700883865356445,1.3046875,11.472895622253418,0.9223418235778809,11.517929997353349,1.6411306063334148,0.9302763938903809,1.109375,48.01171875,0.0,237.9375,12,12,0,0,float32,,,,,,,
inference,uyoco,,torch,2,none,passed,,163401216,18,12,research-baseline,experiments/l40s/results/research-baselines/inference-uyoco-torch-t02-none.json,17.986560821533203,1.0024614334106445,18.007587001193315,11.716266632080078,1.0103960037231445,1.19921875,18.354175567626953,1.1313676834106445,18.3926150057232,11.757568359375,1.1393022537231445,1.4453125,15.794367790222168,0.9563994407653809,15.83176400163211,2.625194708506266,0.9643340110778809,1.1796875,84.01171875,0.0,237.9375,18,18,0,0,float32,,,,,,,
inference,uyoco,,torch,3,none,passed,,163401216,24,12,research-baseline,experiments/l40s/results/research-baselines/inference-uyoco-torch-t03-none.json,24.144832611083984,1.0024614334106445,24.174617996322922,17.213099161783855,1.0103960037231445,1.19921875,25.458688735961914,1.213785171508789,25.4808640020201,17.1868158976237,1.221719741821289,1.625,21.984256744384766,0.9915556907653809,22.026405997166876,3.605504035949707,0.9994902610778809,1.26953125,120.01171875,0.0,237.9375,24,24,0,0,float32,,,,,,,
inference,uyoco,,torch,4,none,passed,,163401216,30,12,research-baseline,experiments/l40s/results/research-baselines/inference-uyoco-torch-t04-none.json,31.127552032470703,1.0024614334106445,31.155084005149547,22.60991923014323,1.0103960037231445,1.19921875,33.61689758300781,1.319253921508789,33.6432319963933,22.59076182047526,1.327199935913086,1.82421875,27.688831329345703,1.0267119407653809,27.72494199598441,4.588533401489258,1.0346465110778809,1.359375,156.01171875,0.0,237.9375,30,30,0,0,float32,,,,,,,
inference,uyoco,,torch,5,none,passed,,163401216,36,12,research-baseline,experiments/l40s/results/research-baselines/inference-uyoco-torch-t05-none.json,38.523902893066406,1.0024614334106445,38.550834004126955,28.16546122233073,1.0103960037231445,1.19921875,40.2657585144043,1.424722671508789,40.29559400078142,28.098902384440105,1.432657241821289,2.04296875,34.151424407958984,1.0618681907653809,34.173980995547026,5.572256088256836,1.0698027610778809,1.46875,192.01171875,0.0,237.9375,36,36,0,0,float32,,,,,,,
inference,uyoco,,torch,6,none,passed,,163401216,42,12,research-baseline,experiments/l40s/results/research-baselines/inference-uyoco-torch-t06-none.json,44.391361236572266,1.0024614334106445,44.41650999797275,33.56910959879557,1.0103960037231445,1.19921875,47.85660934448242,1.530191421508789,47.89826300111599,33.456128438313804,1.538137435913086,2.26171875,39.82438278198242,1.0970244407653809,39.84662100265268,6.554623921712239,1.1049590110778809,1.578125,228.01171875,0.0,237.9375,42,42,0,0,float32,,,,,,,
inference,uyoco,,torch,7,none,passed,,163401216,48,12,research-baseline,experiments/l40s/results/research-baselines/inference-uyoco-torch-t07-none.json,50.949119567871094,1.0024614334106445,50.98074099805672,39.1014404296875,1.0103960037231445,1.19921875,53.733375549316406,1.635660171508789,53.75590000039665,38.95671590169271,1.643594741821289,2.48046875,44.44259262084961,1.1321806907653809,44.46619100053795,7.540053049723308,1.1401152610778809,1.6875,264.01171875,0.0,237.9375,48,48,0,0,float32,,,,,,,
inference,uyoco,,torch,8,none,passed,,163401216,54,12,research-baseline,experiments/l40s/results/research-baselines/inference-uyoco-torch-t08-none.json,57.30624008178711,1.0024614334106445,57.33426599908853,44.62660217285156,1.0103960037231445,1.19921875,63.903743743896484,1.741128921508789,63.93715299782343,44.42825826009115,1.749074935913086,2.69921875,53.718017578125,1.1673369407653809,53.73847399459919,8.519338607788086,1.1752715110778809,1.796875,300.01171875,0.0,237.9375,54,54,0,0,float32,,,,,,,
inference,uyoco,,torch,9,none,passed,,163401216,60,12,research-baseline,experiments/l40s/results/research-baselines/inference-uyoco-torch-t09-none.json,104.11929321289062,1.0024614334106445,104.15498100337572,49.811116536458336,1.0103960037231445,1.19921875,68.30496215820312,1.846597671508789,68.3407670003362,49.58270772298177,1.854532241821289,2.91796875,56.91068649291992,1.2024931907653809,56.95618399477098,9.501696268717447,1.2104277610778809,1.90625,336.01171875,0.0,237.9375,60,60,0,0,float32,,,,,,,
inference,uyoco,,torch,10,none,passed,,163401216,66,12,research-baseline,experiments/l40s/results/research-baselines/inference-uyoco-torch-t10-none.json,74.47650909423828,1.0024614334106445,74.49946899578208,54.94852193196615,1.0103960037231445,1.19921875,74.70285034179688,1.952066421508789,74.72612399578793,54.75293986002604,1.960012435913086,3.13671875,65.870849609375,1.2376494407653809,65.89192899991758,10.484394709269205,1.2455840110778809,2.015625,372.01171875,0.0,237.9375,66,66,0,0,float32,,,,,,,
inference,uyoco,,torch,11,none,passed,,163401216,72,12,research-baseline,experiments/l40s/results/research-baselines/inference-uyoco-torch-t11-none.json,81.53190612792969,1.0024614334106445,81.55756300402572,60.85832722981771,1.0103960037231445,1.19921875,84.98579406738281,2.057535171508789,85.0063969992334,60.78191121419271,2.065469741821289,3.35546875,70.28934478759766,1.2728056907653809,70.31860799907008,11.467093149820963,1.2807402610778809,2.125,408.01171875,0.0,237.9375,72,72,0,0,float32,,,,,,,
inference,uyoco,,torch,12,none,passed,,163401216,78,12,research-baseline,experiments/l40s/results/research-baselines/inference-uyoco-torch-t12-none.json,87.34809875488281,1.0024614334106445,87.37141000165138,66.63782246907552,1.0103960037231445,1.19921875,91.21382141113281,2.163003921508789,91.23782400274649,66.47564697265625,2.170949935913086,3.57421875,79.3733139038086,1.3079619407653809,79.39503600209719,12.45798365275065,1.3158965110778809,2.234375,444.01171875,0.0,237.9375,78,78,0,0,float32,,,,,,,
inference,uyoco,,torch,13,none,passed,,163401216,84,12,research-baseline,experiments/l40s/results/research-baselines/inference-uyoco-torch-t13-none.json,143.09683227539062,1.0024614334106445,143.13771999877645,71.24001057942708,1.0103960037231445,1.19921875,97.73567962646484,2.268472671508789,97.75969500333304,70.9014180501302,2.276407241821289,3.79296875,86.11225891113281,1.3431181907653809,86.1334259971045,13.43112564086914,1.3510527610778809,2.34375,480.01171875,0.0,237.9375,84,84,0,0,float32,,,,,,,
inference,uyoco,,torch,14,none,passed,,163401216,90,12,research-baseline,experiments/l40s/results/research-baselines/inference-uyoco-torch-t14-none.json,107.98079681396484,1.0024614334106445,108.00853300315794,76.81433614095052,1.0103960037231445,1.19921875,106.80831909179688,2.373941421508789,106.83740499371197,76.57710774739583,2.381887435913086,4.01171875,90.15090942382812,1.3782744407653809,90.17642500111833,14.413823445638021,1.3862090110778809,2.453125,516.01171875,0.0,237.9375,90,90,0,0,float32,,,,,,,
inference,uyoco,,torch,15,none,passed,,163401216,96,12,research-baseline,experiments/l40s/results/research-baselines/inference-uyoco-torch-t15-none.json,111.2432632446289,1.0024614334106445,111.26852500456152,83.50242106119792,1.0103960037231445,1.19921875,111.77782440185547,2.479410171508789,111.80748899641912,83.2901102701823,2.487344741821289,4.23046875,96.71270751953125,1.4134306907653809,96.73479699995369,15.40164311726888,1.4213652610778809,2.5625,552.01171875,0.0,237.9375,96,96,0,0,float32,,,,,,,
inference,uyoco,,torch,16,none,passed,,163401216,102,12,research-baseline,experiments/l40s/results/research-baselines/inference-uyoco-torch-t16-none.json,111.86278533935547,1.0024614334106445,111.8900229994324,87.7888895670573,1.0103960037231445,1.19921875,116.49638366699219,2.584878921508789,116.52100900391815,87.33451334635417,2.592824935913086,4.44921875,99.02591705322266,1.4485869407653809,99.04769700369798,16.3778559366862,1.4565215110778809,2.671875,588.01171875,0.0,237.9375,102,102,0,0,float32,,,,,,,
training,attention_only,,tensor,1,ac,passed,,162988800,12,12,research-baseline,experiments/l40s/results/research-baselines/training-attention_only-tensor-t01-ac.json,,,,,,,,,,,,,,,,,,,0.0,0.0,0.0,12,12,0,0,float32,85.85625457763672,2.9047045707702637,85.8858439969481,52.529154459635414,2.9047064781188965,4.537109375,
training,attention_only,,tensor,1,none,passed,,162988800,12,12,research-baseline,experiments/l40s/results/research-baselines/training-attention_only-tensor-t01-none.json,,,,,,,,,,,,,,,,,,,0.0,0.0,0.0,12,12,0,0,float32,58.68134307861328,4.192183017730713,58.71486799878767,45.13124084472656,4.193039417266846,6.857421875,
training,attention_only,,tensor,2,ac,passed,,162988800,24,12,research-baseline,experiments/l40s/results/research-baselines/training-attention_only-tensor-t02-ac.json,,,,,,,,,,,,,,,,,,,0.0,0.0,0.0,24,12,0,0,float32,137.2046661376953,3.0445971488952637,137.23157899949,71.63596598307292,3.0445990562438965,4.685546875,
training,attention_only,,tensor,2,none,passed,,162988800,24,12,research-baseline,experiments/l40s/results/research-baselines/training-attention_only-tensor-t02-none.json,,,,,,,,,,,,,,,,,,,0.0,0.0,0.0,24,12,0,0,float32,88.04659271240234,4.916728496551514,88.07141899887938,60.99626668294271,4.9175848960876465,8.384765625,
training,attention_only,,tensor,3,ac,passed,,162988800,36,12,research-baseline,experiments/l40s/results/research-baselines/training-attention_only-tensor-t03-ac.json,,,,,,,,,,,,,,,,,,,0.0,0.0,0.0,36,12,0,0,float32,184.56268310546875,3.184492588043213,184.58978799753822,90.76906331380208,3.1844944953918457,4.92578125,
training,attention_only,,tensor,3,none,passed,,162988800,36,12,research-baseline,experiments/l40s/results/research-baselines/training-attention_only-tensor-t03-none.json,,,,,,,,,,,,,,,,,,,0.0,0.0,0.0,36,12,0,0,float32,121.417724609375,5.620042324066162,121.44396799703827,76.57949829101562,5.620898723602295,9.880859375,
training,attention_only,,tensor,4,ac,passed,,162988800,48,12,research-baseline,experiments/l40s/results/research-baselines/training-attention_only-tensor-t04-ac.json,,,,,,,,,,,,,,,,,,,0.0,0.0,0.0,48,12,0,0,float32,235.03768920898438,3.327070713043213,235.06603600253584,109.88817342122395,3.3270726203918457,5.21484375,
training,attention_only,,tensor,4,none,passed,,162988800,48,12,research-baseline,experiments/l40s/results/research-baselines/training-attention_only-tensor-t04-none.json,,,,,,,,,,,,,,,,,,,0.0,0.0,0.0,48,12,0,0,float32,150.6129913330078,6.325547695159912,150.63948800525395,92.3511454264323,6.326404094696045,11.388671875,
training,attention_only,,tensor,5,ac,passed,,162988800,60,12,research-baseline,experiments/l40s/results/research-baselines/training-attention_only-tensor-t05-ac.json,,,,,,,,,,,,,,,,,,,0.0,0.0,0.0,60,12,0,0,float32,284.35455322265625,3.471113681793213,284.3831260033767,128.79047648111978,3.4711155891418457,5.5078125,
training,attention_only,,tensor,5,none,passed,,162988800,60,12,research-baseline,experiments/l40s/results/research-baselines/training-attention_only-tensor-t05-none.json,,,,,,,,,,,,,,,,,,,0.0,0.0,0.0,60,12,0,0,float32,185.21600341796875,7.031053066253662,185.24885299848393,107.72855631510417,7.031909465789795,12.892578125,
training,attention_only,,tensor,6,ac,passed,,162988800,72,12,research-baseline,experiments/l40s/results/research-baselines/training-attention_only-tensor-t06-ac.json,,,,,,,,,,,,,,,,,,,0.0,0.0,0.0,72,12,0,0,float32,329.7177734375,3.620527744293213,329.7451859980356,148.50487263997397,3.6205296516418457,5.7890625,
training,attention_only,,tensor,6,none,passed,,162988800,72,12,research-baseline,experiments/l40s/results/research-baselines/training-attention_only-tensor-t06-none.json,,,,,,,,,,,,,,,,,,,0.0,0.0,0.0,72,12,0,0,float32,219.1636505126953,7.736558437347412,219.1921400008141,123.84324137369792,7.737414836883545,14.396484375,
training,attention_only,,tensor,7,ac,passed,,162988800,84,12,research-baseline,experiments/l40s/results/research-baselines/training-attention_only-tensor-t07-ac.json,,,,,,,,,,,,,,,,,,,0.0,0.0,0.0,84,12,0,0,float32,389.7271728515625,3.769941806793213,389.76786300190724,167.8902587890625,3.7699437141418457,6.0703125,
training,attention_only,,tensor,7,none,passed,,162988800,84,12,research-baseline,experiments/l40s/results/research-baselines/training-attention_only-tensor-t07-none.json,,,,,,,,,,,,,,,,,,,0.0,0.0,0.0,84,12,0,0,float32,254.80703735351562,8.442063808441162,254.84329699975206,139.64424641927084,8.442920207977295,15.900390625,
training,attention_only,,tensor,8,ac,passed,,162988800,96,12,research-baseline,experiments/l40s/results/research-baselines/training-attention_only-tensor-t08-ac.json,,,,,,,,,,,,,,,,,,,0.0,0.0,0.0,96,12,0,0,float32,437.3985290527344,3.919355869293213,437.4333419982577,186.5328572591146,3.9193577766418457,6.3515625,
training,attention_only,,tensor,8,none,passed,,162988800,96,12,research-baseline,experiments/l40s/results/research-baselines/training-attention_only-tensor-t08-none.json,,,,,,,,,,,,,,,,,,,0.0,0.0,0.0,96,12,0,0,float32,279.8110656738281,9.147569179534912,279.84189800190507,154.8612263997396,9.148425579071045,17.404296875,
training,attention_only,,tensor,9,ac,passed,,162988800,108,12,research-baseline,experiments/l40s/results/research-baselines/training-attention_only-tensor-t09-ac.json,,,,,,,,,,,,,,,,,,,0.0,0.0,0.0,108,12,0,0,float32,490.1877746582031,4.065840244293213,490.2135800002725,205.50040690104166,4.065842151641846,6.6328125,
training,attention_only,,tensor,9,none,passed,,162988800,108,12,research-baseline,experiments/l40s/results/research-baselines/training-attention_only-tensor-t09-none.json,,,,,,,,,,,,,,,,,,,0.0,0.0,0.0,108,12,0,0,float32,320.5765075683594,9.853074550628662,320.6062489989563,170.57211303710938,9.853930950164795,18.912109375,
training,attention_only,,tensor,10,ac,passed,,162988800,120,12,research-baseline,experiments/l40s/results/research-baselines/training-attention_only-tensor-t10-ac.json,,,,,,,,,,,,,,,,,,,0.0,0.0,0.0,120,12,0,0,float32,530.5548095703125,4.206465244293213,530.6009050036664,224.2262980143229,4.206467151641846,6.9140625,
training,attention_only,,tensor,10,none,passed,,162988800,120,12,research-baseline,experiments/l40s/results/research-baselines/training-attention_only-tensor-t10-none.json,,,,,,,,,,,,,,,,,,,0.0,0.0,0.0,120,12,0,0,float32,344.4264831542969,10.558579921722412,344.45927899650997,185.63480631510416,10.559436321258545,20.416015625,
training,attention_only,,tensor,11,ac,passed,,162988800,132,12,research-baseline,experiments/l40s/results/research-baselines/training-attention_only-tensor-t11-ac.json,,,,,,,,,,,,,,,,,,,0.0,0.0,0.0,132,12,0,0,float32,593.5267944335938,4.347090244293213,593.5543190062162,243.8130086263021,4.347092151641846,7.1953125,
training,attention_only,,tensor,11,none,passed,,162988800,132,12,research-baseline,experiments/l40s/results/research-baselines/training-attention_only-tensor-t11-none.json,,,,,,,,,,,,,,,,,,,0.0,0.0,0.0,132,12,0,0,float32,379.2301940917969,11.264085292816162,379.2701929996838,201.6252644856771,11.264941692352295,21.919921875,
training,attention_only,,tensor,12,ac,passed,,162988800,144,12,research-baseline,experiments/l40s/results/research-baselines/training-attention_only-tensor-t12-ac.json,,,,,,,,,,,,,,,,,,,0.0,0.0,0.0,144,12,0,0,float32,641.65478515625,4.487715244293213,641.6870839966577,263.0004069010417,4.487717151641846,7.4765625,
training,attention_only,,tensor,12,none,passed,,162988800,144,12,research-baseline,experiments/l40s/results/research-baselines/training-attention_only-tensor-t12-none.json,,,,,,,,,,,,,,,,,,,0.0,0.0,0.0,144,12,0,0,float32,398.91455078125,11.969590663909912,398.9407429980929,217.50579833984375,11.970447063446045,23.423828125,
training,attention_only,,tensor,13,ac,passed,,162988800,156,12,research-baseline,experiments/l40s/results/research-baselines/training-attention_only-tensor-t13-ac.json,,,,,,,,,,,,,,,,,,,0.0,0.0,0.0,156,12,0,0,float32,694.9734497070312,4.628340244293213,695.0239349971525,282.2591145833333,4.628342151641846,7.7578125,
training,attention_only,,tensor,13,none,passed,,162988800,156,12,research-baseline,experiments/l40s/results/research-baselines/training-attention_only-tensor-t13-none.json,,,,,,,,,,,,,,,,,,,0.0,0.0,0.0,156,12,0,0,float32,447.0865783691406,12.675096035003662,447.11587599886116,233.19108072916666,12.675952434539795,24.931640625,
training,attention_only,,tensor,14,ac,passed,,162988800,168,12,research-baseline,experiments/l40s/results/research-baselines/training-attention_only-tensor-t14-ac.json,,,,,,,,,,,,,,,,,,,0.0,0.0,0.0,168,12,0,0,float32,745.1494140625,4.768965244293213,745.1787719983258,302.10422770182294,4.768967151641846,8.0390625,
training,attention_only,,tensor,14,none,passed,,162988800,168,12,research-baseline,experiments/l40s/results/research-baselines/training-attention_only-tensor-t14-none.json,,,,,,,,,,,,,,,,,,,0.0,0.0,0.0,168,12,0,0,float32,473.74951171875,13.380601406097412,473.78163800021866,250.0484619140625,13.381457805633545,26.435546875,
training,attention_only,,tensor,15,ac,passed,,162988800,180,12,research-baseline,experiments/l40s/results/research-baselines/training-attention_only-tensor-t15-ac.json,,,,,,,,,,,,,,,,,,,0.0,0.0,0.0,180,12,0,0,float32,789.4599609375,4.909590244293213,789.4950609988882,322.2176513671875,4.909592151641846,8.3203125,
training,attention_only,,tensor,15,none,passed,,162988800,180,12,research-baseline,experiments/l40s/results/research-baselines/training-attention_only-tensor-t15-none.json,,,,,,,,,,,,,,,,,,,0.0,0.0,0.0,180,12,0,0,float32,507.1993103027344,14.086106777191162,507.2303520064452,265.74094645182294,14.086963176727295,27.939453125,
training,attention_only,,tensor,16,ac,passed,,162988800,192,12,research-baseline,experiments/l40s/results/research-baselines/training-attention_only-tensor-t16-ac.json,,,,,,,,,,,,,,,,,,,0.0,0.0,0.0,192,12,0,0,float32,854.9713745117188,5.050215244293213,855.009582999628,339.74477132161456,5.050217151641846,8.6015625,
training,attention_only,,tensor,16,none,passed,,162988800,192,12,research-baseline,experiments/l40s/results/research-baselines/training-attention_only-tensor-t16-none.json,,,,,,,,,,,,,,,,,,,0.0,0.0,0.0,192,12,0,0,float32,552.6773681640625,14.791612148284912,552.713646000484,280.02162679036456,14.792468547821045,29.443359375,
training,attention_only,,torch,1,ac,passed,,162988800,12,12,research-baseline,experiments/l40s/results/research-baselines/training-attention_only-torch-t01-ac.json,,,,,,,,,,,,,,,,,,,0.0,0.0,0.0,12,12,0,0,float32,63.66515350341797,4.516669273376465,63.69482300215168,57.26720174153646,4.532845497131348,8.759765625,
training,attention_only,,torch,1,none,passed,,162988800,12,12,research-baseline,experiments/l40s/results/research-baselines/training-attention_only-torch-t01-none.json,,,,,,,,,,,,,,,,,,,0.0,0.0,0.0,12,12,0,0,float32,53.2756462097168,5.9135284423828125,53.3079410015489,52.23389689127604,5.9229936599731445,11.2109375,
training,attention_only,,torch,2,ac,passed,,162988800,24,12,research-baseline,experiments/l40s/results/research-baselines/training-attention_only-torch-t02-ac.json,,,,,,,,,,,,,,,,,,,0.0,0.0,0.0,24,12,0,0,float32,83.06995391845703,4.656808853149414,83.09927499794867,71.12157694498698,4.672985076904297,9.052734375,
training,attention_only,,torch,2,none,passed,,162988800,24,12,research-baseline,experiments/l40s/results/research-baselines/training-attention_only-torch-t02-none.json,,,,,,,,,,,,,,,,,,,0.0,0.0,0.0,24,12,0,0,float32,66.61837005615234,6.619289398193359,66.65046399575658,63.25895690917969,6.634369850158691,12.75390625,
training,attention_only,,torch,3,ac,passed,,162988800,36,12,research-baseline,experiments/l40s/results/research-baselines/training-attention_only-torch-t03-ac.json,,,,,,,,,,,,,,,,,,,0.0,0.0,0.0,36,12,0,0,float32,111.18077087402344,4.798901557922363,111.21074999391567,85.3411865234375,4.815077781677246,9.333984375,
training,attention_only,,torch,3,none,passed,,162988800,36,12,research-baseline,experiments/l40s/results/research-baselines/training-attention_only-torch-t03-none.json,,,,,,,,,,,,,,,,,,,0.0,0.0,0.0,36,12,0,0,float32,80.17203521728516,7.3303022384643555,80.20073700026842,74.83221435546875,7.3475799560546875,14.3125,
training,attention_only,,torch,4,ac,passed,,162988800,48,12,research-baseline,experiments/l40s/results/research-baselines/training-attention_only-torch-t04-ac.json,,,,,,,,,,,,,,,,,,,0.0,0.0,0.0,48,12,0,0,float32,138.61990356445312,4.948071479797363,138.65455600171117,99.86423746744792,4.964247703552246,9.615234375,
training,attention_only,,torch,4,none,passed,,162988800,48,12,research-baseline,experiments/l40s/results/research-baselines/training-attention_only-torch-t04-none.json,,,,,,,,,,,,,,,,,,,0.0,0.0,0.0,48,12,0,0,float32,94.20800018310547,8.039112091064453,94.24002600280801,86.46895345052083,8.054192543029785,15.859375,
training,attention_only,,torch,5,ac,passed,,162988800,60,12,research-baseline,experiments/l40s/results/research-baselines/training-attention_only-torch-t05-ac.json,,,,,,,,,,,,,,,,,,,0.0,0.0,0.0,60,12,0,0,float32,167.7382354736328,5.097485542297363,167.77346299932105,113.4714864095052,5.113661766052246,9.896484375,
training,attention_only,,torch,5,none,passed,,162988800,60,12,research-baseline,experiments/l40s/results/research-baselines/training-attention_only-torch-t05-none.json,,,,,,,,,,,,,,,,,,,0.0,0.0,0.0,60,12,0,0,float32,107.03750610351562,8.75036907196045,107.06782800116343,97.46841430664062,8.767402648925781,17.41796875,
training,attention_only,,torch,6,ac,passed,,162988800,72,12,research-baseline,experiments/l40s/results/research-baselines/training-attention_only-torch-t06-ac.json,,,,,,,,,,,,,,,,,,,0.0,0.0,0.0,72,12,0,0,float32,191.5115509033203,5.246899604797363,191.54392400378129,127.91432698567708,5.263075828552246,10.177734375,
training,attention_only,,torch,6,none,passed,,162988800,72,12,research-baseline,experiments/l40s/results/research-baselines/training-attention_only-torch-t06-none.json,,,,,,,,,,,,,,,,,,,0.0,0.0,0.0,72,12,0,0,float32,120.45619201660156,9.459911346435547,120.48877300549066,109.31336466471355,9.474015235900879,18.9609375,
training,attention_only,,torch,7,ac,passed,,162988800,84,12,research-baseline,experiments/l40s/results/research-baselines/training-attention_only-torch-t07-ac.json,,,,,,,,,,,,,,,,,,,0.0,0.0,0.0,84,12,0,0,float32,225.84934997558594,5.395581245422363,225.88538599666208,142.48482259114584,5.411757469177246,10.458984375,
training,attention_only,,torch,7,none,passed,,162988800,84,12,research-baseline,experiments/l40s/results/research-baselines/training-attention_only-torch-t07-none.json,,,,,,,,,,,,,,,,,,,0.0,0.0,0.0,84,12,0,0,float32,135.2623291015625,10.167017936706543,135.30012399860425,120.9364522298177,10.187225341796875,20.51953125,
training,attention_only,,torch,8,ac,passed,,162988800,96,12,research-baseline,experiments/l40s/results/research-baselines/training-attention_only-torch-t08-ac.json,,,,,,,,,,,,,,,,,,,0.0,0.0,0.0,96,12,0,0,float32,255.25552368164062,5.539135932922363,255.28720500005875,156.119384765625,5.555312156677246,10.740234375,
training,attention_only,,torch,8,none,passed,,162988800,96,12,research-baseline,experiments/l40s/results/research-baselines/training-attention_only-torch-t08-none.json,,,,,,,,,,,,,,,,,,,0.0,0.0,0.0,96,12,0,0,float32,148.5455322265625,10.88022232055664,148.57759699953021,131.7887980143229,10.893837928771973,22.064453125,
training,attention_only,,torch,9,ac,passed,,162988800,108,12,research-baseline,experiments/l40s/results/research-baselines/training-attention_only-torch-t09-ac.json,,,,,,,,,,,,,,,,,,,0.0,0.0,0.0,108,12,0,0,float32,273.85650634765625,5.679760932922363,273.8929370025289,169.94849650065103,5.695937156677246,11.021484375,
training,attention_only,,torch,9,none,passed,,162988800,108,12,research-baseline,experiments/l40s/results/research-baselines/training-attention_only-torch-t09-none.json,,,,,,,,,,,,,,,,,,,0.0,0.0,0.0,108,12,0,0,float32,162.59376525878906,11.590502738952637,162.62521600583568,143.17157999674478,11.607048034667969,23.625,
training,attention_only,,torch,10,ac,passed,,162988800,120,12,research-baseline,experiments/l40s/results/research-baselines/training-attention_only-torch-t10-ac.json,,,,,,,,,,,,,,,,,,,0.0,0.0,0.0,120,12,0,0,float32,303.9129638671875,5.820385932922363,303.9438190025976,185.22794596354166,5.836562156677246,11.302734375,
training,attention_only,,torch,10,none,passed,,162988800,120,12,research-baseline,experiments/l40s/results/research-baselines/training-attention_only-torch-t10-none.json,,,,,,,,,,,,,,,,,,,0.0,0.0,0.0,120,12,0,0,float32,176.8785858154297,12.299800872802734,176.94232899521012,155.37391153971353,12.313660621643066,25.16796875,
training,attention_only,,torch,11,ac,passed,,162988800,132,12,research-baseline,experiments/l40s/results/research-baselines/training-attention_only-torch-t11-ac.json,,,,,,,,,,,,,,,,,,,0.0,0.0,0.0,132,12,0,0,float32,331.1626281738281,5.961010932922363,331.1949449998792,198.255615234375,5.977187156677246,11.583984375,
training,attention_only,,torch,11,none,passed,,162988800,132,12,research-baseline,experiments/l40s/results/research-baselines/training-attention_only-torch-t11-none.json,,,,,,,,,,,,,,,,,,,0.0,0.0,0.0,132,12,0,0,float32,188.61363220214844,13.00422191619873,188.64749200292863,165.97742716471353,13.020278930664062,26.7265625,
training,attention_only,,torch,12,ac,passed,,162988800,144,12,research-baseline,experiments/l40s/results/research-baselines/training-attention_only-torch-t12-ac.json,,,,,,,,,,,,,,,,,,,0.0,0.0,0.0,144,12,0,0,float32,371.7939147949219,6.101635932922363,371.8262760012294,212.81962076822916,6.117812156677246,11.865234375,
training,attention_only,,torch,12,none,passed,,162988800,144,12,research-baseline,experiments/l40s/results/research-baselines/training-attention_only-torch-t12-none.json,,,,,,,,,,,,,,,,,,,0.0,0.0,0.0,144,12,0,0,float32,202.72128295898438,13.709857940673828,202.7643219989841,177.6892293294271,13.72469425201416,28.26953125,
training,attention_only,,torch,13,ac,passed,,162988800,156,12,research-baseline,experiments/l40s/results/research-baselines/training-attention_only-torch-t13-ac.json,,,,,,,,,,,,,,,,,,,0.0,0.0,0.0,156,12,0,0,float32,393.4975891113281,6.242260932922363,393.5356839938322,227.0198974609375,6.258437156677246,12.146484375,
training,attention_only,,torch,13,none,passed,,162988800,156,12,research-baseline,experiments/l40s/results/research-baselines/training-attention_only-torch-t13-none.json,,,,,,,,,,,,,,,,,,,0.0,0.0,0.0,156,12,0,0,float32,218.01881408691406,14.416720390319824,218.04982199682854,189.1747843424479,14.431312561035156,29.83203125,
training,attention_only,,torch,14,ac,passed,,162988800,168,12,research-baseline,experiments/l40s/results/research-baselines/training-attention_only-torch-t14-ac.json,,,,,,,,,,,,,,,,,,,0.0,0.0,0.0,168,12,0,0,float32,427.70123291015625,6.382885932922363,427.7327919990057,242.04083251953125,6.399062156677246,12.427734375,
training,attention_only,,torch,14,none,passed,,162988800,168,12,research-baseline,experiments/l40s/results/research-baselines/training-attention_only-torch-t14-none.json,,,,,,,,,,,,,,,,,,,0.0,0.0,0.0,168,12,0,0,float32,231.30726623535156,15.121379852294922,231.36924100253964,200.9743448893229,15.135727882385254,31.375,
training,attention_only,,torch,15,ac,passed,,162988800,180,12,research-baseline,experiments/l40s/results/research-baselines/training-attention_only-torch-t15-ac.json,,,,,,,,,,,,,,,,,,,0.0,0.0,0.0,180,12,0,0,float32,456.1182861328125,6.523510932922363,456.1547179982881,256.6174723307292,6.539687156677246,12.708984375,
training,attention_only,,torch,15,none,passed,,162988800,180,12,research-baseline,experiments/l40s/results/research-baselines/training-attention_only-torch-t15-none.json,,,,,,,,,,,,,,,,,,,0.0,0.0,0.0,180,12,0,0,float32,244.30181884765625,15.826289176940918,244.3399039984797,213.34151204427084,15.84234619140625,32.93359375,
training,attention_only,,torch,16,ac,passed,,162988800,192,12,research-baseline,experiments/l40s/results/research-baselines/training-attention_only-torch-t16-ac.json,,,,,,,,,,,,,,,,,,,0.0,0.0,0.0,192,12,0,0,float32,484.92236328125,6.664135932922363,484.9619199958397,269.09560139973956,6.680312156677246,12.990234375,
training,attention_only,,torch,16,none,passed,,162988800,192,12,research-baseline,experiments/l40s/results/research-baselines/training-attention_only-torch-t16-none.json,,,,,,,,,,,,,,,,,,,0.0,0.0,0.0,192,12,0,0,float32,256.1957092285156,16.533878326416016,256.2337720009964,223.0859171549479,16.546761512756348,34.4765625,
training,grt,,tensor,1,ac,passed,,165960960,12,12,research-baseline,experiments/l40s/results/research-baselines/training-grt-tensor-t01-ac.json,,,,,,,,,,,,,,,,,,,0.0,0.0,0.0,12,12,1,1,bfloat16,87.57030487060547,2.873598575592041,87.59633299632696,53.02101135253906,2.8736014366149902,4.6796875,
training,grt,,tensor,1,none,passed,,165960960,12,12,research-baseline,experiments/l40s/results/research-baselines/training-grt-tensor-t01-none.json,,,,,,,,,,,,,,,,,,,0.0,0.0,0.0,12,12,1,1,bfloat16,63.487998962402344,4.145080089569092,63.51212900335668,45.4659423828125,4.145937442779541,6.796875,
training,grt,,tensor,2,ac,passed,,165960960,20,12,research-baseline,experiments/l40s/results/research-baselines/training-grt-tensor-t02-ac.json,,,,,,,,,,,,,,,,,,,0.0,0.0,0.0,20,20,2,2,bfloat16,135.39840698242188,3.045318126678467,135.42947800306138,78.20909627278645,3.044344425201416,4.73046875,
training,grt,,tensor,2,none,passed,,165960960,20,12,research-baseline,experiments/l40s/results/research-baselines/training-grt-tensor-t02-none.json,,,,,,,,,,,,,,,,,,,0.0,0.0,0.0,20,20,2,2,bfloat16,97.88825225830078,5.117095470428467,97.91585800121538,65.6370340983073,5.117952823638916,8.8359375,
training,grt,,tensor,3,ac,passed,,165960960,28,12,research-baseline,experiments/l40s/results/research-baselines/training-grt-tensor-t03-ac.json,,,,,,,,,,,,,,,,,,,0.0,0.0,0.0,28,28,3,3,bfloat16,184.5207061767578,3.217650890350342,184.54509299772326,102.82154337565105,3.216555118560791,5.044921875,
training,grt,,tensor,3,none,passed,,165960960,28,12,research-baseline,experiments/l40s/results/research-baselines/training-grt-tensor-t03-none.json,,,,,,,,,,,,,,,,,,,0.0,0.0,0.0,28,28,3,3,bfloat16,129.0680389404297,6.0930256843566895,129.0926590008894,85.32718912760417,6.092662334442139,10.865234375,
training,grt,,tensor,4,ac,passed,,165960960,36,12,research-baseline,experiments/l40s/results/research-baselines/training-grt-tensor-t04-ac.json,,,,,,,,,,,,,,,,,,,0.0,0.0,0.0,36,36,4,4,bfloat16,238.08819580078125,3.388518810272217,238.11098800069885,127.4982401529948,3.388521671295166,5.384765625,
training,grt,,tensor,4,none,passed,,165960960,36,12,research-baseline,experiments/l40s/results/research-baselines/training-grt-tensor-t04-none.json,,,,,,,,,,,,,,,,,,,0.0,0.0,0.0,36,36,4,4,bfloat16,162.48422241210938,7.069182872772217,162.51665000163484,105.18118286132812,7.069307804107666,12.904296875,
training,grt,,tensor,5,ac,passed,,165960960,44,12,research-baseline,experiments/l40s/results/research-baselines/training-grt-tensor-t05-ac.json,,,,,,,,,,,,,,,,,,,0.0,0.0,0.0,44,44,5,5,bfloat16,289.1018371582031,3.559752941131592,289.12866399332415,152.22545369466147,3.559755802154541,5.771484375,
training,grt,,tensor,5,none,passed,,165960960,44,12,research-baseline,experiments/l40s/results/research-baselines/training-grt-tensor-t05-none.json,,,,,,,,,,,,,,,,,,,0.0,0.0,0.0,44,44,5,5,bfloat16,195.51426696777344,8.045348644256592,195.53993199951947,124.97544352213542,8.045473575592041,14.943359375,
training,grt,,tensor,6,ac,passed,,165960960,52,12,research-baseline,experiments/l40s/results/research-baselines/training-grt-tensor-t06-ac.json,,,,,,,,,,,,,,,,,,,0.0,0.0,0.0,52,52,6,6,bfloat16,341.8561706542969,3.731963634490967,341.88168500259053,177.8387654622396,3.731966495513916,6.109375,
training,grt,,tensor,6,none,passed,,165960960,52,12,research-baseline,experiments/l40s/results/research-baselines/training-grt-tensor-t06-none.json,,,,,,,,,,,,,,,,,,,0.0,0.0,0.0,52,52,6,6,bfloat16,229.65554809570312,9.021514415740967,229.68499399576103,145.59431966145834,9.021639347076416,16.978515625,
training,grt,,tensor,7,ac,passed,,165960960,60,12,research-baseline,experiments/l40s/results/research-baselines/training-grt-tensor-t07-ac.json,,,,,,,,,,,,,,,,,,,0.0,0.0,0.0,60,60,7,7,bfloat16,384.77105712890625,3.904174327850342,384.79702299810015,202.50248209635416,3.904177188873291,6.45703125,
training,grt,,tensor,7,none,passed,,165960960,60,12,research-baseline,experiments/l40s/results/research-baselines/training-grt-tensor-t07-none.json,,,,,,,,,,,,,,,,,,,0.0,0.0,0.0,60,60,7,7,bfloat16,265.7514953613281,9.993285655975342,265.7794390033814,165.1568603515625,9.993410587310791,18.998046875,
training,grt,,tensor,8,ac,passed,,165960960,68,12,research-baseline,experiments/l40s/results/research-baselines/training-grt-tensor-t08-ac.json,,,,,,,,,,,,,,,,,,,0.0,0.0,0.0,68,68,8,8,bfloat16,430.47845458984375,4.076385021209717,430.5050949988072,227.80757649739584,4.076387882232666,6.779296875,
training,grt,,tensor,8,none,passed,,165960960,68,12,research-baseline,experiments/l40s/results/research-baselines/training-grt-tensor-t08-none.json,,,,,,,,,,,,,,,,,,,0.0,0.0,0.0,68,68,8,8,bfloat16,298.83905029296875,10.962127208709717,298.8711770012742,185.47981770833334,10.962252140045166,21.025390625,
training,grt,,tensor,9,ac,passed,,165960960,76,12,research-baseline,experiments/l40s/results/research-baselines/training-grt-tensor-t09-ac.json,,,,,,,,,,,,,,,,,,,0.0,0.0,0.0,76,76,9,9,bfloat16,499.57989501953125,4.249328136444092,499.6074119990226,251.4913330078125,4.248598575592041,7.126953125,
training,grt,,tensor,9,none,passed,,165960960,76,12,research-baseline,experiments/l40s/results/research-baselines/training-grt-tensor-t09-none.json,,,,,,,,,,,,,,,,,,,0.0,0.0,0.0,76,76,9,9,bfloat16,324.1502685546875,11.930968761444092,324.1903870002716,204.81024169921875,11.931093692779541,23.052734375,
training,grt,,tensor,10,ac,passed,,165960960,84,12,research-baseline,experiments/l40s/results/research-baselines/training-grt-tensor-t10-ac.json,,,,,,,,,,,,,,,,,,,0.0,0.0,0.0,84,84,10,10,bfloat16,550.3856811523438,4.420806407928467,550.4116089941817,275.9621988932292,4.420809268951416,7.46484375,
training,grt,,tensor,10,none,passed,,165960960,84,12,research-baseline,experiments/l40s/results/research-baselines/training-grt-tensor-t10-none.json,,,,,,,,,,,,,,,,,,,0.0,0.0,0.0,84,84,10,10,bfloat16,356.0693664550781,12.899810314178467,356.0987979944912,224.4955851236979,12.899935245513916,25.080078125,
training,grt,,tensor,11,ac,passed,,165960960,92,12,research-baseline,experiments/l40s/results/research-baselines/training-grt-tensor-t11-ac.json,,,,,,,,,,,,,,,,,,,0.0,0.0,0.0,92,92,11,11,bfloat16,587.7741088867188,4.593017101287842,587.8004909973242,301.9833984375,4.593019962310791,7.8125,
training,grt,,tensor,11,none,passed,,165960960,92,12,research-baseline,experiments/l40s/results/research-baselines/training-grt-tensor-t11-none.json,,,,,,,,,,,,,,,,,,,0.0,0.0,0.0,92,92,11,11,bfloat16,403.0198669433594,13.868651866912842,403.0509579970385,249.5146280924479,13.868776798248291,27.107421875,
training,grt,,tensor,12,ac,passed,,165960960,100,12,research-baseline,experiments/l40s/results/research-baselines/training-grt-tensor-t12-ac.json,,,,,,,,,,,,,,,,,,,0.0,0.0,0.0,100,100,12,12,bfloat16,691.5932006835938,4.765227794647217,691.6266670014011,325.3343505859375,4.765230655670166,8.146484375,
training,grt,,tensor,12,none,passed,,165960960,100,12,research-baseline,experiments/l40s/results/research-baselines/training-grt-tensor-t12-none.json,,,,,,,,,,,,,,,,,,,0.0,0.0,0.0,100,100,12,12,bfloat16,437.8030090332031,14.837493419647217,437.8319149982417,263.81414794921875,14.837618350982666,29.134765625,
training,grt,,tensor,13,ac,passed,,165960960,108,12,research-baseline,experiments/l40s/results/research-baselines/training-grt-tensor-t13-ac.json,,,,,,,,,,,,,,,,,,,0.0,0.0,0.0,108,108,13,13,bfloat16,698.6854248046875,4.937926769256592,698.7274359998992,350.8623453776042,4.937441349029541,8.494140625,
training,grt,,tensor,13,none,passed,,165960960,108,12,research-baseline,experiments/l40s/results/research-baselines/training-grt-tensor-t13-none.json,,,,,,,,,,,,,,,,,,,0.0,0.0,0.0,108,108,13,13,bfloat16,469.0216979980469,15.806334972381592,469.0514059984707,284.37367757161456,15.806459903717041,31.162109375,
training,grt,,tensor,14,ac,passed,,165960960,116,12,research-baseline,experiments/l40s/results/research-baselines/training-grt-tensor-t14-ac.json,,,,,,,,,,,,,,,,,,,0.0,0.0,0.0,116,116,14,14,bfloat16,732.8132934570312,5.109649181365967,732.846304999839,376.2343343098958,5.109652042388916,8.83203125,
training,grt,,tensor,14,none,passed,,165960960,116,12,research-baseline,experiments/l40s/results/research-baselines/training-grt-tensor-t14-none.json,,,,,,,,,,,,,,,,,,,0.0,0.0,0.0,116,116,14,14,bfloat16,501.3606262207031,16.775176525115967,501.39147599838907,304.02492268880206,16.775301456451416,33.189453125,
training,grt,,tensor,15,ac,passed,,165960960,124,12,research-baseline,experiments/l40s/results/research-baselines/training-grt-tensor-t15-ac.json,,,,,,,,,,,,,,,,,,,0.0,0.0,0.0,124,124,15,15,bfloat16,788.0908813476562,5.281859874725342,788.1219549963134,404.7199300130208,5.281862735748291,9.177734375,
training,grt,,tensor,15,none,passed,,165960960,124,12,research-baseline,experiments/l40s/results/research-baselines/training-grt-tensor-t15-none.json,,,,,,,,,,,,,,,,,,,0.0,0.0,0.0,124,124,15,15,bfloat16,533.2346801757812,17.744018077850342,533.2646179958829,327.43284098307294,17.74414300918579,35.216796875,
training,grt,,tensor,16,ac,passed,,165960960,132,12,research-baseline,experiments/l40s/results/research-baselines/training-grt-tensor-t16-ac.json,,,,,,,,,,,,,,,,,,,0.0,0.0,0.0,132,132,16,16,bfloat16,855.4088134765625,5.454070568084717,855.4443330067443,427.43603515625,5.454073429107666,9.52734375,
training,grt,,tensor,16,none,passed,,165960960,132,12,research-baseline,experiments/l40s/results/research-baselines/training-grt-tensor-t16-none.json,,,,,,,,,,,,,,,,,,,0.0,0.0,0.0,132,132,16,16,bfloat16,586.3679809570312,18.712859630584717,586.4010410004994,346.0177815755208,18.712984561920166,37.244140625,
training,grt,,torch,1,ac,passed,,165960960,12,12,research-baseline,experiments/l40s/results/research-baselines/training-grt-torch-t01-ac.json,,,,,,,,,,,,,,,,,,,0.0,0.0,0.0,12,12,1,1,bfloat16,62.22528076171875,4.472138404846191,62.2560319970944,57.514668782552086,4.487827301025391,8.689453125,
training,grt,,torch,1,none,passed,,165960960,12,12,research-baseline,experiments/l40s/results/research-baselines/training-grt-torch-t01-none.json,,,,,,,,,,,,,,,,,,,0.0,0.0,0.0,12,12,1,1,bfloat16,53.0247688293457,6.060281753540039,53.05602699809242,52.08644104003906,6.0704803466796875,11.37890625,
training,grt,,torch,2,ac,passed,,165960960,20,12,research-baseline,experiments/l40s/results/research-baselines/training-grt-torch-t02-ac.json,,,,,,,,,,,,,,,,,,,0.0,0.0,0.0,20,20,2,2,bfloat16,85.21625518798828,4.617368698120117,85.24954799941042,77.60377502441406,4.632935523986816,8.982421875,
training,grt,,torch,2,none,passed,,165960960,20,12,research-baseline,experiments/l40s/results/research-baselines/training-grt-torch-t02-none.json,,,,,,,,,,,,,,,,,,,0.0,0.0,0.0,20,20,2,2,bfloat16,69.7026596069336,7.172929763793945,69.75722200149903,68.23730977376302,7.1794633865356445,13.640625,
training,grt,,torch,3,ac,passed,,165960960,28,12,research-baseline,experiments/l40s/results/research-baselines/training-grt-torch-t03-ac.json,,,,,,,,,,,,,,,,,,,0.0,0.0,0.0,28,28,3,3,bfloat16,107.1114273071289,4.767850875854492,107.14481300237821,97.13424682617188,4.780976295471191,9.263671875,
training,grt,,torch,3,none,passed,,165960960,28,12,research-baseline,experiments/l40s/results/research-baselines/training-grt-torch-t03-none.json,,,,,,,,,,,,,,,,,,,0.0,0.0,0.0,28,28,3,3,bfloat16,86.0416030883789,8.266046524047852,86.09998399333563,84.10248311360677,8.27135944366455,15.90234375,
training,grt,,torch,4,ac,passed,,165960960,36,12,research-baseline,experiments/l40s/results/research-baselines/training-grt-torch-t04-ac.json,,,,,,,,,,,,,,,,,,,0.0,0.0,0.0,36,36,4,4,bfloat16,129.54214477539062,4.912595748901367,129.57113499578554,116.65540568033855,4.928162574768066,9.568359375,
training,grt,,torch,4,none,passed,,165960960,36,12,research-baseline,experiments/l40s/results/research-baselines/training-grt-torch-t04-none.json,,,,,,,,,,,,,,,,,,,0.0,0.0,0.0,36,36,4,4,bfloat16,102.38451385498047,9.350618362426758,102.41576500266092,100.06050618489583,9.356663703918457,18.1640625,
training,grt,,torch,5,ac,passed,,165960960,44,12,research-baseline,experiments/l40s/results/research-baselines/training-grt-torch-t05-ac.json,,,,,,,,,,,,,,,,,,,0.0,0.0,0.0,44,44,5,5,bfloat16,151.77728271484375,5.060151100158691,151.80749400315108,136.13016764322916,5.075473785400391,9.849609375,
training,grt,,torch,5,none,passed,,165960960,44,12,research-baseline,experiments/l40s/results/research-baselines/training-grt-torch-t05-none.json,,,,,,,,,,,,,,,,,,,0.0,0.0,0.0,44,44,5,5,bfloat16,118.3529281616211,10.430429458618164,118.38414100202499,115.7024434407552,10.442700386047363,20.427734375,
training,grt,,torch,6,ac,passed,,165960960,52,12,research-baseline,experiments/l40s/results/research-baselines/training-grt-torch-t06-ac.json,,,,,,,,,,,,,,,,,,,0.0,0.0,0.0,52,52,6,6,bfloat16,175.0108184814453,5.204288482666016,175.0424350029789,156.88430786132812,5.220587730407715,10.15625,
training,grt,,torch,6,none,passed,,165960960,52,12,research-baseline,experiments/l40s/results/research-baselines/training-grt-torch-t06-none.json,,,,,,,,,,,,,,,,,,,0.0,0.0,0.0,52,52,6,6,bfloat16,135.18637084960938,11.51292610168457,135.21659500111127,132.50115966796875,11.52873706817627,22.689453125,
training,grt,,torch,7,ac,passed,,165960960,60,12,research-baseline,experiments/l40s/results/research-baselines/training-grt-torch-t07-ac.json,,,,,,,,,,,,,,,,,,,0.0,0.0,0.0,60,60,7,7,bfloat16,199.47433471679688,5.355503082275391,199.50235000578687,177.1089884440104,5.370822906494141,10.4375,
training,grt,,torch,7,none,passed,,165960960,60,12,research-baseline,experiments/l40s/results/research-baselines/training-grt-torch-t07-none.json,,,,,,,,,,,,,,,,,,,0.0,0.0,0.0,60,60,7,7,bfloat16,152.3568572998047,12.598474502563477,152.39332600322086,148.67383829752603,12.614773750305176,24.951171875,
training,grt,,torch,8,ac,passed,,165960960,68,12,research-baseline,experiments/l40s/results/research-baselines/training-grt-torch-t08-ac.json,,,,,,,,,,,,,,,,,,,0.0,0.0,0.0,68,68,8,8,bfloat16,222.9923858642578,5.502079010009766,223.02934199979063,195.998046875,5.518866539001465,10.7421875,
training,grt,,torch,8,none,passed,,165960960,68,12,research-baseline,experiments/l40s/results/research-baselines/training-grt-torch-t08-none.json,,,,,,,,,,,,,,,,,,,0.0,0.0,0.0,68,68,8,8,bfloat16,168.39967346191406,13.684511184692383,168.43364499800373,164.5608927408854,13.700810432434082,27.21484375,
training,grt,,torch,9,ac,passed,,165960960,76,12,research-baseline,experiments/l40s/results/research-baselines/training-grt-torch-t09-ac.json,,,,,,,,,,,,,,,,,,,0.0,0.0,0.0,76,76,9,9,bfloat16,246.54336547851562,5.653779029846191,246.57255900092423,215.42911783854166,5.669101715087891,11.0234375,
training,grt,,torch,9,none,passed,,165960960,76,12,research-baseline,experiments/l40s/results/research-baselines/training-grt-torch-t09-none.json,,,,,,,,,,,,,,,,,,,0.0,0.0,0.0,76,76,9,9,bfloat16,184.06605529785156,14.770547866821289,184.10155600577127,179.85774739583334,14.786847114562988,29.4765625,
training,grt,,torch,10,ac,passed,,165960960,84,12,research-baseline,experiments/l40s/results/research-baselines/training-grt-torch-t10-ac.json,,,,,,,,,,,,,,,,,,,0.0,0.0,0.0,84,84,10,10,bfloat16,265.9266662597656,5.800846099853516,265.9579550017952,235.5899658203125,5.817145347595215,11.328125,
training,grt,,torch,10,none,passed,,165960960,84,12,research-baseline,experiments/l40s/results/research-baselines/training-grt-torch-t10-none.json,,,,,,,,,,,,,,,,,,,0.0,0.0,0.0,84,84,10,10,bfloat16,201.15968322753906,15.856584548950195,201.1926159975701,196.07208251953125,15.872883796691895,31.73828125,
training,grt,,torch,11,ac,passed,,165960960,92,12,research-baseline,experiments/l40s/results/research-baselines/training-grt-torch-t11-ac.json,,,,,,,,,,,,,,,,,,,0.0,0.0,0.0,92,92,11,11,bfloat16,292.99713134765625,5.952060699462891,293.03082099795574,254.693359375,5.967380523681641,11.609375,
training,grt,,torch,11,none,passed,,165960960,92,12,research-baseline,experiments/l40s/results/research-baselines/training-grt-torch-t11-none.json,,,,,,,,,,,,,,,,,,,0.0,0.0,0.0,92,92,11,11,bfloat16,217.01734924316406,16.9426212310791,217.0766250055749,211.62359619140625,16.9589204788208,34.0,
training,grt,,torch,12,ac,passed,,165960960,100,12,research-baseline,experiments/l40s/results/research-baselines/training-grt-torch-t12-ac.json,,,,,,,,,,,,,,,,,,,0.0,0.0,0.0,100,100,12,12,bfloat16,319.3396301269531,6.098636627197266,319.37310499779414,274.6536458333333,6.115424156188965,11.9140625,
training,grt,,torch,12,none,passed,,165960960,100,12,research-baseline,experiments/l40s/results/research-baselines/training-grt-torch-t12-none.json,,,,,,,,,,,,,,,,,,,0.0,0.0,0.0,100,100,12,12,bfloat16,233.64813232421875,18.028657913208008,233.70778700336814,227.6764933268229,18.044957160949707,36.26171875,
training,grt,,torch,13,ac,passed,,165960960,108,12,research-baseline,experiments/l40s/results/research-baselines/training-grt-torch-t13-ac.json,,,,,,,,,,,,,,,,,,,0.0,0.0,0.0,108,108,13,13,bfloat16,342.8956298828125,6.250336647033691,342.93857000011485,294.89288330078125,6.265659332275391,12.193359375,
training,grt,,torch,13,none,passed,,165960960,108,12,research-baseline,experiments/l40s/results/research-baselines/training-grt-torch-t13-none.json,,,,,,,,,,,,,,,,,,,0.0,0.0,0.0,108,108,13,13,bfloat16,250.7939910888672,19.114694595336914,250.82819200179074,244.2270711263021,19.130993843078613,38.5234375,
training,grt,,torch,14,ac,passed,,165960960,116,12,research-baseline,experiments/l40s/results/research-baselines/training-grt-torch-t14-ac.json,,,,,,,,,,,,,,,,,,,0.0,0.0,0.0,116,116,14,14,bfloat16,370.6399230957031,6.397403717041016,370.6728960023611,315.1267496744792,6.413702964782715,12.498046875,
training,grt,,torch,14,none,passed,,165960960,116,12,research-baseline,experiments/l40s/results/research-baselines/training-grt-torch-t14-none.json,,,,,,,,,,,,,,,,,,,0.0,0.0,0.0,116,116,14,14,bfloat16,266.96807861328125,20.20073127746582,267.0051609966322,260.4574381510417,20.21703052520752,40.78515625,
training,grt,,torch,15,ac,passed,,165960960,124,12,research-baseline,experiments/l40s/results/research-baselines/training-grt-torch-t15-ac.json,,,,,,,,,,,,,,,,,,,0.0,0.0,0.0,124,124,15,15,bfloat16,401.29632568359375,6.548618316650391,401.3303850006196,335.5320231119792,6.563938140869141,12.779296875,
training,grt,,torch,15,none,passed,,165960960,124,12,research-baseline,experiments/l40s/results/research-baselines/training-grt-torch-t15-none.json,,,,,,,,,,,,,,,,,,,0.0,0.0,0.0,124,124,15,15,bfloat16,284.4354553222656,21.286767959594727,284.4720560024143,276.8424886067708,21.303067207336426,43.046875,
training,grt,,torch,16,ac,passed,,165960960,132,12,research-baseline,experiments/l40s/results/research-baselines/training-grt-torch-t16-ac.json,,,,,,,,,,,,,,,,,,,0.0,0.0,0.0,132,132,16,16,bfloat16,427.6601257324219,6.695194244384766,427.6997730048606,355.8638916015625,6.711981773376465,13.083984375,
training,grt,,torch,16,none,passed,,165960960,132,12,research-baseline,experiments/l40s/results/research-baselines/training-grt-torch-t16-none.json,,,,,,,,,,,,,,,,,,,0.0,0.0,0.0,132,132,16,16,bfloat16,302.1455383300781,22.372804641723633,302.20890999771655,294.19724527994794,22.389103889465332,25.474609375,
training,lpt,,tensor,1,ac,passed,,162988800,12,12,research-baseline,experiments/l40s/results/research-baselines/training-lpt-tensor-t01-ac.json,,,,,,,,,,,,,,,,,,,0.0,0.0,0.0,12,12,0,0,float32,82.5354232788086,2.7648091316223145,82.56079100101488,53.05071004231771,2.7648110389709473,4.580078125,
training,lpt,,tensor,1,none,passed,,162988800,12,12,research-baseline,experiments/l40s/results/research-baselines/training-lpt-tensor-t01-none.json,,,,,,,,,,,,,,,,,,,0.0,0.0,0.0,12,12,0,0,float32,58.7775993347168,4.185347080230713,58.802240004297346,45.12085469563802,4.185715198516846,6.853515625,
training,lpt,,tensor,2,ac,passed,,162988800,24,12,research-baseline,experiments/l40s/results/research-baselines/training-lpt-tensor-t02-ac.json,,,,,,,,,,,,,,,,,,,0.0,0.0,0.0,24,24,0,0,float32,160.88575744628906,3.0483813285827637,160.91594700264977,92.73480224609375,3.0476508140563965,5.02734375,
training,lpt,,tensor,2,none,passed,,162988800,24,12,research-baseline,experiments/l40s/results/research-baselines/training-lpt-tensor-t02-none.json,,,,,,,,,,,,,,,,,,,0.0,0.0,0.0,24,24,0,0,float32,106.81343841552734,5.8990864753723145,106.83982699993066,75.75412495930989,5.899942874908447,10.796875,
training,lpt,,tensor,3,ac,passed,,162988800,36,12,research-baseline,experiments/l40s/results/research-baselines/training-lpt-tensor-t03-ac.json,,,,,,,,,,,,,,,,,,,0.0,0.0,0.0,36,36,0,0,float32,230.25868225097656,3.194666862487793,230.28258600243134,132.08230590820312,3.1925454139709473,5.2890625,
training,lpt,,tensor,3,none,passed,,162988800,36,12,research-baseline,experiments/l40s/results/research-baselines/training-lpt-tensor-t03-none.json,,,,,,,,,,,,,,,,,,,0.0,0.0,0.0,36,36,0,0,float32,156.6402587890625,7.589885234832764,156.66740499727894,106.40383911132812,7.5907416343688965,14.42578125,
training,lpt,,tensor,4,ac,passed,,162988800,48,12,research-baseline,experiments/l40s/results/research-baselines/training-lpt-tensor-t04-ac.json,,,,,,,,,,,,,,,,,,,0.0,0.0,0.0,48,48,0,0,float32,307.084228515625,3.336268424987793,307.1137160004582,171.6281941731771,3.3331704139709473,5.5625,
training,lpt,,tensor,4,none,passed,,162988800,48,12,research-baseline,experiments/l40s/results/research-baselines/training-lpt-tensor-t04-none.json,,,,,,,,,,,,,,,,,,,0.0,0.0,0.0,48,48,0,0,float32,199.4977264404297,9.279948711395264,199.52509800350526,137.0855712890625,9.280805110931396,17.98046875,
training,lpt,,tensor,5,ac,passed,,162988800,60,12,research-baseline,experiments/l40s/results/research-baselines/training-lpt-tensor-t05-ac.json,,,,,,,,,,,,,,,,,,,0.0,0.0,0.0,60,60,0,0,float32,372.9981384277344,3.476893424987793,373.02619100228185,211.9874064127604,3.4737954139709473,5.703125,
training,lpt,,tensor,5,none,passed,,162988800,60,12,research-baseline,experiments/l40s/results/research-baselines/training-lpt-tensor-t05-none.json,,,,,,,,,,,,,,,,,,,0.0,0.0,0.0,60,60,0,0,float32,248.732666015625,10.970012187957764,248.76848599524237,168.68517049153647,10.970868587493896,21.546875,
training,lpt,,tensor,6,ac,passed,,162988800,72,12,research-baseline,experiments/l40s/results/research-baselines/training-lpt-tensor-t06-ac.json,,,,,,,,,,,,,,,,,,,0.0,0.0,0.0,72,72,0,0,float32,454.6539611816406,3.615321159362793,454.6903449954698,252.0238037109375,3.6144204139709473,5.904296875,
training,lpt,,tensor,6,none,passed,,162988800,72,12,research-baseline,experiments/l40s/results/research-baselines/training-lpt-tensor-t06-none.json,,,,,,,,,,,,,,,,,,,0.0,0.0,0.0,72,72,0,0,float32,296.7642822265625,12.660075664520264,296.7916490015341,199.2789306640625,12.660932064056396,25.48828125,
training,lpt,,tensor,7,ac,passed,,162988800,84,12,research-baseline,experiments/l40s/results/research-baselines/training-lpt-tensor-t07-ac.json,,,,,,,,,,,,,,,,,,,0.0,0.0,0.0,84,84,0,0,float32,516.6315307617188,3.755946159362793,516.6625639976701,291.62733968098956,3.7550454139709473,6.185546875,
training,lpt,,tensor,7,none,passed,,162988800,84,12,research-baseline,experiments/l40s/results/research-baselines/training-lpt-tensor-t07-none.json,,,,,,,,,,,,,,,,,,,0.0,0.0,0.0,84,84,0,0,float32,340.6028747558594,14.350139141082764,340.64263600157574,229.99346923828125,14.350995540618896,29.056640625,
training,lpt,,tensor,8,ac,passed,,162988800,96,12,research-baseline,experiments/l40s/results/research-baselines/training-lpt-tensor-t08-ac.json,,,,,,,,,,,,,,,,,,,0.0,0.0,0.0,96,96,0,0,float32,616.4541625976562,3.896571159362793,616.4828769979067,331.6794026692708,3.8956704139709473,6.466796875,
training,lpt,,tensor,8,none,passed,,162988800,96,12,research-baseline,experiments/l40s/results/research-baselines/training-lpt-tensor-t08-none.json,,,,,,,,,,,,,,,,,,,0.0,0.0,0.0,96,96,0,0,float32,383.5013122558594,16.040202617645264,383.5281470019254,260.702880859375,16.041059017181396,32.611328125,
training,lpt,,tensor,9,ac,passed,,162988800,108,12,research-baseline,experiments/l40s/results/research-baselines/training-lpt-tensor-t09-ac.json,,,,,,,,,,,,,,,,,,,0.0,0.0,0.0,108,108,0,0,float32,686.51416015625,4.037196159362793,686.5477480023401,369.3342692057292,4.036295413970947,6.748046875,
training,lpt,,tensor,9,none,passed,,162988800,108,12,research-baseline,experiments/l40s/results/research-baselines/training-lpt-tensor-t09-none.json,,,,,,,,,,,,,,,,,,,0.0,0.0,0.0,108,108,0,0,float32,438.0416259765625,17.730266094207764,438.0706480005756,290.60300699869794,17.731122493743896,36.25,
training,lpt,,tensor,10,ac,passed,,162988800,120,12,research-baseline,experiments/l40s/results/research-baselines/training-lpt-tensor-t10-ac.json,,,,,,,,,,,,,,,,,,,0.0,0.0,0.0,120,120,0,0,float32,757.7130737304688,4.177821159362793,757.7446670038626,409.1600341796875,4.176920413970947,7.029296875,
training,lpt,,tensor,10,none,passed,,162988800,120,12,research-baseline,experiments/l40s/results/research-baselines/training-lpt-tensor-t10-none.json,,,,,,,,,,,,,,,,,,,0.0,0.0,0.0,120,120,0,0,float32,493.0365295410156,19.420329570770264,493.073194003955,320.73927815755206,19.421185970306396,40.251953125,
training,lpt,,tensor,11,ac,passed,,162988800,132,12,research-baseline,experiments/l40s/results/research-baselines/training-lpt-tensor-t11-ac.json,,,,,,,,,,,,,,,,,,,0.0,0.0,0.0,132,132,0,0,float32,815.4962158203125,4.318446159362793,815.533539003809,450.8275960286458,4.317545413970947,7.310546875,
training,lpt,,tensor,11,none,passed,,162988800,132,12,research-baseline,experiments/l40s/results/research-baselines/training-lpt-tensor-t11-none.json,,,,,,,,,,,,,,,,,,,0.0,0.0,0.0,132,132,0,0,float32,545.3302001953125,21.110393047332764,545.3605220027384,353.2335611979167,21.111249446868896,23.62109375,
training,lpt,,tensor,12,ac,passed,,162988800,144,12,research-baseline,experiments/l40s/results/research-baselines/training-lpt-tensor-t12-ac.json,,,,,,,,,,,,,,,,,,,0.0,0.0,0.0,144,144,0,0,float32,898.8129272460938,4.459071159362793,898.849514000176,493.3003743489583,4.458170413970947,7.591796875,
training,lpt,,tensor,12,none,passed,,162988800,144,12,research-baseline,experiments/l40s/results/research-baselines/training-lpt-tensor-t12-none.json,,,,,,,,,,,,,,,,,,,0.0,0.0,0.0,144,144,0,0,float32,596.7072143554688,22.800456523895264,596.7410969969933,385.3431396484375,22.801312923431396,25.345703125,
training,lpt,,tensor,13,ac,passed,,162988800,156,12,research-baseline,experiments/l40s/results/research-baselines/training-lpt-tensor-t13-ac.json,,,,,,,,,,,,,,,,,,,0.0,0.0,0.0,156,156,0,0,float32,985.2846069335938,4.599696159362793,985.315828002058,529.6097412109375,4.598795413970947,7.873046875,
training,lpt,,tensor,13,none,passed,,162988800,156,12,research-baseline,experiments/l40s/results/research-baselines/training-lpt-tensor-t13-none.json,,,,,,,,,,,,,,,,,,,0.0,0.0,0.0,156,156,0,0,float32,641.1100463867188,24.490520000457764,641.1412680026842,413.2467854817708,24.491376399993896,27.111328125,
training,lpt,,tensor,14,ac,passed,,162988800,168,12,research-baseline,experiments/l40s/results/research-baselines/training-lpt-tensor-t14-ac.json,,,,,,,,,,,,,,,,,,,0.0,0.0,0.0,168,168,0,0,float32,1043.1785888671875,4.740321159362793,1043.2140750053804,568.5974934895834,4.739420413970947,8.154296875,
training,lpt,,tensor,14,none,passed,,162988800,168,12,research-baseline,experiments/l40s/results/research-baselines/training-lpt-tensor-t14-none.json,,,,,,,,,,,,,,,,,,,0.0,0.0,0.0,168,168,0,0,float32,708.5977172851562,26.180583477020264,708.6289090002538,444.2579752604167,26.181439876556396,28.80078125,
training,lpt,,tensor,15,ac,passed,,162988800,180,12,research-baseline,experiments/l40s/results/research-baselines/training-lpt-tensor-t15-ac.json,,,,,,,,,,,,,,,,,,,0.0,0.0,0.0,180,180,0,0,float32,1125.74169921875,4.880946159362793,1125.7799430022715,608.6621907552084,4.880045413970947,8.435546875,
training,lpt,,tensor,15,none,passed,,162988800,180,12,research-baseline,experiments/l40s/results/research-baselines/training-lpt-tensor-t15-none.json,,,,,,,,,,,,,,,,,,,0.0,0.0,0.0,180,180,0,0,float32,739.090576171875,27.870646953582764,739.1245869948762,476.742431640625,27.871503353118896,30.2265625,
training,lpt,,tensor,16,ac,passed,,162988800,192,12,research-baseline,experiments/l40s/results/research-baselines/training-lpt-tensor-t16-ac.json,,,,,,,,,,,,,,,,,,,0.0,0.0,0.0,192,192,0,0,float32,1230.7783203125,5.021571159362793,1230.81496800296,650.3219401041666,5.020670413970947,8.716796875,
training,lpt,,tensor,16,none,passed,,162988800,192,12,research-baseline,experiments/l40s/results/research-baselines/training-lpt-tensor-t16-none.json,,,,,,,,,,,,,,,,,,,0.0,0.0,0.0,192,192,0,0,float32,782.7793579101562,29.560710430145264,782.8118429970345,506.6762288411458,29.561566829681396,32.046875,
training,lpt,,torch,1,ac,passed,,162988800,12,12,research-baseline,experiments/l40s/results/research-baselines/training-lpt-torch-t01-ac.json,,,,,,,,,,,,,,,,,,,0.0,0.0,0.0,12,12,0,0,float32,63.637569427490234,4.375561714172363,63.66539000009652,58.0304209391276,4.392592430114746,8.810546875,
training,lpt,,torch,1,none,passed,,162988800,12,12,research-baseline,experiments/l40s/results/research-baselines/training-lpt-torch-t01-none.json,,,,,,,,,,,,,,,,,,,0.0,0.0,0.0,12,12,0,0,float32,53.336063385009766,5.925860404968262,53.36382899986347,52.20556640625,5.920677185058594,11.1953125,
training,lpt,,torch,2,ac,passed,,162988800,24,12,research-baseline,experiments/l40s/results/research-baselines/training-lpt-torch-t02-ac.json,,,,,,,,,,,,,,,,,,,0.0,0.0,0.0,24,24,0,0,float32,105.98092651367188,4.6627912521362305,106.01829200459179,89.59385172526042,4.679821968078613,9.138671875,
training,lpt,,torch,2,none,passed,,162988800,24,12,research-baseline,experiments/l40s/results/research-baselines/training-lpt-torch-t02-none.json,,,,,,,,,,,,,,,,,,,0.0,0.0,0.0,24,24,0,0,float32,81.64249420166016,7.570392608642578,81.67636800499167,77.5386454264323,7.56337833404541,14.59375,
training,lpt,,torch,3,ac,passed,,162988800,36,12,research-baseline,experiments/l40s/results/research-baselines/training-lpt-torch-t03-ac.json,,,,,,,,,,,,,,,,,,,0.0,0.0,0.0,36,36,0,0,float32,183.8919677734375,4.8019514083862305,183.93175300298026,122.06387329101562,4.818982124328613,9.419921875,
training,lpt,,torch,3,none,passed,,162988800,36,12,research-baseline,experiments/l40s/results/research-baselines/training-lpt-torch-t03-none.json,,,,,,,,,,,,,,,,,,,0.0,0.0,0.0,36,36,0,0,float32,124.57670593261719,9.182333946228027,124.62324499938404,103.75543212890625,9.182039260864258,17.98046875,
training,lpt,,torch,4,ac,passed,,162988800,48,12,research-baseline,experiments/l40s/results/research-baselines/training-lpt-torch-t04-ac.json,,,,,,,,,,,,,,,,,,,0.0,0.0,0.0,48,48,0,0,float32,199.4944610595703,4.94074821472168,199.52900499629322,154.23385620117188,4.9577789306640625,9.701171875,
training,lpt,,torch,4,none,passed,,162988800,48,12,research-baseline,experiments/l40s/results/research-baselines/training-lpt-torch-t04-none.json,,,,,,,,,,,,,,,,,,,0.0,0.0,0.0,48,48,0,0,float32,157.23526000976562,10.793295860290527,157.28798800410004,129.6544392903646,10.800444602966309,21.359375,
training,lpt,,torch,5,ac,passed,,162988800,60,12,research-baseline,experiments/l40s/results/research-baselines/training-lpt-torch-t05-ac.json,,,,,,,,,,,,,,,,,,,0.0,0.0,0.0,60,60,0,0,float32,240.8335418701172,5.08137321472168,240.87119899922982,186.6222941080729,5.0984039306640625,9.982421875,
training,lpt,,torch,5,none,passed,,162988800,60,12,research-baseline,experiments/l40s/results/research-baselines/training-lpt-torch-t05-none.json,,,,,,,,,,,,,,,,,,,0.0,0.0,0.0,60,60,0,0,float32,168.17459106445312,12.413046836853027,168.2176660033292,156.43580118815103,12.420076370239258,24.73828125,
training,lpt,,torch,6,ac,passed,,162988800,72,12,research-baseline,experiments/l40s/results/research-baselines/training-lpt-torch-t06-ac.json,,,,,,,,,,,,,,,,,,,0.0,0.0,0.0,72,72,0,0,float32,300.95159912109375,5.22199821472168,300.9851940005319,220.1797892252604,5.2390289306640625,10.263671875,
training,lpt,,torch,6,none,passed,,162988800,72,12,research-baseline,experiments/l40s/results/research-baselines/training-lpt-torch-t06-none.json,,,,,,,,,,,,,,,,,,,0.0,0.0,0.0,72,72,0,0,float32,196.47488403320312,14.032797813415527,196.51081600022735,182.41571044921875,14.039827346801758,28.119140625,
training,lpt,,torch,7,ac,passed,,162988800,84,12,research-baseline,experiments/l40s/results/research-baselines/training-lpt-torch-t07-ac.json,,,,,,,,,,,,,,,,,,,0.0,0.0,0.0,84,84,0,0,float32,331.6121520996094,5.36262321472168,331.6456949978601,251.56640625,5.3796539306640625,10.544921875,
training,lpt,,torch,7,none,passed,,162988800,84,12,research-baseline,experiments/l40s/results/research-baselines/training-lpt-torch-t07-none.json,,,,,,,,,,,,,,,,,,,0.0,0.0,0.0,84,84,0,0,float32,225.27488708496094,15.652548789978027,225.31756100215716,208.4072062174479,15.659578323364258,31.5,
training,lpt,,torch,8,ac,passed,,162988800,96,12,research-baseline,experiments/l40s/results/research-baselines/training-lpt-torch-t08-ac.json,,,,,,,,,,,,,,,,,,,0.0,0.0,0.0,96,96,0,0,float32,389.6678466796875,5.50324821472168,389.70154200069373,284.30780029296875,5.5202789306640625,10.826171875,
training,lpt,,torch,8,none,passed,,162988800,96,12,research-baseline,experiments/l40s/results/research-baselines/training-lpt-torch-t08-none.json,,,,,,,,,,,,,,,,,,,0.0,0.0,0.0,96,96,0,0,float32,253.93548583984375,17.272299766540527,253.98461500299163,233.6890869140625,17.279329299926758,34.87890625,
training,lpt,,torch,9,ac,passed,,162988800,108,12,research-baseline,experiments/l40s/results/research-baselines/training-lpt-torch-t09-ac.json,,,,,,,,,,,,,,,,,,,0.0,0.0,0.0,108,108,0,0,float32,437.8030090332031,5.64387321472168,437.83907699980773,315.6850179036458,5.6609039306640625,11.107421875,
training,lpt,,torch,9,none,passed,,162988800,108,12,research-baseline,experiments/l40s/results/research-baselines/training-lpt-torch-t09-none.json,,,,,,,,,,,,,,,,,,,0.0,0.0,0.0,108,108,0,0,float32,285.9366455078125,18.892050743103027,285.98678200069116,258.4971923828125,18.899080276489258,38.2578125,
training,lpt,,torch,10,ac,passed,,162988800,120,12,research-baseline,experiments/l40s/results/research-baselines/training-lpt-torch-t10-ac.json,,,,,,,,,,,,,,,,,,,0.0,0.0,0.0,120,120,0,0,float32,475.7820129394531,5.78449821472168,475.82038000109605,348.51806640625,5.8015289306640625,11.388671875,
training,lpt,,torch,10,none,passed,,162988800,120,12,research-baseline,experiments/l40s/results/research-baselines/training-lpt-torch-t10-none.json,,,,,,,,,,,,,,,,,,,0.0,0.0,0.0,120,120,0,0,float32,351.47894287109375,20.511801719665527,351.53337699739495,284.40814208984375,20.518831253051758,41.640625,
training,lpt,,torch,11,ac,passed,,162988800,132,12,research-baseline,experiments/l40s/results/research-baselines/training-lpt-torch-t11-ac.json,,,,,,,,,,,,,,,,,,,0.0,0.0,0.0,132,132,0,0,float32,525.8792114257812,5.92512321472168,525.9218610008247,383.018310546875,5.9421539306640625,11.669921875,
training,lpt,,torch,11,none,passed,,162988800,132,12,research-baseline,experiments/l40s/results/research-baselines/training-lpt-torch-t11-none.json,,,,,,,,,,,,,,,,,,,0.0,0.0,0.0,132,132,0,0,float32,341.1466369628906,22.131552696228027,341.187322002952,312.1732177734375,22.138582229614258,25.158203125,
training,lpt,,torch,12,ac,passed,,162988800,144,12,research-baseline,experiments/l40s/results/research-baselines/training-lpt-torch-t12-ac.json,,,,,,,,,,,,,,,,,,,0.0,0.0,0.0,144,144,0,0,float32,572.0831909179688,6.06574821472168,572.1237539983122,412.2364501953125,6.0827789306640625,11.951171875,
training,lpt,,torch,12,none,passed,,162988800,144,12,research-baseline,experiments/l40s/results/research-baselines/training-lpt-torch-t12-none.json,,,,,,,,,,,,,,,,,,,0.0,0.0,0.0,144,144,0,0,float32,367.5002746582031,23.751303672790527,367.5401989967213,337.25746663411456,23.758333206176758,26.248046875,
training,lpt,,torch,13,ac,passed,,162988800,156,12,research-baseline,experiments/l40s/results/research-baselines/training-lpt-torch-t13-ac.json,,,,,,,,,,,,,,,,,,,0.0,0.0,0.0,156,156,0,0,float32,630.7420043945312,6.20637321472168,630.7808569981717,444.3583170572917,6.2234039306640625,12.232421875,
training,lpt,,torch,13,none,passed,,162988800,156,12,research-baseline,experiments/l40s/results/research-baselines/training-lpt-torch-t13-none.json,,,,,,,,,,,,,,,,,,,0.0,0.0,0.0,156,156,0,0,float32,399.2381591796875,25.371054649353027,399.2785709997406,362.3492431640625,25.378084182739258,27.939453125,
training,lpt,,torch,14,ac,passed,,162988800,168,12,research-baseline,experiments/l40s/results/research-baselines/training-lpt-torch-t14-ac.json,,,,,,,,,,,,,,,,,,,0.0,0.0,0.0,168,168,0,0,float32,667.4063110351562,6.34699821472168,667.4488130011014,477.194580078125,6.3640289306640625,12.513671875,
training,lpt,,torch,14,none,passed,,162988800,168,12,research-baseline,experiments/l40s/results/research-baselines/training-lpt-torch-t14-none.json,,,,,,,,,,,,,,,,,,,0.0,0.0,0.0,168,168,0,0,float32,422.076416015625,26.990805625915527,422.11680600303225,388.0427652994792,26.997835159301758,29.62890625,
training,lpt,,torch,15,ac,passed,,162988800,180,12,research-baseline,experiments/l40s/results/research-baselines/training-lpt-torch-t15-ac.json,,,,,,,,,,,,,,,,,,,0.0,0.0,0.0,180,180,0,0,float32,737.3424682617188,6.48762321472168,737.3768510005902,511.0015869140625,6.5046539306640625,12.794921875,
training,lpt,,torch,15,none,passed,,162988800,180,12,research-baseline,experiments/l40s/results/research-baselines/training-lpt-torch-t15-none.json,,,,,,,,,,,,,,,,,,,0.0,0.0,0.0,180,180,0,0,float32,456.5657653808594,28.610556602478027,456.61043399741175,417.3540852864583,28.617586135864258,31.318359375,
training,lpt,,torch,16,ac,passed,,162988800,192,12,research-baseline,experiments/l40s/results/research-baselines/training-lpt-torch-t16-ac.json,,,,,,,,,,,,,,,,,,,0.0,0.0,0.0,192,192,0,0,float32,791.9032592773438,6.62824821472168,791.9470229971921,547.7495524088541,6.6452789306640625,13.076171875,
training,lpt,,torch,16,none,passed,,162988800,192,12,research-baseline,experiments/l40s/results/research-baselines/training-lpt-torch-t16-none.json,,,,,,,,,,,,,,,,,,,0.0,0.0,0.0,192,192,0,0,float32,477.3591003417969,30.230307579040527,477.39971300325124,442.7506510416667,30.237337112426758,33.009765625,
training,per_layer_latent,64,tensor,1,ac,passed,,150602496,12,12,research-baseline,experiments/l40s/results/research-baselines/training-per_layer_latent-tensor-t01-ac.json,,,,,,,,,,,,,,,,,,,0.0,0.0,0.0,12,12,0,0,float32,81.32300567626953,2.699873447418213,81.34826800232986,49.31717427571615,2.6813292503356934,4.287109375,
training,per_layer_latent,64,tensor,1,none,passed,,150602496,12,12,research-baseline,experiments/l40s/results/research-baselines/training-per_layer_latent-tensor-t01-none.json,,,,,,,,,,,,,,,,,,,0.0,0.0,0.0,12,12,0,0,float32,60.73651123046875,3.986128330230713,60.76630300231045,42.7386220296224,3.968066692352295,6.9140625,
training,per_layer_latent,64,tensor,2,ac,passed,,150602496,24,12,research-baseline,experiments/l40s/results/research-baselines/training-per_layer_latent-tensor-t02-ac.json,,,,,,,,,,,,,,,,,,,0.0,0.0,0.0,24,24,0,0,float32,140.0063934326172,2.838301181793213,140.03020599921,82.27498881022136,2.8226780891418457,4.4296875,
training,per_layer_latent,64,tensor,2,none,passed,,150602496,24,12,research-baseline,experiments/l40s/results/research-baselines/training-per_layer_latent-tensor-t02-none.json,,,,,,,,,,,,,,,,,,,0.0,0.0,0.0,24,24,0,0,float32,98.3746566772461,5.412153720855713,98.40158000588417,68.7489725748698,5.397387981414795,9.908203125,
training,per_layer_latent,64,tensor,3,ac,passed,,150602496,36,12,research-baseline,experiments/l40s/results/research-baselines/training-per_layer_latent-tensor-t03-ac.json,,,,,,,,,,,,,,,,,,,0.0,0.0,0.0,36,36,0,0,float32,194.3673553466797,2.974653720855713,194.39276300545316,114.82931518554688,2.961841106414795,4.646484375,
training,per_layer_latent,64,tensor,3,none,passed,,150602496,36,12,research-baseline,experiments/l40s/results/research-baselines/training-per_layer_latent-tensor-t03-none.json,,,,,,,,,,,,,,,,,,,0.0,0.0,0.0,36,36,0,0,float32,134.28115844726562,6.825361728668213,134.30786800017813,94.4851582845052,6.812060832977295,12.888671875,
training,per_layer_latent,64,tensor,4,ac,passed,,150602496,48,12,research-baseline,experiments/l40s/results/research-baselines/training-per_layer_latent-tensor-t04-ac.json,,,,,,,,,,,,,,,,,,,0.0,0.0,0.0,48,48,0,0,float32,255.89453125,3.112349033355713,255.92334300017683,147.30615234375,3.102221965789795,4.927734375,
training,per_layer_latent,64,tensor,4,none,passed,,150602496,48,12,research-baseline,experiments/l40s/results/research-baselines/training-per_layer_latent-tensor-t04-none.json,,,,,,,,,,,,,,,,,,,0.0,0.0,0.0,48,48,0,0,float32,168.6537322998047,8.240034580230713,168.67853500298224,120.46096801757812,8.226733684539795,15.8828125,
training,per_layer_latent,64,tensor,5,ac,passed,,150602496,60,12,research-baseline,experiments/l40s/results/research-baselines/training-per_layer_latent-tensor-t05-ac.json,,,,,,,,,,,,,,,,,,,0.0,0.0,0.0,60,60,0,0,float32,317.8577880859375,3.251509189605713,317.88647299981676,179.3251953125,3.242846965789795,5.208984375,
training,per_layer_latent,64,tensor,5,none,passed,,150602496,60,12,research-baseline,experiments/l40s/results/research-baselines/training-per_layer_latent-tensor-t05-none.json,,,,,,,,,,,,,,,,,,,0.0,0.0,0.0,60,60,0,0,float32,209.13766479492188,9.654707431793213,209.16058100556256,146.17155965169272,9.641406536102295,18.876953125,
training,per_layer_latent,64,tensor,6,ac,passed,,150602496,72,12,research-baseline,experiments/l40s/results/research-baselines/training-per_layer_latent-tensor-t06-ac.json,,,,,,,,,,,,,,,,,,,0.0,0.0,0.0,72,72,0,0,float32,375.30419921875,3.392134189605713,375.38854499871377,213.99346923828125,3.383471965789795,5.490234375,
training,per_layer_latent,64,tensor,6,none,passed,,150602496,72,12,research-baseline,experiments/l40s/results/research-baselines/training-per_layer_latent-tensor-t06-none.json,,,,,,,,,,,,,,,,,,,0.0,0.0,0.0,72,72,0,0,float32,242.36134338378906,11.069380283355713,242.38576099742204,173.4311319986979,11.056079387664795,21.869140625,
training,per_layer_latent,64,tensor,7,ac,passed,,150602496,84,12,research-baseline,experiments/l40s/results/research-baselines/training-per_layer_latent-tensor-t07-ac.json,,,,,,,,,,,,,,,,,,,0.0,0.0,0.0,84,84,0,0,float32,439.6441650390625,3.532759189605713,439.6783550037071,247.1178181966146,3.524096965789795,5.771484375,
training,per_layer_latent,64,tensor,7,none,passed,,150602496,84,12,research-baseline,experiments/l40s/results/research-baselines/training-per_layer_latent-tensor-t07-none.json,,,,,,,,,,,,,,,,,,,0.0,0.0,0.0,84,84,0,0,float32,279.6492614746094,12.484053134918213,279.6780110002146,199.86466471354166,12.470752239227295,25.248046875,
training,per_layer_latent,64,tensor,8,ac,passed,,150602496,96,12,research-baseline,experiments/l40s/results/research-baselines/training-per_layer_latent-tensor-t08-ac.json,,,,,,,,,,,,,,,,,,,0.0,0.0,0.0,96,96,0,0,float32,509.2044677734375,3.673384189605713,509.23529799911194,278.15423583984375,3.664721965789795,6.052734375,
training,per_layer_latent,64,tensor,8,none,passed,,150602496,96,12,research-baseline,experiments/l40s/results/research-baselines/training-per_layer_latent-tensor-t08-none.json,,,,,,,,,,,,,,,,,,,0.0,0.0,0.0,96,96,0,0,float32,321.38555908203125,13.898725986480713,321.41922900336795,224.66729736328125,13.885425090789795,28.2421875,
training,per_layer_latent,64,tensor,9,ac,passed,,150602496,108,12,research-baseline,experiments/l40s/results/research-baselines/training-per_layer_latent-tensor-t09-ac.json,,,,,,,,,,,,,,,,,,,0.0,0.0,0.0,108,108,0,0,float32,550.908935546875,3.814009189605713,550.9459500026423,310.62184651692706,3.805346965789795,6.333984375,
training,per_layer_latent,64,tensor,9,none,passed,,150602496,108,12,research-baseline,experiments/l40s/results/research-baselines/training-per_layer_latent-tensor-t09-none.json,,,,,,,,,,,,,,,,,,,0.0,0.0,0.0,108,108,0,0,float32,358.0149841308594,15.313398838043213,358.0435689946171,250.2809041341146,15.300097942352295,31.234375,
training,per_layer_latent,64,tensor,10,ac,passed,,150602496,120,12,research-baseline,experiments/l40s/results/research-baselines/training-per_layer_latent-tensor-t10-ac.json,,,,,,,,,,,,,,,,,,,0.0,0.0,0.0,120,120,0,0,float32,613.4395141601562,3.954634189605713,613.4735480009113,343.7840576171875,3.945971965789795,6.615234375,
training,per_layer_latent,64,tensor,10,none,passed,,150602496,120,12,research-baseline,experiments/l40s/results/research-baselines/training-per_layer_latent-tensor-t10-none.json,,,,,,,,,,,,,,,,,,,0.0,0.0,0.0,120,120,0,0,float32,389.907470703125,16.728071689605713,389.9348920022021,276.97971598307294,16.714770793914795,34.228515625,
training,per_layer_latent,64,tensor,11,ac,passed,,150602496,132,12,research-baseline,experiments/l40s/results/research-baselines/training-per_layer_latent-tensor-t11-ac.json,,,,,,,,,,,,,,,,,,,0.0,0.0,0.0,132,132,0,0,float32,671.6825561523438,4.095259189605713,671.7120929970406,374.6512044270833,4.086596965789795,6.896484375,
training,per_layer_latent,64,tensor,11,none,passed,,150602496,132,12,research-baseline,experiments/l40s/results/research-baselines/training-per_layer_latent-tensor-t11-none.json,,,,,,,,,,,,,,,,,,,0.0,0.0,0.0,132,132,0,0,float32,431.4644470214844,18.142744541168213,431.5093249970232,301.88783772786456,18.129443645477295,37.294921875,
training,per_layer_latent,64,tensor,12,ac,passed,,150602496,144,12,research-baseline,experiments/l40s/results/research-baselines/training-per_layer_latent-tensor-t12-ac.json,,,,,,,,,,,,,,,,,,,0.0,0.0,0.0,144,144,0,0,float32,738.7473754882812,4.235884189605713,738.7814929970773,409.1866455078125,4.227221965789795,7.177734375,
training,per_layer_latent,64,tensor,12,none,passed,,150602496,144,12,research-baseline,experiments/l40s/results/research-baselines/training-per_layer_latent-tensor-t12-none.json,,,,,,,,,,,,,,,,,,,0.0,0.0,0.0,144,144,0,0,float32,481.3209533691406,19.557417392730713,481.37074599799234,328.72959391276044,19.544116497039795,40.32421875,
training,per_layer_latent,64,tensor,13,ac,passed,,150602496,156,12,research-baseline,experiments/l40s/results/research-baselines/training-per_layer_latent-tensor-t13-ac.json,,,,,,,,,,,,,,,,,,,0.0,0.0,0.0,156,156,0,0,float32,792.2853393554688,4.376509189605713,792.3168940033065,441.9849853515625,4.367846965789795,7.458984375,
training,per_layer_latent,64,tensor,13,none,passed,,150602496,156,12,research-baseline,experiments/l40s/results/research-baselines/training-per_layer_latent-tensor-t13-none.json,,,,,,,,,,,,,,,,,,,0.0,0.0,0.0,156,156,0,0,float32,513.8903198242188,20.972090244293213,513.9240620046621,354.6627604166667,20.958789348602295,43.7734375,
training,per_layer_latent,64,tensor,14,ac,passed,,150602496,168,12,research-baseline,experiments/l40s/results/research-baselines/training-per_layer_latent-tensor-t14-ac.json,,,,,,,,,,,,,,,,,,,0.0,0.0,0.0,168,168,0,0,float32,855.1076049804688,4.517134189605713,855.1406219994533,474.9643147786458,4.508471965789795,7.740234375,
training,per_layer_latent,64,tensor,14,none,passed,,150602496,168,12,research-baseline,experiments/l40s/results/research-baselines/training-per_layer_latent-tensor-t14-none.json,,,,,,,,,,,,,,,,,,,0.0,0.0,0.0,168,168,0,0,float32,543.1724243164062,22.386763095855713,543.2064880005782,381.0996907552083,22.373462200164795,24.390625,
training,per_layer_latent,64,tensor,15,ac,passed,,150602496,180,12,research-baseline,experiments/l40s/results/research-baselines/training-per_layer_latent-tensor-t15-ac.json,,,,,,,,,,,,,,,,,,,0.0,0.0,0.0,180,180,0,0,float32,908.1405639648438,4.657759189605713,908.1727559969295,507.5906575520833,4.649096965789795,8.021484375,
training,per_layer_latent,64,tensor,15,none,passed,,150602496,180,12,research-baseline,experiments/l40s/results/research-baselines/training-per_layer_latent-tensor-t15-none.json,,,,,,,,,,,,,,,,,,,0.0,0.0,0.0,180,180,0,0,float32,578.1389770507812,23.801435947418213,578.1699330036645,407.3270670572917,23.788135051727295,25.85546875,
training,per_layer_latent,64,tensor,16,ac,passed,,150602496,192,12,research-baseline,experiments/l40s/results/research-baselines/training-per_layer_latent-tensor-t16-ac.json,,,,,,,,,,,,,,,,,,,0.0,0.0,0.0,192,192,0,0,float32,986.3997192382812,4.798384189605713,986.4321409986587,539.4940592447916,4.789721965789795,8.302734375,
training,per_layer_latent,64,tensor,16,none,passed,,150602496,192,12,research-baseline,experiments/l40s/results/research-baselines/training-per_layer_latent-tensor-t16-none.json,,,,,,,,,,,,,,,,,,,0.0,0.0,0.0,192,192,0,0,float32,622.6759643554688,25.216108798980713,622.7102430129889,434.3954671223958,25.202807903289795,27.37890625,
training,per_layer_latent,64,torch,1,ac,passed,,150602496,12,12,research-baseline,experiments/l40s/results/research-baselines/training-per_layer_latent-torch-t01-ac.json,,,,,,,,,,,,,,,,,,,0.0,0.0,0.0,12,12,0,0,float32,59.875328063964844,4.308056831359863,59.90759599808371,53.0093994140625,4.311781883239746,8.55078125,
training,per_layer_latent,64,torch,1,none,passed,,150602496,12,12,research-baseline,experiments/l40s/results/research-baselines/training-per_layer_latent-torch-t01-none.json,,,,,,,,,,,,,,,,,,,0.0,0.0,0.0,12,12,0,0,float32,51.74067306518555,5.574062347412109,51.79631999635603,48.6997324625651,5.571808815002441,10.021484375,
training,per_layer_latent,64,torch,2,ac,passed,,150602496,24,12,research-baseline,experiments/l40s/results/research-baselines/training-per_layer_latent-torch-t02-ac.json,,,,,,,,,,,,,,,,,,,0.0,0.0,0.0,24,24,0,0,float32,89.56620788574219,4.448803901672363,89.5953030048986,77.74242146809895,4.450087547302246,8.111328125,
training,per_layer_latent,64,torch,2,none,passed,,150602496,24,12,research-baseline,experiments/l40s/results/research-baselines/training-per_layer_latent-torch-t02-none.json,,,,,,,,,,,,,,,,,,,0.0,0.0,0.0,24,24,0,0,float32,72.68351745605469,6.853248596191406,72.7171870021266,69.02205912272136,6.855020523071289,13.4296875,
training,per_layer_latent,64,torch,3,ac,passed,,150602496,36,12,research-baseline,experiments/l40s/results/research-baselines/training-per_layer_latent-torch-t03-ac.json,,,,,,,,,,,,,,,,,,,0.0,0.0,0.0,36,36,0,0,float32,124.8542709350586,4.593332290649414,124.88390000362415,102.80550130208333,4.591689109802246,8.392578125,
training,per_layer_latent,64,torch,3,none,passed,,150602496,36,12,research-baseline,experiments/l40s/results/research-baselines/training-per_layer_latent-torch-t03-none.json,,,,,,,,,,,,,,,,,,,0.0,0.0,0.0,36,36,0,0,float32,94.74559783935547,8.126206398010254,94.77639500255464,89.58908081054688,8.126885414123535,15.3046875,
training,per_layer_latent,64,torch,4,ac,passed,,150602496,48,12,research-baseline,experiments/l40s/results/research-baselines/training-per_layer_latent-torch-t04-ac.json,,,,,,,,,,,,,,,,,,,0.0,0.0,0.0,48,48,0,0,float32,155.44216918945312,4.733591079711914,155.47201400477206,127.43918863932292,4.732192039489746,8.673828125,
training,per_layer_latent,64,torch,4,none,passed,,150602496,48,12,research-baseline,experiments/l40s/results/research-baselines/training-per_layer_latent-torch-t04-none.json,,,,,,,,,,,,,,,,,,,0.0,0.0,0.0,48,48,0,0,float32,116.5322265625,9.39977741241455,116.56257600407116,110.03836059570312,9.400209426879883,17.947265625,
training,per_layer_latent,64,torch,5,ac,passed,,150602496,60,12,research-baseline,experiments/l40s/results/research-baselines/training-per_layer_latent-torch-t05-ac.json,,,,,,,,,,,,,,,,,,,0.0,0.0,0.0,60,60,0,0,float32,191.9896697998047,4.874460220336914,192.02417300402885,151.34719848632812,4.872817039489746,8.955078125,
training,per_layer_latent,64,torch,5,none,passed,,150602496,60,12,research-baseline,experiments/l40s/results/research-baselines/training-per_layer_latent-torch-t05-none.json,,,,,,,,,,,,,,,,,,,0.0,0.0,0.0,60,60,0,0,float32,138.30963134765625,10.673836708068848,138.36196200281847,130.0637003580729,10.67426872253418,20.587890625,
training,per_layer_latent,64,torch,6,ac,passed,,150602496,72,12,research-baseline,experiments/l40s/results/research-baselines/training-per_layer_latent-torch-t06-ac.json,,,,,,,,,,,,,,,,,,,0.0,0.0,0.0,72,72,0,0,float32,227.06080627441406,5.015085220336914,227.11506899941014,177.154052734375,5.013442039489746,9.236328125,
training,per_layer_latent,64,torch,6,none,passed,,150602496,72,12,research-baseline,experiments/l40s/results/research-baselines/training-per_layer_latent-torch-t06-none.json,,,,,,,,,,,,,,,,,,,0.0,0.0,0.0,72,72,0,0,float32,160.02560424804688,11.947896003723145,160.0564230029704,151.6220906575521,11.948328018188477,23.23046875,
training,per_layer_latent,64,torch,7,ac,passed,,150602496,84,12,research-baseline,experiments/l40s/results/research-baselines/training-per_layer_latent-torch-t07-ac.json,,,,,,,,,,,,,,,,,,,0.0,0.0,0.0,84,84,0,0,float32,266.451904296875,5.155710220336914,266.48731200111797,202.61136881510416,5.154067039489746,9.517578125,
training,per_layer_latent,64,torch,7,none,passed,,150602496,84,12,research-baseline,experiments/l40s/results/research-baselines/training-per_layer_latent-torch-t07-none.json,,,,,,,,,,,,,,,,,,,0.0,0.0,0.0,84,84,0,0,float32,181.4036407470703,13.221955299377441,181.4462670008652,172.15999348958334,13.222387313842773,25.873046875,
training,per_layer_latent,64,torch,8,ac,passed,,150602496,96,12,research-baseline,experiments/l40s/results/research-baselines/training-per_layer_latent-torch-t08-ac.json,,,,,,,,,,,,,,,,,,,0.0,0.0,0.0,96,96,0,0,float32,299.873291015625,5.296335220336914,299.9274489993695,226.8200887044271,5.294692039489746,9.798828125,
training,per_layer_latent,64,torch,8,none,passed,,150602496,96,12,research-baseline,experiments/l40s/results/research-baselines/training-per_layer_latent-torch-t08-none.json,,,,,,,,,,,,,,,,,,,0.0,0.0,0.0,96,96,0,0,float32,202.9854736328125,14.496014595031738,203.04595999914454,192.0699666341146,14.49644660949707,28.513671875,
training,per_layer_latent,64,torch,9,ac,passed,,150602496,108,12,research-baseline,experiments/l40s/results/research-baselines/training-per_layer_latent-torch-t09-ac.json,,,,,,,,,,,,,,,,,,,0.0,0.0,0.0,108,108,0,0,float32,339.7754821777344,5.436960220336914,339.8088879985153,251.3062947591146,5.435317039489746,10.080078125,
training,per_layer_latent,64,torch,9,none,passed,,150602496,108,12,research-baseline,experiments/l40s/results/research-baselines/training-per_layer_latent-torch-t09-none.json,,,,,,,,,,,,,,,,,,,0.0,0.0,0.0,108,108,0,0,float32,223.7205047607422,15.770073890686035,223.7537600012729,212.3891805013021,15.770505905151367,31.158203125,
training,per_layer_latent,64,torch,10,ac,passed,,150602496,120,12,research-baseline,experiments/l40s/results/research-baselines/training-per_layer_latent-torch-t10-ac.json,,,,,,,,,,,,,,,,,,,0.0,0.0,0.0,120,120,0,0,float32,370.1995544433594,5.577585220336914,370.23128099826863,276.46258544921875,5.575942039489746,10.361328125,
training,per_layer_latent,64,torch,10,none,passed,,150602496,120,12,research-baseline,experiments/l40s/results/research-baselines/training-per_layer_latent-torch-t10-none.json,,,,,,,,,,,,,,,,,,,0.0,0.0,0.0,120,120,0,0,float32,246.3836212158203,17.044133186340332,246.43971199839143,233.25528971354166,17.044565200805664,33.798828125,
training,per_layer_latent,64,torch,11,ac,passed,,150602496,132,12,research-baseline,experiments/l40s/results/research-baselines/training-per_layer_latent-torch-t11-ac.json,,,,,,,,,,,,,,,,,,,0.0,0.0,0.0,132,132,0,0,float32,403.62701416015625,5.718210220336914,403.6853079960565,298.92266845703125,5.716567039489746,10.642578125,
training,per_layer_latent,64,torch,11,none,passed,,150602496,132,12,research-baseline,experiments/l40s/results/research-baselines/training-per_layer_latent-torch-t11-none.json,,,,,,,,,,,,,,,,,,,0.0,0.0,0.0,132,132,0,0,float32,264.27490234375,18.31819248199463,264.31167499686126,252.3050740559896,18.31862449645996,36.439453125,
training,per_layer_latent,64,torch,12,ac,passed,,150602496,144,12,research-baseline,experiments/l40s/results/research-baselines/training-per_layer_latent-torch-t12-ac.json,,,,,,,,,,,,,,,,,,,0.0,0.0,0.0,144,144,0,0,float32,438.9806213378906,5.858835220336914,439.0159009999479,324.42539469401044,5.857192039489746,10.923828125,
training,per_layer_latent,64,torch,12,none,passed,,150602496,144,12,research-baseline,experiments/l40s/results/research-baselines/training-per_layer_latent-torch-t12-none.json,,,,,,,,,,,,,,,,,,,0.0,0.0,0.0,144,144,0,0,float32,290.76788330078125,19.592251777648926,290.8056900050724,273.5380452473958,19.592683792114258,39.083984375,
training,per_layer_latent,64,torch,13,ac,passed,,150602496,156,12,research-baseline,experiments/l40s/results/research-baselines/training-per_layer_latent-torch-t13-ac.json,,,,,,,,,,,,,,,,,,,0.0,0.0,0.0,156,156,0,0,float32,481.5687561035156,5.999460220336914,481.6057870048098,349.1263020833333,5.997817039489746,11.205078125,
training,per_layer_latent,64,torch,13,none,passed,,150602496,156,12,research-baseline,experiments/l40s/results/research-baselines/training-per_layer_latent-torch-t13-none.json,,,,,,,,,,,,,,,,,,,0.0,0.0,0.0,156,156,0,0,float32,311.73101806640625,20.866311073303223,311.7717260029167,293.81016031901044,20.866743087768555,41.724609375,
training,per_layer_latent,64,torch,14,ac,passed,,150602496,168,12,research-baseline,experiments/l40s/results/research-baselines/training-per_layer_latent-torch-t14-ac.json,,,,,,,,,,,,,,,,,,,0.0,0.0,0.0,168,168,0,0,float32,524.6996459960938,6.140085220336914,524.7332119979546,378.74755859375,6.138442039489746,11.486328125,
training,per_layer_latent,64,torch,14,none,passed,,150602496,168,12,research-baseline,experiments/l40s/results/research-baselines/training-per_layer_latent-torch-t14-none.json,,,,,,,,,,,,,,,,,,,0.0,0.0,0.0,168,168,0,0,float32,331.5251159667969,22.14037036895752,331.58859200193547,316.8177490234375,22.14080238342285,24.73046875,
training,per_layer_latent,64,torch,15,ac,passed,,150602496,180,12,research-baseline,experiments/l40s/results/research-baselines/training-per_layer_latent-torch-t15-ac.json,,,,,,,,,,,,,,,,,,,0.0,0.0,0.0,180,180,0,0,float32,558.6884155273438,6.280710220336914,558.7236450010096,402.6156412760417,6.279067039489746,11.767578125,
training,per_layer_latent,64,torch,15,none,passed,,150602496,180,12,research-baseline,experiments/l40s/results/research-baselines/training-per_layer_latent-torch-t15-none.json,,,,,,,,,,,,,,,,,,,0.0,0.0,0.0,180,180,0,0,float32,357.4527893066406,23.414429664611816,357.5135520004551,338.4319661458333,23.41486167907715,25.677734375,
training,per_layer_latent,64,torch,16,ac,passed,,150602496,192,12,research-baseline,experiments/l40s/results/research-baselines/training-per_layer_latent-torch-t16-ac.json,,,,,,,,,,,,,,,,,,,0.0,0.0,0.0,192,192,0,0,float32,583.0379638671875,6.421335220336914,583.0703039973741,422.0593668619792,6.419692039489746,12.048828125,
training,per_layer_latent,64,torch,16,none,passed,,150602496,192,12,research-baseline,experiments/l40s/results/research-baselines/training-per_layer_latent-torch-t16-none.json,,,,,,,,,,,,,,,,,,,0.0,0.0,0.0,192,192,0,0,float32,375.61431884765625,24.688488960266113,375.6572900019819,354.2497151692708,24.688920974731445,26.998046875,
training,uyoco,,tensor,1,ac,passed,,163401216,12,12,research-baseline,experiments/l40s/results/research-baselines/training-uyoco-tensor-t01-ac.json,,,,,,,,,,,,,,,,,,,0.0,0.0,0.0,12,12,0,0,float32,92.68224334716797,2.7917861938476562,92.70849300082773,56.59443155924479,2.791055679321289,4.4765625,
training,uyoco,,tensor,1,none,passed,,163401216,12,12,research-baseline,experiments/l40s/results/research-baselines/training-uyoco-tensor-t01-none.json,,,,,,,,,,,,,,,,,,,0.0,0.0,0.0,12,12,0,0,float32,65.08953857421875,4.426801681518555,65.11577199853491,48.6228993733724,4.4238739013671875,7.80859375,
training,uyoco,,tensor,2,ac,passed,,163401216,18,12,research-baseline,experiments/l40s/results/research-baselines/training-uyoco-tensor-t02-ac.json,,,,,,,,,,,,,,,,,,,0.0,0.0,0.0,18,18,0,0,float32,138.99154663085938,2.8595352172851562,139.0152699968894,78.27145385742188,2.859537124633789,4.837890625,
training,uyoco,,tensor,2,none,passed,,163401216,18,12,research-baseline,experiments/l40s/results/research-baselines/training-uyoco-tensor-t02-none.json,,,,,,,,,,,,,,,,,,,0.0,0.0,0.0,18,18,0,0,float32,95.50643157958984,5.348987579345703,95.53395200055093,65.83052571614583,5.345815658569336,9.7890625,
training,uyoco,,tensor,3,ac,passed,,163401216,24,12,research-baseline,experiments/l40s/results/research-baselines/training-uyoco-tensor-t03-ac.json,,,,,,,,,,,,,,,,,,,0.0,0.0,0.0,24,24,0,0,float32,185.31837463378906,2.9342422485351562,185.35566199716413,99.79836018880208,2.933511734008789,4.67578125,
training,uyoco,,tensor,3,none,passed,,163401216,24,12,research-baseline,experiments/l40s/results/research-baselines/training-uyoco-tensor-t03-none.json,,,,,,,,,,,,,,,,,,,0.0,0.0,0.0,24,24,0,0,float32,123.72582244873047,6.267023086547852,123.75545100076124,82.91361999511719,6.263362884521484,11.716796875,
training,uyoco,,tensor,4,ac,passed,,163401216,30,12,research-baseline,experiments/l40s/results/research-baselines/training-uyoco-tensor-t04-ac.json,,,,,,,,,,,,,,,,,,,0.0,0.0,0.0,30,30,0,0,float32,228.82713317871094,3.0052871704101562,228.85564099851763,121.10779825846355,3.004556655883789,4.76953125,
training,uyoco,,tensor,4,none,passed,,163401216,30,12,research-baseline,experiments/l40s/results/research-baselines/training-uyoco-tensor-t04-none.json,,,,,,,,,,,,,,,,,,,0.0,0.0,0.0,30,30,0,0,float32,153.64710998535156,7.182373046875,153.67113100364804,99.80757649739583,7.178712844848633,13.63671875,
training,uyoco,,tensor,5,ac,passed,,163401216,36,12,research-baseline,experiments/l40s/results/research-baselines/training-uyoco-tensor-t05-ac.json,,,,,,,,,,,,,,,,,,,0.0,0.0,0.0,36,36,0,0,float32,274.9030456542969,3.0746231079101562,274.9470749986358,142.884521484375,3.074625015258789,4.990234375,
training,uyoco,,tensor,5,none,passed,,163401216,36,12,research-baseline,experiments/l40s/results/research-baselines/training-uyoco-tensor-t05-none.json,,,,,,,,,,,,,,,,,,,0.0,0.0,0.0,36,36,0,0,float32,187.07859802246094,8.097723007202148,187.10336199728772,117.31421915690105,8.094062805175781,15.59765625,
training,uyoco,,tensor,6,ac,passed,,163401216,42,12,research-baseline,experiments/l40s/results/research-baselines/training-uyoco-tensor-t06-ac.json,,,,,,,,,,,,,,,,,,,0.0,0.0,0.0,42,42,0,0,float32,321.1550598144531,3.1446914672851562,321.18342100147856,164.31820678710938,3.144693374633789,5.166015625,
training,uyoco,,tensor,6,none,passed,,163401216,42,12,research-baseline,experiments/l40s/results/research-baselines/training-uyoco-tensor-t06-none.json,,,,,,,,,,,,,,,,,,,0.0,0.0,0.0,42,42,0,0,float32,212.60287475585938,9.013072967529297,212.6287719947868,133.99585978190103,9.00941276550293,17.49609375,
training,uyoco,,tensor,7,ac,passed,,163401216,48,12,research-baseline,experiments/l40s/results/research-baselines/training-uyoco-tensor-t07-ac.json,,,,,,,,,,,,,,,,,,,0.0,0.0,0.0,48,48,0,0,float32,364.87371826171875,3.2157363891601562,364.9048250008491,185.78841145833334,3.215005874633789,5.376953125,
training,uyoco,,tensor,7,none,passed,,163401216,48,12,research-baseline,experiments/l40s/results/research-baselines/training-uyoco-tensor-t07-none.json,,,,,,,,,,,,,,,,,,,0.0,0.0,0.0,48,48,0,0,float32,240.0821075439453,9.928422927856445,240.10988300142344,151.39567057291666,9.924762725830078,19.41015625,
training,uyoco,,tensor,8,ac,passed,,163401216,54,12,research-baseline,experiments/l40s/results/research-baselines/training-uyoco-tensor-t08-ac.json,,,,,,,,,,,,,,,,,,,0.0,0.0,0.0,54,54,0,0,float32,413.8260498046875,3.2860488891601562,413.8696379959583,207.73956298828125,3.285318374633789,5.587890625,
training,uyoco,,tensor,8,none,passed,,163401216,54,12,research-baseline,experiments/l40s/results/research-baselines/training-uyoco-tensor-t08-none.json,,,,,,,,,,,,,,,,,,,0.0,0.0,0.0,54,54,0,0,float32,269.9366455078125,10.843772888183594,269.9633129959693,168.47803751627603,10.840112686157227,21.3359375,
training,uyoco,,tensor,9,ac,passed,,163401216,60,12,research-baseline,experiments/l40s/results/research-baselines/training-uyoco-tensor-t09-ac.json,,,,,,,,,,,,,,,,,,,0.0,0.0,0.0,60,60,0,0,float32,465.64044189453125,3.3563613891601562,465.66789500502637,227.9761962890625,3.355630874633789,5.798828125,
training,uyoco,,tensor,9,none,passed,,163401216,60,12,research-baseline,experiments/l40s/results/research-baselines/training-uyoco-tensor-t09-none.json,,,,,,,,,,,,,,,,,,,0.0,0.0,0.0,60,60,0,0,float32,307.8562316894531,11.759122848510742,307.8811980012688,184.44254557291666,11.755462646484375,23.234375,
training,uyoco,,tensor,10,ac,passed,,163401216,66,12,research-baseline,experiments/l40s/results/research-baselines/training-uyoco-tensor-t10-ac.json,,,,,,,,,,,,,,,,,,,0.0,0.0,0.0,66,66,0,0,float32,505.46484375,3.4266738891601562,505.5077459983295,249.1214599609375,3.425943374633789,6.009765625,
training,uyoco,,tensor,10,none,passed,,163401216,66,12,research-baseline,experiments/l40s/results/research-baselines/training-uyoco-tensor-t10-none.json,,,,,,,,,,,,,,,,,,,0.0,0.0,0.0,66,66,0,0,float32,336.4618225097656,12.67447280883789,336.49025300110225,201.3200887044271,12.670812606811523,25.154296875,
training,uyoco,,tensor,11,ac,passed,,163401216,72,12,research-baseline,experiments/l40s/results/research-baselines/training-uyoco-tensor-t11-ac.json,,,,,,,,,,,,,,,,,,,0.0,0.0,0.0,72,72,0,0,float32,558.519287109375,3.4969863891601562,558.5473829996772,271.81089274088544,3.496255874633789,6.220703125,
training,uyoco,,tensor,11,none,passed,,163401216,72,12,research-baseline,experiments/l40s/results/research-baselines/training-uyoco-tensor-t11-none.json,,,,,,,,,,,,,,,,,,,0.0,0.0,0.0,72,72,0,0,float32,358.9794006347656,13.589822769165039,359.00384700653376,219.0588582356771,13.586162567138672,27.068359375,
training,uyoco,,tensor,12,ac,passed,,163401216,78,12,research-baseline,experiments/l40s/results/research-baselines/training-uyoco-tensor-t12-ac.json,,,,,,,,,,,,,,,,,,,0.0,0.0,0.0,78,78,0,0,float32,603.6357421875,3.5672988891601562,603.6643679981353,293.29209391276044,3.566568374633789,6.431640625,
training,uyoco,,tensor,12,none,passed,,163401216,78,12,research-baseline,experiments/l40s/results/research-baselines/training-uyoco-tensor-t12-none.json,,,,,,,,,,,,,,,,,,,0.0,0.0,0.0,78,78,0,0,float32,385.5790100097656,14.505172729492188,385.60827400215203,235.74698893229166,14.50151252746582,29.3515625,
training,uyoco,,tensor,13,ac,passed,,163401216,84,12,research-baseline,experiments/l40s/results/research-baselines/training-uyoco-tensor-t13-ac.json,,,,,,,,,,,,,,,,,,,0.0,0.0,0.0,84,84,0,0,float32,659.884033203125,3.6376113891601562,659.916262004117,313.4658610026042,3.636880874633789,6.642578125,
training,uyoco,,tensor,13,none,passed,,163401216,84,12,research-baseline,experiments/l40s/results/research-baselines/training-uyoco-tensor-t13-none.json,,,,,,,,,,,,,,,,,,,0.0,0.0,0.0,84,84,0,0,float32,434.1401672363281,15.420522689819336,434.1697209965787,252.32930501302084,15.416862487792969,31.27734375,
training,uyoco,,tensor,14,ac,passed,,163401216,90,12,research-baseline,experiments/l40s/results/research-baselines/training-uyoco-tensor-t14-ac.json,,,,,,,,,,,,,,,,,,,0.0,0.0,0.0,90,90,0,0,float32,690.9583129882812,3.7079238891601562,690.9895480057457,335.4702555338542,3.707193374633789,6.853515625,
training,uyoco,,tensor,14,none,passed,,163401216,90,12,research-baseline,experiments/l40s/results/research-baselines/training-uyoco-tensor-t14-none.json,,,,,,,,,,,,,,,,,,,0.0,0.0,0.0,90,90,0,0,float32,452.4564514160156,16.335872650146484,452.4846610001987,269.767333984375,16.332212448120117,33.189453125,
training,uyoco,,tensor,15,ac,passed,,163401216,96,12,research-baseline,experiments/l40s/results/research-baselines/training-uyoco-tensor-t15-ac.json,,,,,,,,,,,,,,,,,,,0.0,0.0,0.0,96,96,0,0,float32,745.5057983398438,3.7782363891601562,745.5395100041642,359.2881673177083,3.777505874633789,7.064453125,
training,uyoco,,tensor,15,none,passed,,163401216,96,12,research-baseline,experiments/l40s/results/research-baselines/training-uyoco-tensor-t15-none.json,,,,,,,,,,,,,,,,,,,0.0,0.0,0.0,96,96,0,0,float32,485.98834228515625,17.251222610473633,486.01813199638855,288.0798746744792,17.247562408447266,35.107421875,
training,uyoco,,tensor,16,ac,passed,,163401216,102,12,research-baseline,experiments/l40s/results/research-baselines/training-uyoco-tensor-t16-ac.json,,,,,,,,,,,,,,,,,,,0.0,0.0,0.0,102,102,0,0,float32,803.3157348632812,3.8485488891601562,803.3462620005594,382.28271484375,3.847818374633789,7.275390625,
training,uyoco,,tensor,16,none,passed,,163401216,102,12,research-baseline,experiments/l40s/results/research-baselines/training-uyoco-tensor-t16-none.json,,,,,,,,,,,,,,,,,,,0.0,0.0,0.0,102,102,0,0,float32,522.8810424804688,18.16657257080078,522.9110400032368,307.3822428385417,18.162912368774414,37.021484375,
training,uyoco,,torch,1,ac,passed,,163401216,12,12,research-baseline,experiments/l40s/results/research-baselines/training-uyoco-torch-t01-ac.json,,,,,,,,,,,,,,,,,,,0.0,0.0,0.0,12,12,0,0,float32,75.52921295166016,4.430735111236572,75.57276900479337,65.82169596354167,4.446545124053955,8.6875,
training,uyoco,,torch,1,none,passed,,163401216,12,12,research-baseline,experiments/l40s/results/research-baselines/training-uyoco-torch-t01-none.json,,,,,,,,,,,,,,,,,,,0.0,0.0,0.0,12,12,0,0,float32,62.20390319824219,6.474930286407471,62.24753100104863,57.92597452799479,6.4773125648498535,12.2265625,
training,uyoco,,torch,2,ac,passed,,163401216,18,12,research-baseline,experiments/l40s/results/research-baselines/training-uyoco-torch-t02-ac.json,,,,,,,,,,,,,,,,,,,0.0,0.0,0.0,18,18,0,0,float32,108.43341064453125,4.504099369049072,108.46976500033634,85.95865885416667,4.519421100616455,8.8359375,
training,uyoco,,torch,2,none,passed,,163401216,18,12,research-baseline,experiments/l40s/results/research-baselines/training-uyoco-torch-t02-none.json,,,,,,,,,,,,,,,,,,,0.0,0.0,0.0,18,18,0,0,float32,87.54688262939453,7.543350696563721,87.58233099797508,73.91061401367188,7.5424370765686035,14.43359375,
training,uyoco,,torch,3,ac,passed,,163401216,24,12,research-baseline,experiments/l40s/results/research-baselines/training-uyoco-torch-t03-ac.json,,,,,,,,,,,,,,,,,,,0.0,0.0,0.0,24,24,0,0,float32,169.5846405029297,4.575266361236572,169.65727099886863,106.77822875976562,4.588634967803955,8.986328125,
training,uyoco,,torch,3,none,passed,,163401216,24,12,research-baseline,experiments/l40s/results/research-baselines/training-uyoco-torch-t03-none.json,,,,,,,,,,,,,,,,,,,0.0,0.0,0.0,24,24,0,0,float32,118.60377502441406,8.60591173171997,118.65175000275485,90.30929565429688,8.604998111724854,16.62890625,
training,uyoco,,torch,4,ac,passed,,163401216,30,12,research-baseline,experiments/l40s/results/research-baselines/training-uyoco-torch-t04-ac.json,,,,,,,,,,,,,,,,,,,0.0,0.0,0.0,30,30,0,0,float32,182.83929443359375,4.644602298736572,182.87884299934376,127.10769653320312,4.660412311553955,9.162109375,
training,uyoco,,torch,4,none,passed,,163401216,30,12,research-baseline,experiments/l40s/results/research-baselines/training-uyoco-torch-t04-none.json,,,,,,,,,,,,,,,,,,,0.0,0.0,0.0,30,30,0,0,float32,137.1822052001953,9.66774034500122,137.22247700206935,106.2277119954427,9.666826725006104,18.8203125,
training,uyoco,,torch,5,ac,passed,,163401216,36,12,research-baseline,experiments/l40s/results/research-baselines/training-uyoco-torch-t05-ac.json,,,,,,,,,,,,,,,,,,,0.0,0.0,0.0,36,36,0,0,float32,217.03269958496094,4.716257572174072,217.0936519978568,147.76695760091147,4.730358600616455,8.60546875,
training,uyoco,,torch,5,none,passed,,163401216,36,12,research-baseline,experiments/l40s/results/research-baselines/training-uyoco-torch-t05-none.json,,,,,,,,,,,,,,,,,,,0.0,0.0,0.0,36,36,0,0,float32,141.0314178466797,10.72956895828247,141.07144800073002,122.2813008626302,10.728655338287354,21.015625,
training,uyoco,,torch,6,ac,passed,,163401216,42,12,research-baseline,experiments/l40s/results/research-baselines/training-uyoco-torch-t06-ac.json,,,,,,,,,,,,,,,,,,,0.0,0.0,0.0,42,42,0,0,float32,259.6792297363281,4.785837650299072,259.7154280010727,168.44390869140625,4.800793170928955,8.81640625,
training,uyoco,,torch,6,none,passed,,163401216,42,12,research-baseline,experiments/l40s/results/research-baselines/training-uyoco-torch-t06-none.json,,,,,,,,,,,,,,,,,,,0.0,0.0,0.0,42,42,0,0,float32,160.94924926757812,11.79139757156372,161.0125480001443,138.70455932617188,11.790483951568604,23.2109375,
training,uyoco,,torch,7,ac,passed,,163401216,48,12,research-baseline,experiments/l40s/results/research-baselines/training-uyoco-torch-t07-ac.json,,,,,,,,,,,,,,,,,,,0.0,0.0,0.0,48,48,0,0,float32,328.8555603027344,4.856272220611572,328.90057299664477,188.15966796875,4.870373249053955,9.02734375,
training,uyoco,,torch,7,none,passed,,163401216,48,12,research-baseline,experiments/l40s/results/research-baselines/training-uyoco-torch-t07-none.json,,,,,,,,,,,,,,,,,,,0.0,0.0,0.0,48,48,0,0,float32,181.22035217285156,12.85322618484497,181.26242000289494,154.9236857096354,12.852312564849854,25.40625,
training,uyoco,,torch,8,ac,passed,,163401216,54,12,research-baseline,experiments/l40s/results/research-baselines/training-uyoco-torch-t08-ac.json,,,,,,,,,,,,,,,,,,,0.0,0.0,0.0,54,54,0,0,float32,321.7508850097656,4.926584720611572,321.7911840038141,209.5561319986979,4.940685749053955,9.23828125,
training,uyoco,,torch,8,none,passed,,163401216,54,12,research-baseline,experiments/l40s/results/research-baselines/training-uyoco-torch-t08-none.json,,,,,,,,,,,,,,,,,,,0.0,0.0,0.0,54,54,0,0,float32,204.26034545898438,13.91505479812622,204.30451900028856,171.65789794921875,13.914141178131104,27.59765625,
training,uyoco,,torch,9,ac,passed,,163401216,60,12,research-baseline,experiments/l40s/results/research-baselines/training-uyoco-torch-t09-ac.json,,,,,,,,,,,,,,,,,,,0.0,0.0,0.0,60,60,0,0,float32,366.1947021484375,4.996897220611572,366.2384600029327,228.81758626302084,5.010998249053955,9.44921875,
training,uyoco,,torch,9,none,passed,,163401216,60,12,research-baseline,experiments/l40s/results/research-baselines/training-uyoco-torch-t09-none.json,,,,,,,,,,,,,,,,,,,0.0,0.0,0.0,60,60,0,0,float32,220.6095428466797,14.97688341140747,220.64894199866103,186.8393758138021,14.975969791412354,29.79296875,
training,uyoco,,torch,10,ac,passed,,163401216,66,12,research-baseline,experiments/l40s/results/research-baselines/training-uyoco-torch-t10-ac.json,,,,,,,,,,,,,,,,,,,0.0,0.0,0.0,66,66,0,0,float32,407.7967529296875,5.067209720611572,407.8340019987081,248.6156005859375,5.081310749053955,9.66015625,
training,uyoco,,torch,10,none,passed,,163401216,66,12,research-baseline,experiments/l40s/results/research-baselines/training-uyoco-torch-t10-none.json,,,,,,,,,,,,,,,,,,,0.0,0.0,0.0,66,66,0,0,float32,248.2054443359375,16.03871202468872,248.2580930009135,202.36527506510416,16.037798404693604,31.98828125,
training,uyoco,,torch,11,ac,passed,,163401216,72,12,research-baseline,experiments/l40s/results/research-baselines/training-uyoco-torch-t11-ac.json,,,,,,,,,,,,,,,,,,,0.0,0.0,0.0,72,72,0,0,float32,442.5236511230469,5.137522220611572,442.58932799857575,270.2366129557292,5.151623249053955,9.87109375,
training,uyoco,,torch,11,none,passed,,163401216,72,12,research-baseline,experiments/l40s/results/research-baselines/training-uyoco-torch-t11-none.json,,,,,,,,,,,,,,,,,,,0.0,0.0,0.0,72,72,0,0,float32,259.4804382324219,17.10054063796997,259.5242640018114,219.52408854166666,17.099627017974854,34.18359375,
training,uyoco,,torch,12,ac,passed,,163401216,78,12,research-baseline,experiments/l40s/results/research-baselines/training-uyoco-torch-t12-ac.json,,,,,,,,,,,,,,,,,,,0.0,0.0,0.0,78,78,0,0,float32,469.5613098144531,5.207834720611572,469.59905499534216,291.30621337890625,5.221935749053955,10.08203125,
training,uyoco,,torch,12,none,passed,,163401216,78,12,research-baseline,experiments/l40s/results/research-baselines/training-uyoco-torch-t12-none.json,,,,,,,,,,,,,,,,,,,0.0,0.0,0.0,78,78,0,0,float32,278.36932373046875,18.16236925125122,278.4126729966374,235.9152628580729,18.161455631256104,36.375,
training,uyoco,,torch,13,ac,passed,,163401216,84,12,research-baseline,experiments/l40s/results/research-baselines/training-uyoco-torch-t13-ac.json,,,,,,,,,,,,,,,,,,,0.0,0.0,0.0,84,84,0,0,float32,516.2802734375,5.278147220611572,516.3437660012278,309.8944091796875,5.292248249053955,10.29296875,
training,uyoco,,torch,13,none,passed,,163401216,84,12,research-baseline,experiments/l40s/results/research-baselines/training-uyoco-torch-t13-none.json,,,,,,,,,,,,,,,,,,,0.0,0.0,0.0,84,84,0,0,float32,299.9285888671875,19.22419786453247,299.97226200066507,250.8714599609375,19.223284244537354,38.5703125,
training,uyoco,,torch,14,ac,passed,,163401216,90,12,research-baseline,experiments/l40s/results/research-baselines/training-uyoco-torch-t14-ac.json,,,,,,,,,,,,,,,,,,,0.0,0.0,0.0,90,90,0,0,float32,540.3023071289062,5.348459720611572,540.3387459955411,330.73492431640625,5.362560749053955,10.50390625,
training,uyoco,,torch,14,none,passed,,163401216,90,12,research-baseline,experiments/l40s/results/research-baselines/training-uyoco-torch-t14-none.json,,,,,,,,,,,,,,,,,,,0.0,0.0,0.0,90,90,0,0,float32,321.42950439453125,20.28602647781372,321.4640920050442,267.21417236328125,20.285112857818604,40.765625,
training,uyoco,,torch,15,ac,passed,,163401216,96,12,research-baseline,experiments/l40s/results/research-baselines/training-uyoco-torch-t15-ac.json,,,,,,,,,,,,,,,,,,,0.0,0.0,0.0,96,96,0,0,float32,583.1280517578125,5.418772220611572,583.1646309961798,354.2681477864583,5.432873249053955,10.71484375,
training,uyoco,,torch,15,none,passed,,163401216,96,12,research-baseline,experiments/l40s/results/research-baselines/training-uyoco-torch-t15-none.json,,,,,,,,,,,,,,,,,,,0.0,0.0,0.0,96,96,0,0,float32,346.8011474609375,21.34785509109497,346.8429089989513,286.3134765625,21.346941471099854,42.9609375,
training,uyoco,,torch,16,ac,passed,,163401216,102,12,research-baseline,experiments/l40s/results/research-baselines/training-uyoco-torch-t16-ac.json,,,,,,,,,,,,,,,,,,,0.0,0.0,0.0,102,102,0,0,float32,609.964111328125,5.489084720611572,610.0024030019995,371.8277180989583,5.503185749053955,10.92578125,
training,uyoco,,torch,16,none,passed,,163401216,102,12,research-baseline,experiments/l40s/results/research-baselines/training-uyoco-torch-t16-none.json,,,,,,,,,,,,,,,,,,,0.0,0.0,0.0,102,102,0,0,float32,371.09234619140625,22.40968370437622,371.1364949995186,300.37127685546875,22.408770084381104,24.865234375,
inference,llt,32,tensor,1,none,passed,,149717760,12,12,contextual-llt,experiments/l40s/results/contextual-llt/inference-llt-tensor-r032-t01-none.json,13.953023910522461,0.8492488861083984,13.974491012049839,6.256640116373698,0.8487606048583984,,18.139232635498047,0.8490047454833984,18.16256500023883,6.5655466715494795,0.8487606048583984,,11.101216316223145,0.7558236122131348,11.12246401316952,0.7058773040771484,0.7558236122131348,,3.0032958984375,13.5,183.375,12,12,,,float32,,,,,,,12
inference,llt,32,tensor,2,none,passed,,149717760,24,12,contextual-llt,experiments/l40s/results/contextual-llt/inference-llt-tensor-r032-t02-none.json,22.362112045288086,0.8492488861083984,22.384543000953272,11.7838503519694,0.8487606048583984,,26.589183807373047,0.8492488861083984,26.6129529918544,12.13913599650065,0.8487606048583984,,18.921472549438477,0.7558236122131348,18.944039999041706,1.1608746846516926,0.7558236122131348,,3.0032958984375,13.5,183.375,24,24,,,float32,,,,,,,12
inference,llt,32,tensor,3,none,passed,,149717760,36,12,contextual-llt,experiments/l40s/results/contextual-llt/inference-llt-tensor-r032-t03-none.json,31.95702362060547,0.8492488861083984,31.978771003196016,17.358783721923828,0.8487606048583984,,36.50764846801758,0.8492488861083984,36.53194599610288,17.710421244303387,0.8487606048583984,,27.79136085510254,0.7558236122131348,27.816695990622975,1.6168959935506184,0.7558236122131348,,3.0032958984375,13.5,183.375,36,36,,,float32,,,,,,,12
inference,llt,32,tensor,4,none,passed,,149717760,48,12,contextual-llt,experiments/l40s/results/contextual-llt/inference-llt-tensor-r032-t04-none.json,39.876609802246094,0.8492488861083984,39.89871998783201,22.95910390218099,0.8487606048583984,,45.026302337646484,0.8492488861083984,45.05074898770545,23.343785603841145,0.8487606048583984,,35.590145111083984,0.7558236122131348,35.61281999282073,2.073941389719645,0.7558236122131348,,3.0032958984375,13.5,183.375,48,48,,,float32,,,,,,,12
inference,llt,32,tensor,5,none,passed,,149717760,60,12,contextual-llt,experiments/l40s/results/contextual-llt/inference-llt-tensor-r032-t05-none.json,49.75932693481445,0.8492488861083984,49.780925997765735,28.43067677815755,0.8487606048583984,,54.007808685302734,0.8492488861083984,54.030839004553854,28.834134419759113,0.8487606048583984,,43.872161865234375,0.7558236122131348,43.89328899560496,2.5309227307637534,0.7558236122131348,,3.0032958984375,13.5,183.375,60,60,,,float32,,,,,,,12
inference,llt,32,tensor,6,none,passed,,149717760,72,12,contextual-llt,experiments/l40s/results/contextual-llt/inference-llt-tensor-r032-t06-none.json,58.730430603027344,0.8492488861083984,58.751513992319815,34.030932108561196,0.8487606048583984,,62.93299102783203,0.8492488861083984,62.96074700367171,34.43336486816406,0.8487606048583984,,52.58649444580078,0.7558236122131348,52.60814398934599,2.9859838485717773,0.7558236122131348,,3.0032958984375,13.5,183.375,72,72,,,float32,,,,,,,12
inference,llt,32,tensor,7,none,passed,,149717760,84,12,contextual-llt,experiments/l40s/results/contextual-llt/inference-llt-tensor-r032-t07-none.json,64.90316772460938,0.8492488861083984,64.92441899899859,39.672149658203125,0.8487606048583984,,69.79686737060547,0.8492488861083984,69.8191750125261,40.09710947672526,0.8487606048583984,,58.4796142578125,0.7558236122131348,58.505765002337284,3.43995730082194,0.7558236122131348,,3.0032958984375,13.5,183.375,84,84,,,float32,,,,,,,12
inference,llt,32,tensor,8,none,passed,,149717760,96,12,contextual-llt,experiments/l40s/results/contextual-llt/inference-llt-tensor-r032-t08-none.json,118.99897766113281,0.8492488861083984,119.03387999336701,45.23345947265625,0.8487606048583984,,82.94092559814453,0.8492488861083984,82.96794899797533,45.67552185058594,0.8487606048583984,,67.78470611572266,0.7558236122131348,67.80760499532335,3.896992047627767,0.7558236122131348,,3.0032958984375,13.5,183.375,96,96,,,float32,,,,,,,12
inference,llt,32,tensor,9,none,passed,,149717760,108,12,contextual-llt,experiments/l40s/results/contextual-llt/inference-llt-tensor-r032-t09-none.json,84.57625579833984,0.8492488861083984,84.60335699783172,50.980865478515625,0.8487606048583984,,87.52352142333984,0.8492488861083984,87.54635199147742,51.432108561197914,0.8487606048583984,,75.86815643310547,0.7558236122131348,75.89154900051653,4.351658821105957,0.7558236122131348,,3.0032958984375,13.5,183.375,108,108,,,float32,,,,,,,12
inference,llt,32,tensor,10,none,passed,,149717760,120,12,contextual-llt,experiments/l40s/results/contextual-llt/inference-llt-tensor-r032-t10-none.json,93.04985809326172,0.8492488861083984,93.07202299532946,56.38417053222656,0.8487606048583984,,96.82637023925781,0.8492488861083984,96.8625559908105,56.875691731770836,0.8487606048583984,,83.59014129638672,0.7558236122131348,83.61401499132626,4.807680130004883,0.7558236122131348,,3.0032958984375,13.5,183.375,120,120,,,float32,,,,,,,12
inference,llt,32,tensor,11,none,passed,,149717760,132,12,contextual-llt,experiments/l40s/results/contextual-llt/inference-llt-tensor-r032-t11-none.json,101.45069122314453,0.8492488861083984,101.47313699417282,61.793619791666664,0.8487606048583984,,105.56723022460938,0.8492488861083984,105.59084799024276,62.02879842122396,0.8487606048583984,,92.5132827758789,0.7558236122131348,92.53798000281677,5.263999938964844,0.7558236122131348,,3.0032958984375,13.5,183.375,132,132,,,float32,,,,,,,12
inference,llt,32,tensor,12,none,passed,,149717760,144,12,contextual-llt,experiments/l40s/results/contextual-llt/inference-llt-tensor-r032-t12-none.json,111.18377685546875,0.8492488861083984,111.20796599425375,67.83243815104167,0.8487606048583984,,118.0057601928711,0.8492488861083984,118.03092999616638,67.99667358398438,0.8487606048583984,,102.2208023071289,0.7558236122131348,102.24350100907031,5.720746358235677,0.7558236122131348,,3.0032958984375,13.5,183.375,144,144,,,float32,,,,,,,12
inference,llt,32,tensor,13,none,passed,,149717760,156,12,contextual-llt,experiments/l40s/results/contextual-llt/inference-llt-tensor-r032-t13-none.json,120.34867095947266,0.8492488861083984,120.37134599813726,73.35935974121094,0.8487606048583984,,126.43011474609375,0.8492488861083984,126.4519139949698,73.6146748860677,0.8487606048583984,,112.142333984375,0.7558236122131348,112.1657750045415,6.1856428782145185,0.7558236122131348,,3.0032958984375,13.5,183.375,156,156,,,float32,,,,,,,12
inference,llt,32,tensor,14,none,passed,,149717760,168,12,contextual-llt,experiments/l40s/results/contextual-llt/inference-llt-tensor-r032-t14-none.json,127.92415618896484,0.8492488861083984,127.94531899271533,78.5285135904948,0.8487606048583984,,134.20338439941406,0.8492488861083984,134.227581002051,78.75174458821614,0.8487606048583984,,118.92940521240234,0.7558236122131348,118.9521549968049,6.632778803507487,0.7558236122131348,,3.0032958984375,13.5,183.375,168,168,,,float32,,,,,,,12
inference,llt,32,tensor,15,none,passed,,149717760,180,12,contextual-llt,experiments/l40s/results/contextual-llt/inference-llt-tensor-r032-t15-none.json,140.01239013671875,0.8492488861083984,140.0348210008815,84.31957499186198,0.8487606048583984,,143.65286254882812,0.8492488861083984,143.67974299238995,84.56123860677083,0.8487606048583984,,127.1173095703125,0.7558236122131348,127.14162799238693,7.088127772013347,0.7558236122131348,,3.0032958984375,13.5,183.375,180,180,,,float32,,,,,,,12
inference,llt,32,tensor,16,none,passed,,149717760,192,12,contextual-llt,experiments/l40s/results/contextual-llt/inference-llt-tensor-r032-t16-none.json,153.6696319580078,0.8492488861083984,153.7009589956142,89.71127319335938,0.8487606048583984,,155.13072204589844,0.8492488861083984,155.15599999343976,89.92153930664062,0.8487606048583984,,137.54368591308594,0.7558236122131348,137.57438398897648,7.544149398803711,0.7558236122131348,,3.0032958984375,13.5,183.375,192,192,,,float32,,,,,,,12
inference,llt,64,tensor,1,none,passed,,150602496,12,12,contextual-llt,experiments/l40s/results/contextual-llt/inference-llt-tensor-r064-t01-none.json,13.979647636413574,0.8850736618041992,14.00552700215485,7.01576550801595,0.8767757415771484,,19.518463134765625,0.8850736618041992,19.540916007827036,7.35539182027181,0.8767757415771484,,11.330464363098145,0.786283016204834,11.35137100936845,0.7553706963857015,0.786283016204834,,6.0062255859375,27.0,185.0625,12,12,,,float32,,,,,,,12
inference,llt,64,tensor,2,none,passed,,150602496,24,12,contextual-llt,experiments/l40s/results/contextual-llt/inference-llt-tensor-r064-t02-none.json,22.166528701782227,0.8850736618041992,22.190595002030022,13.268992106119791,0.8767757415771484,,26.589183807373047,0.8850736618041992,26.610867003910244,13.63797378540039,0.8767757415771484,,19.162111282348633,0.786283016204834,19.182440009899437,1.2619093259175618,0.786283016204834,,6.0062255859375,27.0,185.0625,24,24,,,float32,,,,,,,12
inference,llt,64,tensor,3,none,passed,,150602496,36,12,contextual-llt,experiments/l40s/results/contextual-llt/inference-llt-tensor-r064-t03-none.json,30.81830406188965,0.8850736618041992,30.841052997857332,19.536212921142578,0.8767757415771484,,35.89836883544922,0.8850736618041992,35.92039200884756,19.948543548583984,0.8767757415771484,,27.94700813293457,0.786283016204834,27.96981499704998,1.768448034922282,0.786283016204834,,6.0062255859375,27.0,185.0625,36,36,,,float32,,,,,,,12
inference,llt,64,tensor,4,none,passed,,150602496,48,12,contextual-llt,experiments/l40s/results/contextual-llt/inference-llt-tensor-r064-t04-none.json,40.685569763183594,0.8850736618041992,40.70727700309362,25.74267832438151,0.8767757415771484,,45.023231506347656,0.8850736618041992,45.04611999436747,26.15978749593099,0.8767757415771484,,36.26291275024414,0.786283016204834,36.286506001488306,2.2756479581197104,0.786283016204834,,6.0062255859375,27.0,185.0625,48,48,,,float32,,,,,,,12
inference,llt,64,tensor,5,none,passed,,150602496,60,12,contextual-llt,experiments/l40s/results/contextual-llt/inference-llt-tensor-r064-t05-none.json,48.05427169799805,0.8850736618041992,48.076081002363935,32.00648498535156,0.8767757415771484,,52.85580825805664,0.8850736618041992,52.88227599521633,32.32597351074219,0.8767757415771484,,43.28755187988281,0.786283016204834,43.31259800528642,2.7828906377156577,0.786283016204834,,6.0062255859375,27.0,185.0625,60,60,,,float32,,,,,,,12
inference,llt,64,tensor,6,none,passed,,150602496,72,12,contextual-llt,experiments/l40s/results/contextual-llt/inference-llt-tensor-r064-t06-none.json,55.18540954589844,0.8850736618041992,55.20722400979139,38.30715688069662,0.8767757415771484,,59.76473617553711,0.8850736618041992,59.78811500244774,38.60684712727865,0.8767757415771484,,48.54886245727539,0.786283016204834,48.569754988420755,3.287722587585449,0.786283016204834,,6.0062255859375,27.0,185.0625,72,72,,,float32,,,,,,,12
inference,llt,64,tensor,7,none,passed,,150602496,84,12,contextual-llt,experiments/l40s/results/contextual-llt/inference-llt-tensor-r064-t07-none.json,65.51776123046875,0.8850736618041992,65.54012899869122,44.71739705403646,0.8767757415771484,,70.88025665283203,0.8850736618041992,70.90348801284563,45.00036112467448,0.8767757415771484,,58.29529571533203,0.786283016204834,58.31711000064388,3.795285224914551,0.786283016204834,,6.0062255859375,27.0,185.0625,84,84,,,float32,,,,,,,12
inference,llt,64,tensor,8,none,passed,,150602496,96,12,contextual-llt,experiments/l40s/results/contextual-llt/inference-llt-tensor-r064-t08-none.json,74.17740631103516,0.8850736618041992,74.19880299130455,51.0733642578125,0.8767757415771484,,79.44908905029297,0.8850736618041992,79.4721669954015,51.31878153483073,0.8767757415771484,,66.92658996582031,0.786283016204834,66.95052099530585,4.301088015238444,0.786283016204834,,6.0062255859375,27.0,185.0625,96,96,,,float32,,,,,,,12
inference,llt,64,tensor,9,none,passed,,150602496,108,12,contextual-llt,experiments/l40s/results/contextual-llt/inference-llt-tensor-r064-t09-none.json,82.24960327148438,0.8850736618041992,82.28003799740691,57.237813313802086,0.8767757415771484,,86.95398712158203,0.8850736618041992,86.9768499978818,57.55699157714844,0.8767757415771484,,74.1365737915039,0.786283016204834,74.15923901135102,4.807338714599609,0.786283016204834,,6.0062255859375,27.0,185.0625,108,108,,,float32,,,,,,,12
inference,llt,64,tensor,10,none,passed,,150602496,120,12,contextual-llt,experiments/l40s/results/contextual-llt/inference-llt-tensor-r064-t10-none.json,94.10867309570312,0.8850736618041992,94.1311089991359,63.62726338704427,0.8767757415771484,,99.37510681152344,0.8850736618041992,99.39993800071534,63.94128926595052,0.8767757415771484,,85.99654388427734,0.786283016204834,86.01871499558911,5.315573374430339,0.786283016204834,,6.0062255859375,27.0,185.0625,120,120,,,float32,,,,,,,12
inference,llt,64,tensor,11,none,passed,,150602496,132,12,contextual-llt,experiments/l40s/results/contextual-llt/inference-llt-tensor-r064-t11-none.json,102.43276977539062,0.8850736618041992,102.45565699005965,69.93544514973958,0.8767757415771484,,104.57190704345703,0.8850736618041992,104.59354599879589,70.21499633789062,0.8767757415771484,,94.06259155273438,0.786283016204834,94.08643400820438,5.820757548014323,0.786283016204834,,6.0062255859375,27.0,185.0625,132,132,,,float32,,,,,,,12
inference,llt,64,tensor,12,none,passed,,150602496,144,12,contextual-llt,experiments/l40s/results/contextual-llt/inference-llt-tensor-r064-t12-none.json,109.37958526611328,0.8850736618041992,109.40703100641258,75.75483703613281,0.8767757415771484,,112.44236755371094,0.8850736618041992,112.46596499404404,75.98353068033855,0.8767757415771484,,99.76646423339844,0.786283016204834,99.79020200262312,6.327637354532878,0.786283016204834,,6.0062255859375,27.0,185.0625,144,144,,,float32,,,,,,,12
inference,llt,64,tensor,13,none,passed,,150602496,156,12,contextual-llt,experiments/l40s/results/contextual-llt/inference-llt-tensor-r064-t13-none.json,123.19939422607422,0.8850736618041992,123.22212700382806,82.82351175944011,0.8767757415771484,,127.6938247680664,0.8850736618041992,127.72314999892842,83.16586812337239,0.8767757415771484,,115.0660171508789,0.786283016204834,115.08837399014737,6.846805572509766,0.786283016204834,,6.0062255859375,27.0,185.0625,156,156,,,float32,,,,,,,12
inference,llt,64,tensor,14,none,passed,,150602496,168,12,contextual-llt,experiments/l40s/results/contextual-llt/inference-llt-tensor-r064-t14-none.json,130.4484405517578,0.8850736618041992,130.47241800813936,89.03268432617188,0.8767757415771484,,135.89520263671875,0.8850736618041992,135.91943799110595,89.13885498046875,0.8767757415771484,,115.66889953613281,0.786283016204834,115.69238199444953,7.338325500488281,0.786283016204834,,6.0062255859375,27.0,185.0625,168,168,,,float32,,,,,,,12
inference,llt,64,tensor,15,none,passed,,150602496,180,12,contextual-llt,experiments/l40s/results/contextual-llt/inference-llt-tensor-r064-t15-none.json,136.62208557128906,0.8850736618041992,136.64432099903934,94.84287516276042,0.8767757415771484,,140.368896484375,0.8850736618041992,140.3918599971803,95.09307861328125,0.8767757415771484,,126.61862182617188,0.786283016204834,126.6417929873569,7.847253163655599,0.786283016204834,,6.0062255859375,27.0,185.0625,180,180,,,float32,,,,,,,12
inference,llt,64,tensor,16,none,passed,,150602496,192,12,contextual-llt,experiments/l40s/results/contextual-llt/inference-llt-tensor-r064-t16-none.json,150.35494995117188,0.8850736618041992,150.38133900088724,101.1244405110677,0.8767757415771484,,157.3007354736328,0.8850736618041992,157.326150991139,101.500244140625,0.8767757415771484,,136.58213806152344,0.786283016204834,136.60510501358658,8.353408177693685,0.786283016204834,,6.0062255859375,27.0,185.0625,192,192,,,float32,,,,,,,12
inference,llt,128,tensor,1,none,passed,,152371968,12,12,contextual-llt,experiments/l40s/results/contextual-llt/inference-llt-tensor-r128-t01-none.json,13.973504066467285,0.9319515228271484,13.99547299661208,8.929279963175455,0.9295101165771484,,18.46067237854004,0.9312191009521484,18.482433006283827,9.376426696777344,0.9295101165771484,,11.311103820800781,0.8271794319152832,11.33291500445921,0.8594773610432943,0.8271794319152832,,12.0120849609375,54.0,188.4375,12,12,,,float32,,,,,,,12
inference,llt,128,tensor,2,none,passed,,152371968,24,12,contextual-llt,experiments/l40s/results/contextual-llt/inference-llt-tensor-r128-t02-none.json,22.84236717224121,0.9319515228271484,22.86506400560029,17.027071634928387,0.9295101165771484,,26.892288208007812,0.9312191009521484,26.915440990705974,17.498794555664062,0.9295101165771484,,18.914304733276367,0.8271794319152832,18.93612099229358,1.4687573115030925,0.8271794319152832,,12.0120849609375,54.0,188.4375,24,24,,,float32,,,,,,,12
inference,llt,128,tensor,3,none,passed,,152371968,36,12,contextual-llt,experiments/l40s/results/contextual-llt/inference-llt-tensor-r128-t03-none.json,31.254528045654297,0.9319515228271484,31.276300011086278,25.108139038085938,0.9295101165771484,,35.79596710205078,0.9312191009521484,35.81836599914823,25.556991577148438,0.9295101165771484,,26.802175521850586,0.8271794319152832,26.824496002518572,2.077354590098063,0.8271794319152832,,12.0120849609375,54.0,188.4375,36,36,,,float32,,,,,,,12
inference,llt,128,tensor,4,none,passed,,152371968,48,12,contextual-llt,experiments/l40s/results/contextual-llt/inference-llt-tensor-r128-t04-none.json,41.30611038208008,0.9319515228271484,41.33092700794805,33.13049570719401,0.9295101165771484,,44.75187301635742,0.9312191009521484,44.77537800266873,33.598121643066406,0.9295101165771484,,35.62803268432617,0.8271794319152832,35.649519006256014,2.685215950012207,0.8271794319152832,,12.0120849609375,54.0,188.4375,48,48,,,float32,,,,,,,12
inference,llt,128,tensor,5,none,passed,,152371968,60,12,contextual-llt,experiments/l40s/results/contextual-llt/inference-llt-tensor-r128-t05-none.json,47.7204475402832,0.9319515228271484,47.7437910012668,41.42353057861328,0.9295101165771484,,52.49740982055664,0.9312191009521484,52.521794990752824,41.88910929361979,0.9295101165771484,,42.043392181396484,0.8271794319152832,42.064581997692585,3.2938667933146157,0.8271794319152832,,12.0120849609375,54.0,188.4375,60,60,,,float32,,,,,,,12
inference,llt,128,tensor,6,none,passed,,152371968,72,12,contextual-llt,experiments/l40s/results/contextual-llt/inference-llt-tensor-r128-t06-none.json,58.89535903930664,0.9319515228271484,58.9175549976062,49.51006062825521,0.9295101165771484,,62.46809768676758,0.9312191009521484,62.490572992828675,49.97870890299479,0.9295101165771484,,51.87891387939453,0.8271794319152832,51.90231199958362,3.902463912963867,0.8271794319152832,,12.0120849609375,54.0,188.4375,72,72,,,float32,,,,,,,12
inference,llt,128,tensor,7,none,passed,,152371968,84,12,contextual-llt,experiments/l40s/results/contextual-llt/inference-llt-tensor-r128-t07-none.json,65.32403564453125,0.9319515228271484,65.34785400435794,57.5095469156901,0.9295101165771484,,70.17676544189453,0.9312191009521484,70.20090500009246,58.02222696940104,0.9295101165771484,,58.20198440551758,0.8271794319152832,58.22390099638142,4.511381467183431,0.8271794319152832,,12.0120849609375,54.0,188.4375,84,84,,,float32,,,,,,,12
inference,llt,128,tensor,8,none,passed,,152371968,96,12,contextual-llt,experiments/l40s/results/contextual-llt/inference-llt-tensor-r128-t08-none.json,74.93836975097656,0.9319515228271484,74.96268401155248,65.57901000976562,0.9295101165771484,,80.33280181884766,0.9312191009521484,80.35799299250357,66.05755615234375,0.9295101165771484,,67.47853088378906,0.8271794319152832,67.50112799636554,5.120277404785156,0.8271794319152832,,12.0120849609375,54.0,188.4375,96,96,,,float32,,,,,,,12
inference,llt,128,tensor,9,none,passed,,152371968,108,12,contextual-llt,experiments/l40s/results/contextual-llt/inference-llt-tensor-r128-t09-none.json,86.69075012207031,0.9319515228271484,86.71200599928852,73.86351013183594,0.9295101165771484,,91.0745620727539,0.9312191009521484,91.09854498819914,74.32020060221355,0.9295101165771484,,77.82383728027344,0.8271794319152832,77.847884997027,5.7289384206136065,0.8271794319152832,,12.0120849609375,54.0,188.4375,108,108,,,float32,,,,,,,12
inference,llt,128,tensor,10,none,passed,,152371968,120,12,contextual-llt,experiments/l40s/results/contextual-llt/inference-llt-tensor-r128-t10-none.json,94.50601959228516,0.9319515228271484,94.53112800838426,81.63225809733073,0.9295101165771484,,99.66694641113281,0.9312191009521484,99.689752998529,82.16029866536458,0.9295101165771484,,84.87417602539062,0.8271794319152832,84.89912400546018,6.33787727355957,0.8271794319152832,,12.0120849609375,54.0,188.4375,120,120,,,float32,,,,,,,12
inference,llt,128,tensor,11,none,passed,,152371968,132,12,contextual-llt,experiments/l40s/results/contextual-llt/inference-llt-tensor-r128-t11-none.json,103.193603515625,0.9319515228271484,103.21872800705023,89.85667928059895,0.9295101165771484,,110.24374389648438,0.9312191009521484,110.26830399350729,90.32499186197917,0.9295101165771484,,94.10969543457031,0.8271794319152832,94.13113098707981,6.947498957316081,0.8271794319152832,,12.0120849609375,54.0,188.4375,132,132,,,float32,,,,,,,12
inference,llt,128,tensor,12,none,passed,,152371968,144,12,contextual-llt,experiments/l40s/results/contextual-llt/inference-llt-tensor-r128-t12-none.json,113.38646697998047,0.9319515228271484,113.40957100037485,98.00670369466145,0.9295101165771484,,118.0571517944336,0.9312191009521484,118.0859840096673,98.52618408203125,0.9295101165771484,,102.62425231933594,0.8271794319152832,102.6459949935088,7.556085586547852,0.8271794319152832,,12.0120849609375,54.0,188.4375,144,144,,,float32,,,,,,,12
inference,llt,128,tensor,13,none,passed,,152371968,156,12,contextual-llt,experiments/l40s/results/contextual-llt/inference-llt-tensor-r128-t13-none.json,122.29017639160156,0.9319515228271484,122.32207399210893,106.03042602539062,0.9295101165771484,,127.83824157714844,0.9312191009521484,127.86243099253625,106.52262369791667,0.9295101165771484,,104.595458984375,0.8271794319152832,104.62252899014857,8.165034612019857,0.8271794319152832,,12.0120849609375,54.0,188.4375,156,156,,,float32,,,,,,,12
inference,llt,128,tensor,14,none,passed,,152371968,168,12,contextual-llt,experiments/l40s/results/contextual-llt/inference-llt-tensor-r128-t14-none.json,129.36703491210938,0.9319515228271484,129.39849999384023,115.34023030598958,0.9295101165771484,,137.60922241210938,0.9312191009521484,137.63267699687276,116.21851603190105,0.9295101165771484,,116.54144287109375,0.8271794319152832,116.56493299233261,8.772576014200846,0.8271794319152832,,12.0120849609375,54.0,188.4375,168,168,,,float32,,,,,,,12
inference,llt,128,tensor,15,none,passed,,152371968,180,12,contextual-llt,experiments/l40s/results/contextual-llt/inference-llt-tensor-r128-t15-none.json,138.2072296142578,0.9319515228271484,138.23611500265542,122.27105712890625,0.9295101165771484,,143.29959106445312,0.9312191009521484,143.32488999934867,122.72298177083333,0.9295101165771484,,125.0324478149414,0.8271794319152832,125.05580599827226,9.381888071695963,0.8271794319152832,,12.0120849609375,54.0,188.4375,180,180,,,float32,,,,,,,12
inference,llt,128,tensor,16,none,passed,,152371968,192,12,contextual-llt,experiments/l40s/results/contextual-llt/inference-llt-tensor-r128-t16-none.json,148.25062561035156,0.9319515228271484,148.27368799888063,132.2595011393229,0.9295101165771484,,152.03021240234375,0.9312191009521484,152.05482400779147,133.26131184895834,0.9295101165771484,,134.0753936767578,0.8271794319152832,134.10742300038692,9.99078369140625,0.8271794319152832,,12.0120849609375,54.0,188.4375,192,192,,,float32,,,,,,,12
inference,llt,32,torch,1,none,passed,,149717760,12,12,contextual-llt,experiments/l40s/results/contextual-llt/inference-llt-torch-r032-t01-none.json,7.588863849639893,0.8551082611083984,7.611420995090157,5.53437868754069,0.8630428314208984,,9.294848442077637,0.8551082611083984,9.316381998360157,5.829973220825195,0.8630428314208984,,5.4476799964904785,0.7621598243713379,5.468660005135462,1.009621302286784,0.7700943946838379,,3.0029296875,13.5,182.25,12,12,,,float32,,,,,,,12
inference,llt,32,torch,2,none,passed,,149717760,24,12,contextual-llt,experiments/l40s/results/contextual-llt/inference-llt-torch-r032-t02-none.json,12.73855972290039,0.8551082611083984,12.76490101008676,10.412373224894205,0.8630428314208984,,13.760512351989746,0.8551082611083984,13.783884001895785,10.729131062825521,0.8630428314208984,,9.624608039855957,0.7621598243713379,9.645727011957206,1.7759572664896648,0.7700943946838379,,3.0029296875,13.5,182.25,24,24,,,float32,,,,,,,12
inference,llt,32,torch,3,none,passed,,149717760,36,12,contextual-llt,experiments/l40s/results/contextual-llt/inference-llt-torch-r032-t03-none.json,17.855487823486328,0.8551082611083984,17.89380400441587,15.340885162353516,0.8630428314208984,,18.363391876220703,0.8551082611083984,18.387256990536116,15.66037368774414,0.8630428314208984,,13.831168174743652,0.7621598243713379,13.853933996870182,2.5364480018615723,0.7700943946838379,,3.0029296875,13.5,182.25,36,36,,,float32,,,,,,,12
inference,llt,32,torch,4,none,passed,,149717760,48,12,contextual-llt,experiments/l40s/results/contextual-llt/inference-llt-torch-r032-t04-none.json,23.160831451416016,0.8551082611083984,23.183754994533956,20.248917897542317,0.8630428314208984,,23.518207550048828,0.8551082611083984,23.54194199142512,20.543487548828125,0.8630428314208984,,18.2959041595459,0.7621598243713379,18.317651993129402,3.2996692657470703,0.7700943946838379,,3.0029296875,13.5,182.25,48,48,,,float32,,,,,,,12
inference,llt,32,torch,5,none,passed,,149717760,60,12,contextual-llt,experiments/l40s/results/contextual-llt/inference-llt-torch-r032-t05-none.json,28.15488052368164,0.8551082611083984,28.182548994664103,25.13885752360026,0.8630428314208984,,28.53171157836914,0.8551082611083984,28.561237995745614,25.475413004557293,0.8630428314208984,,22.51263999938965,0.7621598243713379,22.533415001817048,4.05946667989095,0.7700943946838379,,3.0029296875,13.5,182.25,60,60,,,float32,,,,,,,12
inference,llt,32,torch,6,none,passed,,149717760,72,12,contextual-llt,experiments/l40s/results/contextual-llt/inference-llt-torch-r032-t06-none.json,33.39263916015625,0.8551082611083984,33.422093008994125,30.032554626464844,0.8630428314208984,,33.7367057800293,0.8551082611083984,33.76041000592522,30.379689534505207,0.8630428314208984,,26.075136184692383,0.7621598243713379,26.09553700312972,4.813482602437337,0.7700943946838379,,3.0029296875,13.5,182.25,72,72,,,float32,,,,,,,12
inference,llt,32,torch,7,none,passed,,149717760,84,12,contextual-llt,experiments/l40s/results/contextual-llt/inference-llt-torch-r032-t07-none.json,38.70207977294922,0.8551082611083984,38.72677500476129,35.07983907063802,0.8630428314208984,,38.95897674560547,0.8551082611083984,38.98411100090016,35.4338124593099,0.8630428314208984,,30.170047760009766,0.7621598243713379,30.195088009350002,5.572608311971028,0.7700943946838379,,3.0029296875,13.5,182.25,84,84,,,float32,,,,,,,12
inference,llt,32,torch,8,none,passed,,149717760,96,12,contextual-llt,experiments/l40s/results/contextual-llt/inference-llt-torch-r032-t08-none.json,43.80665588378906,0.8551082611083984,43.832205003127456,39.974230448404946,0.8630428314208984,,44.072959899902344,0.8551082611083984,44.10194398951717,40.374613444010414,0.8630428314208984,,35.160064697265625,0.7621598243713379,35.181183004169725,6.33787727355957,0.7700943946838379,,3.0029296875,13.5,182.25,96,96,,,float32,,,,,,,12
inference,llt,32,torch,9,none,passed,,149717760,108,12,contextual-llt,experiments/l40s/results/contextual-llt/inference-llt-torch-r032-t09-none.json,49.172672271728516,0.8551082611083984,49.20628998661414,45.0641835530599,0.8630428314208984,,49.2861442565918,0.8551082611083984,49.32701200596057,45.39118957519531,0.8630428314208984,,39.738399505615234,0.7621598243713379,39.76087299815845,7.092565536499023,0.7700943946838379,,3.0029296875,13.5,182.25,108,108,,,float32,,,,,,,12
inference,llt,32,torch,10,none,passed,,149717760,120,12,contextual-llt,experiments/l40s/results/contextual-llt/inference-llt-torch-r032-t10-none.json,54.240257263183594,0.8551082611083984,54.27061099908315,49.9408213297526,0.8630428314208984,,54.48191833496094,0.8551082611083984,54.50977799773682,50.31731160481771,0.8630428314208984,,43.219966888427734,0.7621598243713379,43.24243500013836,7.847594579060872,0.7700943946838379,,3.0029296875,13.5,182.25,120,120,,,float32,,,,,,,12
inference,llt,32,torch,11,none,passed,,149717760,132,12,contextual-llt,experiments/l40s/results/contextual-llt/inference-llt-torch-r032-t11-none.json,59.17491149902344,0.8551082611083984,59.204623990808614,54.620157877604164,0.8630428314208984,,59.36137771606445,0.8551082611083984,59.39159699482843,54.98265584309896,0.8630428314208984,,48.00102233886719,0.7621598243713379,48.03137801354751,8.613834381103516,0.7700943946838379,,3.0029296875,13.5,182.25,132,132,,,float32,,,,,,,12
inference,llt,32,torch,12,none,passed,,149717760,144,12,contextual-llt,experiments/l40s/results/contextual-llt/inference-llt-torch-r032-t12-none.json,64.2344970703125,0.8551082611083984,64.29005801328458,59.52098083496094,0.8630428314208984,,64.75059509277344,0.8551082611083984,64.78023600357119,59.86235555013021,0.8630428314208984,,52.24550247192383,0.7621598243713379,52.27001600724179,9.371946970621744,0.7700943946838379,,3.0029296875,13.5,182.25,144,144,,,float32,,,,,,,12
inference,llt,32,torch,13,none,passed,,149717760,156,12,contextual-llt,experiments/l40s/results/contextual-llt/inference-llt-torch-r032-t13-none.json,70.58534240722656,0.8551082611083984,70.61372100724839,65.37489318847656,0.8630428314208984,,70.91506958007812,0.8551082611083984,70.94375799351837,65.75069681803386,0.8630428314208984,,55.90732955932617,0.7621598243713379,55.9285260096658,10.135882695515951,0.7700943946838379,,3.0029296875,13.5,182.25,156,156,,,float32,,,,,,,12
inference,llt,32,torch,14,none,passed,,149717760,168,12,contextual-llt,experiments/l40s/results/contextual-llt/inference-llt-torch-r032-t14-none.json,74.73458862304688,0.8551082611083984,74.76236698857974,69.38214619954427,0.8630428314208984,,74.7325439453125,0.8551082611083984,74.75890401110519,69.83168029785156,0.8630428314208984,,60.071937561035156,0.7621598243713379,60.095615990576334,10.888501485188803,0.7700943946838379,,3.0029296875,13.5,182.25,168,168,,,float32,,,,,,,12
inference,llt,32,torch,15,none,passed,,149717760,180,12,contextual-llt,experiments/l40s/results/contextual-llt/inference-llt-torch-r032-t15-none.json,80.35020446777344,0.8551082611083984,80.37961699301377,74.72196451822917,0.8630428314208984,,80.45977783203125,0.8551082611083984,80.48882998991758,75.11415608723958,0.8630428314208984,,64.395263671875,0.7621598243713379,64.41722800082061,11.6582400004069,0.7700943946838379,,3.0029296875,13.5,182.25,180,180,,,float32,,,,,,,12
inference,llt,32,torch,16,none,passed,,149717760,192,12,contextual-llt,experiments/l40s/results/contextual-llt/inference-llt-torch-r032-t16-none.json,85.05443572998047,0.8551082611083984,85.08202599477954,79.40090433756511,0.8630428314208984,,85.21727752685547,0.8551082611083984,85.24804099579342,79.88053385416667,0.8630428314208984,,67.44985961914062,0.7621598243713379,67.47073499718681,12.41531753540039,0.7700943946838379,,3.0029296875,13.5,182.25,192,192,,,float32,,,,,,,12
inference,llt,64,torch,1,none,passed,,150602496,12,12,contextual-llt,experiments/l40s/results/contextual-llt/inference-llt-torch-r064-t01-none.json,8.160256385803223,0.8958158493041992,8.181833996786736,6.264832178751628,0.8903255462646484,,9.300992012023926,0.8964262008666992,9.322761005023494,6.584661483764648,0.8909358978271484,,5.437376022338867,0.7976241111755371,5.458173996885307,1.1004587014516194,0.8055586814880371,,6.005859375,27.0,182.8125,12,12,,,float32,,,,,,,12
inference,llt,64,torch,2,none,passed,,150602496,24,12,contextual-llt,experiments/l40s/results/contextual-llt/inference-llt-torch-r064-t02-none.json,13.931488037109375,0.8958158493041992,13.955663001979701,11.834026336669922,0.8903255462646484,,14.435327529907227,0.8964262008666992,14.468576002400368,12.22451146443685,0.8909358978271484,,9.687104225158691,0.7976241111755371,9.715707987197675,1.9589120546976726,0.8055586814880371,,6.005859375,27.0,182.8125,24,24,,,float32,,,,,,,12
inference,llt,64,torch,3,none,passed,,150602496,36,12,contextual-llt,experiments/l40s/results/contextual-llt/inference-llt-torch-r064-t03-none.json,19.670015335083008,0.8958158493041992,19.72092199139297,17.48309326171875,0.8903255462646484,,20.183040618896484,0.8964262008666992,20.20948100835085,17.85582987467448,0.8909358978271484,,13.54751968383789,0.7976241111755371,13.569406000897288,2.817706743876139,0.8055586814880371,,6.005859375,27.0,182.8125,36,36,,,float32,,,,,,,12
inference,llt,64,torch,4,none,passed,,150602496,48,12,contextual-llt,experiments/l40s/results/contextual-llt/inference-llt-torch-r064-t04-none.json,25.51807975769043,0.8958158493041992,25.55744101118762,22.99084726969401,0.8903255462646484,,25.999359130859375,0.8964262008666992,26.02388200466521,23.376553853352863,0.8909358978271484,,18.528255462646484,0.7976241111755371,18.5645809979178,3.675818761189779,0.8055586814880371,,6.005859375,27.0,182.8125,48,48,,,float32,,,,,,,12
inference,llt,64,torch,5,none,passed,,150602496,60,12,contextual-llt,experiments/l40s/results/contextual-llt/inference-llt-torch-r064-t05-none.json,31.342592239379883,0.8958158493041992,31.368668991490267,28.638209025065105,0.8903255462646484,,31.813631057739258,0.8964262008666992,31.843517994275317,29.137888590494793,0.8909358978271484,,23.45574378967285,0.7976241111755371,23.47663399996236,4.532224019368489,0.8055586814880371,,6.005859375,27.0,182.8125,60,60,,,float32,,,,,,,12
inference,llt,64,torch,6,none,passed,,150602496,72,12,contextual-llt,experiments/l40s/results/contextual-llt/inference-llt-torch-r064-t06-none.json,37.18860626220703,0.8958158493041992,37.21446800045669,34.33062489827474,0.8903255462646484,,37.826560974121094,0.8964262008666992,37.85486200649757,34.63918813069662,0.8909358978271484,,26.446752548217773,0.7976241111755371,26.469339994946495,5.391018549601237,0.8055586814880371,,6.005859375,27.0,182.8125,72,72,,,float32,,,,,,,12
inference,llt,64,torch,7,none,passed,,150602496,84,12,contextual-llt,experiments/l40s/results/contextual-llt/inference-llt-torch-r064-t07-none.json,42.91276931762695,0.8958158493041992,42.944269996951334,39.87695058186849,0.8903255462646484,,43.61830520629883,0.8964262008666992,43.660166003974155,40.308736165364586,0.8909358978271484,,30.59916877746582,0.7976241111755371,30.63188400119543,6.250154495239258,0.8055586814880371,,6.005859375,27.0,182.8125,84,84,,,float32,,,,,,,12
inference,llt,64,torch,8,none,passed,,150602496,96,12,contextual-llt,experiments/l40s/results/contextual-llt/inference-llt-torch-r064-t08-none.json,48.6563835144043,0.8958158493041992,48.685765999834985,45.556396484375,0.8903255462646484,,49.39775848388672,0.8964262008666992,49.43776399886701,45.981353759765625,0.8909358978271484,,34.934783935546875,0.7976241111755371,34.960268007125705,7.108266830444336,0.8055586814880371,,6.005859375,27.0,182.8125,96,96,,,float32,,,,,,,12
inference,llt,64,torch,9,none,passed,,150602496,108,12,contextual-llt,experiments/l40s/results/contextual-llt/inference-llt-torch-r064-t09-none.json,54.577152252197266,0.8958158493041992,54.60962699726224,51.30681355794271,0.8903255462646484,,55.35744094848633,0.8964262008666992,55.38626499765087,51.45907084147135,0.8909358978271484,,38.23001480102539,0.7976241111755371,38.25173500808887,7.965695699055989,0.8055586814880371,,6.005859375,27.0,182.8125,108,108,,,float32,,,,,,,12
inference,llt,64,torch,10,none,passed,,150602496,120,12,contextual-llt,experiments/l40s/results/contextual-llt/inference-llt-torch-r064-t10-none.json,60.56857681274414,0.8958158493041992,60.59874199854676,57.01563517252604,0.8903255462646484,,61.49942398071289,0.8964262008666992,61.53322200407274,57.32113138834635,0.8909358978271484,,42.33932876586914,0.7976241111755371,42.36251399561297,8.821760177612305,0.8055586814880371,,6.005859375,27.0,182.8125,120,120,,,float32,,,,,,,12
inference,llt,64,torch,11,none,passed,,150602496,132,12,contextual-llt,experiments/l40s/results/contextual-llt/inference-llt-torch-r064-t11-none.json,66.71577453613281,0.8958158493041992,66.74481900699902,62.61009216308594,0.8903255462646484,,67.0739517211914,0.8964262008666992,67.10201500391122,62.97224426269531,0.8909358978271484,,47.281150817871094,0.7976241111755371,47.30380800901912,9.683285395304361,0.8055586814880371,,6.005859375,27.0,182.8125,132,132,,,float32,,,,,,,12
inference,llt,64,torch,12,none,passed,,150602496,144,12,contextual-llt,experiments/l40s/results/contextual-llt/inference-llt-torch-r064-t12-none.json,71.72096252441406,0.8958158493041992,71.77404100366402,67.89905293782552,0.8903255462646484,,72.4316177368164,0.8964262008666992,72.46285000292119,68.2816874186198,0.8909358978271484,,50.03878402709961,0.7976241111755371,50.06478700670414,10.541738510131836,0.8055586814880371,,6.005859375,27.0,182.8125,144,144,,,float32,,,,,,,12
inference,llt,64,torch,13,none,passed,,150602496,156,12,contextual-llt,experiments/l40s/results/contextual-llt/inference-llt-torch-r064-t13-none.json,78.17011260986328,0.8958158493041992,78.21483099542093,73.92631530761719,0.8903255462646484,,79.2074203491211,0.8964262008666992,79.23769499757327,74.3212381998698,0.8909358978271484,,57.34092712402344,0.7976241111755371,57.36242400598712,11.39950942993164,0.8055586814880371,,6.005859375,27.0,182.8125,156,156,,,float32,,,,,,,12
inference,llt,64,torch,14,none,passed,,150602496,168,12,contextual-llt,experiments/l40s/results/contextual-llt/inference-llt-torch-r064-t14-none.json,83.52252960205078,0.8958158493041992,83.55053099512588,79.22073364257812,0.8903255462646484,,84.47897338867188,0.8964262008666992,84.51243299350608,79.73717244466145,0.8909358978271484,,61.74105453491211,0.7976241111755371,61.762842000462115,12.258645375569662,0.8055586814880371,,6.005859375,27.0,182.8125,168,168,,,float32,,,,,,,12
inference,llt,64,torch,15,none,passed,,150602496,180,12,contextual-llt,experiments/l40s/results/contextual-llt/inference-llt-torch-r064-t15-none.json,89.60511779785156,0.8958158493041992,89.6405399980722,84.96844991048177,0.8903255462646484,,90.50418853759766,0.8964262008666992,90.54492099676281,85.47873942057292,0.8909358978271484,,65.71408081054688,0.7976241111755371,65.75814798998181,13.117717742919922,0.8055586814880371,,6.005859375,27.0,182.8125,180,180,,,float32,,,,,,,12
inference,llt,64,torch,16,none,passed,,150602496,192,12,contextual-llt,experiments/l40s/results/contextual-llt/inference-llt-torch-r064-t16-none.json,95.02515411376953,0.8958158493041992,95.06560300360434,90.67246500651042,0.8903255462646484,,96.3788833618164,0.8964262008666992,96.4104029990267,91.13566080729167,0.8909358978271484,,66.82828521728516,0.7976241111755371,66.84978799603414,13.97760009765625,0.8055586814880371,,6.005859375,27.0,182.8125,192,192,,,float32,,,,,,,12
inference,llt,128,torch,1,none,passed,,152371968,12,12,contextual-llt,experiments/l40s/results/contextual-llt/inference-llt-torch-r128-t01-none.json,9.621503829956055,0.9412288665771484,9.646389007684775,7.744831720987956,0.9419612884521484,,10.138463973999023,0.9412288665771484,10.15999099763576,8.180394490559896,0.9425716400146484,,5.389376163482666,0.8409647941589355,5.417594002210535,1.178282658259074,0.8488993644714355,,12.01171875,54.0,183.9375,12,12,,,float32,,,,,,,12
inference,llt,128,torch,2,none,passed,,152371968,24,12,contextual-llt,experiments/l40s/results/contextual-llt/inference-llt-torch-r128-t02-none.json,16.969728469848633,0.9412288665771484,16.99513899802696,14.697130839029947,0.9419612884521484,,17.37727928161621,0.9412288665771484,17.402348996256478,15.169194539388021,0.9425716400146484,,10.150912284851074,0.8409647941589355,10.17210200370755,2.11080535252889,0.8488993644714355,,12.01171875,54.0,183.9375,24,24,,,float32,,,,,,,12
inference,llt,128,torch,3,none,passed,,152371968,36,12,contextual-llt,experiments/l40s/results/contextual-llt/inference-llt-torch-r128-t03-none.json,24.247295379638672,0.9412288665771484,24.273674993310124,21.74322255452474,0.9419612884521484,,24.660991668701172,0.9412288665771484,24.68914500786923,22.196566263834637,0.9425716400146484,,14.25715160369873,0.8409647941589355,14.286164005170576,3.041621208190918,0.8488993644714355,,12.01171875,54.0,183.9375,36,36,,,float32,,,,,,,12
inference,llt,128,torch,4,none,passed,,152371968,48,12,contextual-llt,experiments/l40s/results/contextual-llt/inference-llt-torch-r128-t04-none.json,31.4019832611084,0.9412288665771484,31.42807399854064,28.6211420694987,0.9419612884521484,,31.771648406982422,0.9412288665771484,31.79897100199014,29.140309651692707,0.9425716400146484,,18.25177574157715,0.8409647941589355,18.27231999777723,3.972778638203939,0.8488993644714355,,12.01171875,54.0,183.9375,48,48,,,float32,,,,,,,12
inference,llt,128,torch,5,none,passed,,152371968,60,12,contextual-llt,experiments/l40s/results/contextual-llt/inference-llt-torch-r128-t05-none.json,38.88742446899414,0.9412288665771484,38.91499899327755,35.81610616048177,0.9419612884521484,,39.17603302001953,0.9412288665771484,39.21128698857501,36.31172180175781,0.9425716400146484,,22.46758460998535,0.8409647941589355,22.507876987219788,4.903200149536133,0.8488993644714355,,12.01171875,54.0,183.9375,60,60,,,float32,,,,,,,12
inference,llt,128,torch,6,none,passed,,152371968,72,12,contextual-llt,experiments/l40s/results/contextual-llt/inference-llt-torch-r128-t06-none.json,46.18751907348633,0.9412288665771484,46.216349001042545,42.93666076660156,0.9419612884521484,,46.515201568603516,0.9412288665771484,46.54373700032011,43.47460428873698,0.9425716400146484,,26.434560775756836,0.8409647941589355,26.45630699407775,5.834357579549153,0.8488993644714355,,12.01171875,54.0,183.9375,72,72,,,float32,,,,,,,12
inference,llt,128,torch,7,none,passed,,152371968,84,12,contextual-llt,experiments/l40s/results/contextual-llt/inference-llt-torch-r128-t07-none.json,53.738494873046875,0.9412288665771484,53.79043100401759,50.05346171061198,0.9419612884521484,,54.02214431762695,0.9412288665771484,54.05323699233122,50.564778645833336,0.9425716400146484,,32.03993606567383,0.8409647941589355,32.062333993962966,6.765535990397136,0.8488993644714355,,12.01171875,54.0,183.9375,84,84,,,float32,,,,,,,12
inference,llt,128,torch,8,none,passed,,152371968,96,12,contextual-llt,experiments/l40s/results/contextual-llt/inference-llt-torch-r128-t08-none.json,60.80307388305664,0.9412288665771484,60.83344000217039,56.95727030436198,0.9419612884521484,,61.0682258605957,0.9412288665771484,61.10825699579436,57.60546366373698,0.9425716400146484,,35.2911376953125,0.8409647941589355,35.31205099716317,7.696383794148763,0.8488993644714355,,12.01171875,54.0,183.9375,96,96,,,float32,,,,,,,12
inference,llt,128,torch,9,none,passed,,152371968,108,12,contextual-llt,experiments/l40s/results/contextual-llt/inference-llt-torch-r128-t09-none.json,68.2455062866211,0.9412288665771484,68.27751299715601,63.98188781738281,0.9419612884521484,,68.42060852050781,0.9412288665771484,68.45070800045505,64.50926717122395,0.9425716400146484,,40.95897674560547,0.8409647941589355,40.98114099178929,8.629589080810547,0.8488993644714355,,12.01171875,54.0,183.9375,108,108,,,float32,,,,,,,12
inference,llt,128,torch,10,none,passed,,152371968,120,12,contextual-llt,experiments/l40s/results/contextual-llt/inference-llt-torch-r128-t10-none.json,75.08172607421875,0.9412288665771484,75.1137449988164,70.54165140787761,0.9419612884521484,,75.27423858642578,0.9412288665771484,75.30371999018826,71.14752197265625,0.9425716400146484,,42.914817810058594,0.8409647941589355,42.93531698931474,9.561429341634115,0.8488993644714355,,12.01171875,54.0,183.9375,120,120,,,float32,,,,,,,12
inference,llt,128,torch,11,none,passed,,152371968,132,12,contextual-llt,experiments/l40s/results/contextual-llt/inference-llt-torch-r128-t11-none.json,82.54054260253906,0.9412288665771484,82.5717959960457,78.0035400390625,0.9419612884521484,,82.77299499511719,0.9412288665771484,82.8061920037726,78.66402180989583,0.9425716400146484,,47.629310607910156,0.8409647941589355,47.66474499774631,10.488831837972006,0.8488993644714355,,12.01171875,54.0,183.9375,132,132,,,float32,,,,,,,12
inference,llt,128,torch,12,none,passed,,152371968,144,12,contextual-llt,experiments/l40s/results/contextual-llt/inference-llt-torch-r128-t12-none.json,90.461181640625,0.9412288665771484,90.49278900783975,85.40091959635417,0.9419612884521484,,90.79398345947266,0.9412288665771484,90.82401500199921,86.1610616048177,0.9425716400146484,,53.42515182495117,0.8409647941589355,53.448439997737296,11.43329111735026,0.8488993644714355,,12.01171875,54.0,183.9375,144,144,,,float32,,,,,,,12
inference,llt,128,torch,13,none,passed,,152371968,156,12,contextual-llt,experiments/l40s/results/contextual-llt/inference-llt-torch-r128-t13-none.json,96.86323547363281,0.9412288665771484,96.89712899853475,91.56369018554688,0.9419612884521484,,96.97382354736328,0.9412288665771484,97.00608099228702,92.34056599934895,0.9425716400146484,,57.376670837402344,0.8409647941589355,57.41967099311296,12.356554667154947,0.8488993644714355,,12.01171875,54.0,183.9375,156,156,,,float32,,,,,,,12
inference,llt,128,torch,14,none,passed,,152371968,168,12,contextual-llt,experiments/l40s/results/contextual-llt/inference-llt-torch-r128-t14-none.json,104.7224349975586,0.9412288665771484,104.75306800799444,99.26177978515625,0.9419612884521484,,104.71526336669922,0.9412288665771484,104.74537400295958,99.9751688639323,0.9425716400146484,,60.33203125,0.8409647941589355,60.35709699790459,13.286741892496744,0.8488993644714355,,12.01171875,54.0,183.9375,168,168,,,float32,,,,,,,12
inference,llt,128,torch,15,none,passed,,152371968,180,12,contextual-llt,experiments/l40s/results/contextual-llt/inference-llt-torch-r128-t15-none.json,111.39469146728516,0.9412288665771484,111.42762599047273,105.5484619140625,0.9419612884521484,,111.63648223876953,0.9412288665771484,111.66766000678763,106.38608805338542,0.9425716400146484,,64.89190673828125,0.8409647941589355,64.91402699612081,14.21789805094401,0.8488993644714355,,12.01171875,54.0,183.9375,180,180,,,float32,,,,,,,12
inference,llt,128,torch,16,none,passed,,152371968,192,12,contextual-llt,experiments/l40s/results/contextual-llt/inference-llt-torch-r128-t16-none.json,119.45471954345703,0.9412288665771484,119.48881699936464,113.30560302734375,0.9419612884521484,,119.20393371582031,0.9412288665771484,119.23660000320524,113.9636942545573,0.9425716400146484,,68.9090576171875,0.8409647941589355,68.93250699795317,15.148714701334635,0.8488993644714355,,12.01171875,54.0,183.9375,192,192,,,float32,,,,,,,12
training,llt,32,tensor,1,ac,passed,,149717760,12,12,contextual-llt,experiments/l40s/results/contextual-llt/training-llt-tensor-r032-t01-ac.json,,,,,,,,,,,,,,,,,,,,,,12,12,,,float32,83.18563079833984,2.6541028022766113,83.21147700189613,44.6904296875,2.654101848602295,,
training,llt,32,tensor,1,none,passed,,149717760,12,12,contextual-llt,experiments/l40s/results/contextual-llt/training-llt-tensor-r032-t01-none.json,,,,,,,,,,,,,,,,,,,,,,12,12,,,float32,60.84096145629883,3.7887463569641113,60.864177998155355,38.9737803141276,3.788012981414795,,
training,llt,32,tensor,2,ac,passed,,149717760,24,12,contextual-llt,experiments/l40s/results/contextual-llt/training-llt-tensor-r032-t02-ac.json,,,,,,,,,,,,,,,,,,,,,,24,24,,,float32,132.5496368408203,2.800825595855713,132.57570999849122,71.75919087727864,2.8015599250793457,,
training,llt,32,tensor,2,none,passed,,149717760,24,12,contextual-llt,experiments/l40s/results/contextual-llt/training-llt-tensor-r032-t02-none.json,,,,,,,,,,,,,,,,,,,,,,24,24,,,float32,88.14582061767578,5.072559833526611,88.16985700104851,60.14634704589844,5.072314739227295,,
training,llt,32,tensor,3,ac,passed,,149717760,36,12,contextual-llt,experiments/l40s/results/contextual-llt/training-llt-tensor-r032-t03-ac.json,,,,,,,,,,,,,,,,,,,,,,36,36,,,float32,182.47885131835938,2.9406018257141113,182.5048210012028,98.677734375,2.940725803375244,,
training,llt,32,tensor,3,none,passed,,149717760,36,12,contextual-llt,experiments/l40s/results/contextual-llt/training-llt-tensor-r032-t03-none.json,,,,,,,,,,,,,,,,,,,,,,36,36,,,float32,122.9854736328125,6.356129169464111,123.00953100202605,81.3322245279948,6.351489543914795,,
training,llt,32,tensor,4,ac,passed,,149717760,48,12,contextual-llt,experiments/l40s/results/contextual-llt/training-llt-tensor-r032-t04-ac.json,,,,,,,,,,,,,,,,,,,,,,48,48,,,float32,229.29193115234375,3.0800061225891113,229.31870899628848,125.77553304036458,3.080374240875244,,
training,llt,32,tensor,4,none,passed,,149717760,48,12,contextual-llt,experiments/l40s/results/contextual-llt/training-llt-tensor-r032-t04-none.json,,,,,,,,,,,,,,,,,,,,,,48,48,,,float32,153.45663452148438,7.622852802276611,153.4801239904482,102.70993041992188,7.619678020477295,,
training,llt,32,tensor,5,ac,passed,,149717760,60,12,contextual-llt,experiments/l40s/results/contextual-llt/training-llt-tensor-r032-t05-ac.json,,,,,,,,,,,,,,,,,,,,,,60,60,,,float32,266.5236511230469,3.2198987007141113,266.55972001026385,152.58248901367188,3.220266819000244,,
training,llt,32,tensor,5,none,passed,,149717760,60,12,contextual-llt,experiments/l40s/results/contextual-llt/training-llt-tensor-r032-t05-none.json,,,,,,,,,,,,,,,,,,,,,,60,60,,,float32,183.14752197265625,8.891041278839111,183.16962799872272,123.7408447265625,8.887866497039795,,
training,llt,32,tensor,6,ac,passed,,149717760,72,12,contextual-llt,experiments/l40s/results/contextual-llt/training-llt-tensor-r032-t06-ac.json,,,,,,,,,,,,,,,,,,,,,,72,72,,,float32,331.1902770996094,3.3605237007141113,331.2196879996918,179.74715169270834,3.360891819000244,,
training,llt,32,tensor,6,none,passed,,149717760,72,12,contextual-llt,experiments/l40s/results/contextual-llt/training-llt-tensor-r032-t06-none.json,,,,,,,,,,,,,,,,,,,,,,72,72,,,float32,207.6559295654297,10.159229755401611,207.67829100077506,145.18989054361978,10.156054973602295,,
training,llt,32,tensor,7,ac,passed,,149717760,84,12,contextual-llt,experiments/l40s/results/contextual-llt/training-llt-tensor-r032-t07-ac.json,,,,,,,,,,,,,,,,,,,,,,84,84,,,float32,376.79205322265625,3.5011487007141113,376.82076000783127,206.9575398763021,3.501516819000244,,
training,llt,32,tensor,7,none,passed,,149717760,84,12,contextual-llt,experiments/l40s/results/contextual-llt/training-llt-tensor-r032-t07-none.json,,,,,,,,,,,,,,,,,,,,,,84,84,,,float32,238.55308532714844,11.427418231964111,238.57746899011545,166.80546061197916,11.424243450164795,,
training,llt,32,tensor,8,ac,passed,,149717760,96,12,contextual-llt,experiments/l40s/results/contextual-llt/training-llt-tensor-r032-t08-ac.json,,,,,,,,,,,,,,,,,,,,,,96,96,,,float32,427.9060363769531,3.6417737007141113,427.9338980122702,233.99173990885416,3.642141819000244,,
training,llt,32,tensor,8,none,passed,,149717760,96,12,contextual-llt,experiments/l40s/results/contextual-llt/training-llt-tensor-r032-t08-none.json,,,,,,,,,,,,,,,,,,,,,,96,96,,,float32,271.9161071777344,12.695606708526611,271.9441130029736,188.2784423828125,12.692431926727295,,
training,llt,32,tensor,9,ac,passed,,149717760,108,12,contextual-llt,experiments/l40s/results/contextual-llt/training-llt-tensor-r032-t09-ac.json,,,,,,,,,,,,,,,,,,,,,,108,108,,,float32,474.34234619140625,3.7823987007141113,474.3704699940281,261.7606201171875,3.782766819000244,,
training,llt,32,tensor,9,none,passed,,149717760,108,12,contextual-llt,experiments/l40s/results/contextual-llt/training-llt-tensor-r032-t09-none.json,,,,,,,,,,,,,,,,,,,,,,108,108,,,float32,297.85498046875,13.963795185089111,297.8788640029961,209.70052083333334,13.960620403289795,,
training,llt,32,tensor,10,ac,passed,,149717760,120,12,contextual-llt,experiments/l40s/results/contextual-llt/training-llt-tensor-r032-t10-ac.json,,,,,,,,,,,,,,,,,,,,,,120,120,,,float32,531.7354125976562,3.9230237007141113,531.7667499912204,288.36147054036456,3.923391819000244,,
training,llt,32,tensor,10,none,passed,,149717760,120,12,contextual-llt,experiments/l40s/results/contextual-llt/training-llt-tensor-r032-t10-none.json,,,,,,,,,,,,,,,,,,,,,,120,120,,,float32,332.769287109375,15.231983661651611,332.79685700836126,230.6942342122396,15.228808879852295,,
training,llt,32,tensor,11,ac,passed,,149717760,132,12,contextual-llt,experiments/l40s/results/contextual-llt/training-llt-tensor-r032-t11-ac.json,,,,,,,,,,,,,,,,,,,,,,132,132,,,float32,569.6624755859375,4.063648700714111,569.6930389967747,314.3195393880208,4.064016819000244,,
training,llt,32,tensor,11,none,passed,,149717760,132,12,contextual-llt,experiments/l40s/results/contextual-llt/training-llt-tensor-r032-t11-none.json,,,,,,,,,,,,,,,,,,,,,,132,132,,,float32,366.3011779785156,16.50017213821411,366.32827200810425,251.43157958984375,16.496997356414795,,
training,llt,32,tensor,12,ac,passed,,149717760,144,12,contextual-llt,experiments/l40s/results/contextual-llt/training-llt-tensor-r032-t12-ac.json,,,,,,,,,,,,,,,,,,,,,,144,144,,,float32,622.9954833984375,4.204273700714111,623.0240220029373,343.3704020182292,4.204641819000244,,
training,llt,32,tensor,12,none,passed,,149717760,144,12,contextual-llt,experiments/l40s/results/contextual-llt/training-llt-tensor-r032-t12-none.json,,,,,,,,,,,,,,,,,,,,,,144,144,,,float32,394.6280822753906,17.76836061477661,394.6535610011779,273.63771565755206,17.765185832977295,,
training,llt,32,tensor,13,ac,passed,,149717760,156,12,contextual-llt,experiments/l40s/results/contextual-llt/training-llt-tensor-r032-t13-ac.json,,,,,,,,,,,,,,,,,,,,,,156,156,,,float32,677.4342651367188,4.344898700714111,677.4705169955269,370.7719319661458,4.345266819000244,,
training,llt,32,tensor,13,none,passed,,149717760,156,12,contextual-llt,experiments/l40s/results/contextual-llt/training-llt-tensor-r032-t13-none.json,,,,,,,,,,,,,,,,,,,,,,156,156,,,float32,430.47320556640625,19.03654909133911,430.502281000372,296.01995849609375,19.033374309539795,,
training,llt,32,tensor,14,ac,passed,,149717760,168,12,contextual-llt,experiments/l40s/results/contextual-llt/training-llt-tensor-r032-t14-ac.json,,,,,,,,,,,,,,,,,,,,,,168,168,,,float32,731.2803955078125,4.485523700714111,731.3109099923167,395.6274820963542,4.485891819000244,,
training,llt,32,tensor,14,none,passed,,149717760,168,12,contextual-llt,experiments/l40s/results/contextual-llt/training-llt-tensor-r032-t14-none.json,,,,,,,,,,,,,,,,,,,,,,168,168,,,float32,469.07281494140625,20.30473756790161,469.09959299955517,315.31622314453125,20.301562786102295,,
training,llt,32,tensor,15,ac,passed,,149717760,180,12,contextual-llt,experiments/l40s/results/contextual-llt/training-llt-tensor-r032-t15-ac.json,,,,,,,,,,,,,,,,,,,,,,180,180,,,float32,782.1181030273438,4.626148700714111,782.1520160068758,423.0832926432292,4.626516819000244,,
training,llt,32,tensor,15,none,passed,,149717760,180,12,contextual-llt,experiments/l40s/results/contextual-llt/training-llt-tensor-r032-t15-none.json,,,,,,,,,,,,,,,,,,,,,,180,180,,,float32,491.96337890625,21.57292604446411,492.0064129983075,337.4114176432292,21.569751262664795,,
training,llt,32,tensor,16,ac,passed,,149717760,192,12,contextual-llt,experiments/l40s/results/contextual-llt/training-llt-tensor-r032-t16-ac.json,,,,,,,,,,,,,,,,,,,,,,192,192,,,float32,842.3812866210938,4.766773700714111,842.4105899903225,449.7862141927083,4.767141819000244,,
training,llt,32,tensor,16,none,passed,,149717760,192,12,contextual-llt,experiments/l40s/results/contextual-llt/training-llt-tensor-r032-t16-none.json,,,,,,,,,,,,,,,,,,,,,,192,192,,,float32,519.5448608398438,22.84111452102661,519.5741170027759,358.0666097005208,22.837939739227295,,
training,llt,64,tensor,1,ac,passed,,150602496,12,12,contextual-llt,experiments/l40s/results/contextual-llt/training-llt-tensor-r064-t01-ac.json,,,,,,,,,,,,,,,,,,,,,,12,12,,,float32,82.14527893066406,2.6998705863952637,82.17037400754634,48.82568359375,2.683035373687744,,
training,llt,64,tensor,1,none,passed,,150602496,12,12,contextual-llt,experiments/l40s/results/contextual-llt/training-llt-tensor-r064-t01-none.json,,,,,,,,,,,,,,,,,,,,,,12,12,,,float32,59.32851028442383,3.986128330230713,59.34990099922288,42.48302968343099,3.968066692352295,,
training,llt,64,tensor,2,ac,passed,,150602496,24,12,contextual-llt,experiments/l40s/results/contextual-llt/training-llt-tensor-r064-t02-ac.json,,,,,,,,,,,,,,,,,,,,,,24,24,,,float32,128.8797149658203,2.844892978668213,128.9028960018186,79.61736551920573,2.8285374641418457,,
training,llt,64,tensor,2,none,passed,,150602496,24,12,contextual-llt,experiments/l40s/results/contextual-llt/training-llt-tensor-r064-t02-none.json,,,,,,,,,,,,,,,,,,,,,,24,24,,,float32,91.4862060546875,5.406294345855713,91.51002900034655,66.79961649576823,5.391528606414795,,
training,llt,64,tensor,3,ac,passed,,150602496,36,12,contextual-llt,experiments/l40s/results/contextual-llt/training-llt-tensor-r064-t03-ac.json,,,,,,,,,,,,,,,,,,,,,,36,36,,,float32,180.2761993408203,2.985273838043213,180.3024950058898,110.51725260416667,2.970386028289795,,
training,llt,64,tensor,3,none,passed,,150602496,36,12,contextual-llt,experiments/l40s/results/contextual-llt/training-llt-tensor-r064-t03-none.json,,,,,,,,,,,,,,,,,,,,,,36,36,,,float32,119.73632049560547,6.813642978668213,119.77213800128084,91.3208719889323,6.800342082977295,,
training,llt,64,tensor,4,ac,passed,,150602496,48,12,contextual-llt,experiments/l40s/results/contextual-llt/training-llt-tensor-r064-t04-ac.json,,,,,,,,,,,,,,,,,,,,,,48,48,,,float32,230.96832275390625,3.122480869293213,231.00419899856206,141.03756713867188,3.110766887664795,,
training,llt,64,tensor,4,none,passed,,150602496,48,12,contextual-llt,experiments/l40s/results/contextual-llt/training-llt-tensor-r064-t04-none.json,,,,,,,,,,,,,,,,,,,,,,48,48,,,float32,154.76121520996094,8.222456455230713,154.78755900403485,115.70619710286458,8.209155559539795,,
training,llt,64,tensor,5,ac,passed,,150602496,60,12,contextual-llt,experiments/l40s/results/contextual-llt/training-llt-tensor-r064-t05-ac.json,,,,,,,,,,,,,,,,,,,,,,60,60,,,float32,274.4023132324219,3.261152744293213,274.428001997876,171.7763468424479,3.251391887664795,,
training,llt,64,tensor,5,none,passed,,150602496,60,12,contextual-llt,experiments/l40s/results/contextual-llt/training-llt-tensor-r064-t05-none.json,,,,,,,,,,,,,,,,,,,,,,60,60,,,float32,180.40115356445312,9.631269931793213,180.425736005418,140.14018758138022,9.617969036102295,,
training,llt,64,tensor,6,ac,passed,,150602496,72,12,contextual-llt,experiments/l40s/results/contextual-llt/training-llt-tensor-r064-t06-ac.json,,,,,,,,,,,,,,,,,,,,,,72,72,,,float32,326.7215270996094,3.401777744293213,326.7578110098839,202.54754638671875,3.392016887664795,,
training,llt,64,tensor,6,none,passed,,150602496,72,12,contextual-llt,experiments/l40s/results/contextual-llt/training-llt-tensor-r064-t06-none.json,,,,,,,,,,,,,,,,,,,,,,72,72,,,float32,211.5952606201172,11.040083408355713,211.62110900331754,164.6595458984375,11.026782512664795,,
training,llt,64,tensor,7,ac,passed,,150602496,84,12,contextual-llt,experiments/l40s/results/contextual-llt/training-llt-tensor-r064-t07-ac.json,,,,,,,,,,,,,,,,,,,,,,84,84,,,float32,375.85614013671875,3.542402744293213,375.8833800093271,234.03006998697916,3.532641887664795,,
training,llt,64,tensor,7,none,passed,,150602496,84,12,contextual-llt,experiments/l40s/results/contextual-llt/training-llt-tensor-r064-t07-none.json,,,,,,,,,,,,,,,,,,,,,,84,84,,,float32,243.99974060058594,12.448896884918213,244.02545600605663,189.6447957356771,12.435595989227295,,
training,llt,64,tensor,8,ac,passed,,150602496,96,12,contextual-llt,experiments/l40s/results/contextual-llt/training-llt-tensor-r064-t08-ac.json,,,,,,,,,,,,,,,,,,,,,,96,96,,,float32,415.7347717285156,3.683027744293213,415.7635500014294,264.59954833984375,3.673266887664795,,
training,llt,64,tensor,8,none,passed,,150602496,96,12,contextual-llt,experiments/l40s/results/contextual-llt/training-llt-tensor-r064-t08-none.json,,,,,,,,,,,,,,,,,,,,,,96,96,,,float32,270.2591552734375,13.857710361480713,270.2847269974882,213.95831298828125,13.844409465789795,,
training,llt,64,tensor,9,ac,passed,,150602496,108,12,contextual-llt,experiments/l40s/results/contextual-llt/training-llt-tensor-r064-t09-ac.json,,,,,,,,,,,,,,,,,,,,,,108,108,,,float32,478.1967468261719,3.823652744293213,478.24344800028484,295.3972981770833,3.813891887664795,,
training,llt,64,tensor,9,none,passed,,150602496,108,12,contextual-llt,experiments/l40s/results/contextual-llt/training-llt-tensor-r064-t09-none.json,,,,,,,,,,,,,,,,,,,,,,108,108,,,float32,297.0828857421875,15.266523838043213,297.11166699416935,238.87495930989584,15.253222942352295,,
training,llt,64,tensor,10,ac,passed,,150602496,120,12,contextual-llt,experiments/l40s/results/contextual-llt/training-llt-tensor-r064-t10-ac.json,,,,,,,,,,,,,,,,,,,,,,120,120,,,float32,523.07763671875,3.964277744293213,523.1060430087382,326.43243408203125,3.954516887664795,,
training,llt,64,tensor,10,none,passed,,150602496,120,12,contextual-llt,experiments/l40s/results/contextual-llt/training-llt-tensor-r064-t10-none.json,,,,,,,,,,,,,,,,,,,,,,120,120,,,float32,330.5902099609375,16.675337314605713,330.6179950013757,263.54345703125,16.662036418914795,,
training,llt,64,tensor,11,ac,passed,,150602496,132,12,contextual-llt,experiments/l40s/results/contextual-llt/training-llt-tensor-r064-t11-ac.json,,,,,,,,,,,,,,,,,,,,,,132,132,,,float32,574.7670288085938,4.104902744293213,574.8008660011692,357.3182779947917,4.095141887664795,,
training,llt,64,tensor,11,none,passed,,150602496,132,12,contextual-llt,experiments/l40s/results/contextual-llt/training-llt-tensor-r064-t11-none.json,,,,,,,,,,,,,,,,,,,,,,132,132,,,float32,361.1627502441406,18.084150791168213,361.1931550112786,287.23268636067706,18.070849895477295,,
training,llt,64,tensor,12,ac,passed,,150602496,144,12,contextual-llt,experiments/l40s/results/contextual-llt/training-llt-tensor-r064-t12-ac.json,,,,,,,,,,,,,,,,,,,,,,144,144,,,float32,639.3876342773438,4.245527744293213,639.41942701058,386.6279296875,4.235766887664795,,
training,llt,64,tensor,12,none,passed,,150602496,144,12,contextual-llt,experiments/l40s/results/contextual-llt/training-llt-tensor-r064-t12-none.json,,,,,,,,,,,,,,,,,,,,,,144,144,,,float32,396.7948303222656,19.492964267730713,396.82206699217204,311.60011800130206,19.479663372039795,,
training,llt,64,tensor,13,ac,passed,,150602496,156,12,contextual-llt,experiments/l40s/results/contextual-llt/training-llt-tensor-r064-t13-ac.json,,,,,,,,,,,,,,,,,,,,,,156,156,,,float32,679.4874877929688,4.386152744293213,679.5183200010797,419.5519205729167,4.376391887664795,,
training,llt,64,tensor,13,none,passed,,150602496,156,12,contextual-llt,experiments/l40s/results/contextual-llt/training-llt-tensor-r064-t13-none.json,,,,,,,,,,,,,,,,,,,,,,156,156,,,float32,414.1097106933594,20.901777744293213,414.13936000026297,337.6704915364583,20.888476848602295,,
training,llt,64,tensor,14,ac,passed,,150602496,168,12,contextual-llt,experiments/l40s/results/contextual-llt/training-llt-tensor-r064-t14-ac.json,,,,,,,,,,,,,,,,,,,,,,168,168,,,float32,730.7807006835938,4.526777744293213,730.8089389989618,449.4888916015625,4.517016887664795,,
training,llt,64,tensor,14,none,passed,,150602496,168,12,contextual-llt,experiments/l40s/results/contextual-llt/training-llt-tensor-r064-t14-none.json,,,,,,,,,,,,,,,,,,,,,,168,168,,,float32,460.38836669921875,22.310591220855713,460.4294759919867,361.2678629557292,22.297290325164795,,
training,llt,64,tensor,15,ac,passed,,150602496,180,12,contextual-llt,experiments/l40s/results/contextual-llt/training-llt-tensor-r064-t15-ac.json,,,,,,,,,,,,,,,,,,,,,,180,180,,,float32,767.9436645507812,4.667402744293213,767.9783960047644,479.8426513671875,4.657641887664795,,
training,llt,64,tensor,15,none,passed,,150602496,180,12,contextual-llt,experiments/l40s/results/contextual-llt/training-llt-tensor-r064-t15-none.json,,,,,,,,,,,,,,,,,,,,,,180,180,,,float32,480.31536865234375,23.719404697418213,480.3450269973837,386.5265299479167,23.706103801727295,,
training,llt,64,tensor,16,ac,passed,,150602496,192,12,contextual-llt,experiments/l40s/results/contextual-llt/training-llt-tensor-r064-t16-ac.json,,,,,,,,,,,,,,,,,,,,,,192,192,,,float32,810.735595703125,4.808027744293213,810.7909649988869,511.0760904947917,4.798266887664795,,
training,llt,64,tensor,16,none,passed,,150602496,192,12,contextual-llt,experiments/l40s/results/contextual-llt/training-llt-tensor-r064-t16-none.json,,,,,,,,,,,,,,,,,,,,,,192,192,,,float32,514.650146484375,25.128218173980713,514.6791959996335,410.4041341145833,25.114917278289795,,
training,llt,128,tensor,1,ac,passed,,152371968,12,12,contextual-llt,experiments/l40s/results/contextual-llt/training-llt-tensor-r128-t01-ac.json,,,,,,,,,,,,,,,,,,,,,,12,12,,,float32,82.83340454101562,2.7264933586120605,82.85592100583017,60.00298563639323,2.7264952659606934,,
training,llt,128,tensor,1,none,passed,,152371968,12,12,contextual-llt,experiments/l40s/results/contextual-llt/training-llt-tensor-r128-t01-none.json,,,,,,,,,,,,,,,,,,,,,,12,12,,,float32,61.17580795288086,4.3181681632995605,61.204003999591805,51.58331807454427,4.314507961273193,,
training,llt,128,tensor,2,ac,passed,,152371968,24,12,contextual-llt,experiments/l40s/results/contextual-llt/training-llt-tensor-r128-t02-ac.json,,,,,,,,,,,,,,,,,,,,,,24,24,,,float32,132.28749084472656,2.878343105316162,132.3368430021219,101.8811747233073,2.877612590789795,,
training,llt,128,tensor,2,none,passed,,152371968,24,12,contextual-llt,experiments/l40s/results/contextual-llt/training-llt-tensor-r128-t02-none.json,,,,,,,,,,,,,,,,,,,,,,24,24,,,float32,97.30560302734375,6.009934902191162,97.33493000385351,85.44085693359375,6.002124309539795,,
training,llt,128,tensor,3,ac,passed,,152371968,36,12,contextual-llt,experiments/l40s/results/contextual-llt/training-llt-tensor-r128-t03-ac.json,,,,,,,,,,,,,,,,,,,,,,36,36,,,float32,181.37295532226562,3.020432949066162,181.39885499840602,143.41222127278647,3.018237590789795,,
training,llt,128,tensor,3,none,passed,,152371968,36,12,contextual-llt,experiments/l40s/results/contextual-llt/training-llt-tensor-r128-t03-none.json,,,,,,,,,,,,,,,,,,,,,,36,36,,,float32,134.06227111816406,7.699998378753662,134.09365799452644,119.03725179036458,7.692187786102295,,
training,llt,128,tensor,4,ac,passed,,152371968,48,12,contextual-llt,experiments/l40s/results/contextual-llt/training-llt-tensor-r128-t04-ac.json,,,,,,,,,,,,,,,,,,,,,,48,48,,,float32,231.68307495117188,3.160081386566162,231.710085994564,184.6807861328125,3.158618450164795,,
training,llt,128,tensor,4,none,passed,,152371968,48,12,contextual-llt,experiments/l40s/results/contextual-llt/training-llt-tensor-r128-t04-none.json,,,,,,,,,,,,,,,,,,,,,,48,48,,,float32,169.71571350097656,9.390061855316162,169.74551999010146,152.41316731770834,9.382251262664795,,
training,llt,128,tensor,5,ac,passed,,152371968,60,12,contextual-llt,experiments/l40s/results/contextual-llt/training-llt-tensor-r128-t05-ac.json,,,,,,,,,,,,,,,,,,,,,,60,60,,,float32,278.29351806640625,3.300706386566162,278.3224250015337,227.31195068359375,3.299243450164795,,
training,llt,128,tensor,5,none,passed,,152371968,60,12,contextual-llt,experiments/l40s/results/contextual-llt/training-llt-tensor-r128-t05-none.json,,,,,,,,,,,,,,,,,,,,,,60,60,,,float32,206.6288604736328,11.080125331878662,206.67048999166582,186.5482177734375,11.072314739227295,,
training,llt,128,tensor,6,ac,passed,,152371968,72,12,contextual-llt,experiments/l40s/results/contextual-llt/training-llt-tensor-r128-t06-ac.json,,,,,,,,,,,,,,,,,,,,,,72,72,,,float32,325.64532470703125,3.441331386566162,325.7205699919723,268.85422770182294,3.439868450164795,,
training,llt,128,tensor,6,none,passed,,152371968,72,12,contextual-llt,experiments/l40s/results/contextual-llt/training-llt-tensor-r128-t06-none.json,,,,,,,,,,,,,,,,,,,,,,72,72,,,float32,241.6259765625,12.770188808441162,241.65773700224236,220.15521240234375,12.762378215789795,,
training,llt,128,tensor,7,ac,passed,,152371968,84,12,contextual-llt,experiments/l40s/results/contextual-llt/training-llt-tensor-r128-t07-ac.json,,,,,,,,,,,,,,,,,,,,,,84,84,,,float32,373.8951721191406,3.581956386566162,373.9213090011617,310.0774332682292,3.580493450164795,,
training,llt,128,tensor,7,none,passed,,152371968,84,12,contextual-llt,experiments/l40s/results/contextual-llt/training-llt-tensor-r128-t07-none.json,,,,,,,,,,,,,,,,,,,,,,84,84,,,float32,276.4482421875,14.460252285003662,276.48287199554034,253.70231119791666,14.452441692352295,,
training,llt,128,tensor,8,ac,passed,,152371968,96,12,contextual-llt,experiments/l40s/results/contextual-llt/training-llt-tensor-r128-t08-ac.json,,,,,,,,,,,,,,,,,,,,,,96,96,,,float32,423.50079345703125,3.722581386566162,423.54709799110424,351.6388753255208,3.721118450164795,,
training,llt,128,tensor,8,none,passed,,152371968,96,12,contextual-llt,experiments/l40s/results/contextual-llt/training-llt-tensor-r128-t08-none.json,,,,,,,,,,,,,,,,,,,,,,96,96,,,float32,315.8558654785156,16.150315761566162,315.88924999232404,287.1244710286458,16.142505168914795,,
training,llt,128,tensor,9,ac,passed,,152371968,108,12,contextual-llt,experiments/l40s/results/contextual-llt/training-llt-tensor-r128-t09-ac.json,,,,,,,,,,,,,,,,,,,,,,108,108,,,float32,482.634765625,3.863206386566162,482.66398400301114,393.7938639322917,3.861743450164795,,
training,llt,128,tensor,9,none,passed,,152371968,108,12,contextual-llt,experiments/l40s/results/contextual-llt/training-llt-tensor-r128-t09-none.json,,,,,,,,,,,,,,,,,,,,,,108,108,,,float32,351.636474609375,17.840379238128662,351.6714959987439,321.23118082682294,17.832568645477295,,
training,llt,128,tensor,10,ac,passed,,152371968,120,12,contextual-llt,experiments/l40s/results/contextual-llt/training-llt-tensor-r128-t10-ac.json,,,,,,,,,,,,,,,,,,,,,,120,120,,,float32,516.7390747070312,4.003831386566162,516.7678660072852,434.3494059244792,4.002368450164795,,
training,llt,128,tensor,10,none,passed,,152371968,120,12,contextual-llt,experiments/l40s/results/contextual-llt/training-llt-tensor-r128-t10-none.json,,,,,,,,,,,,,,,,,,,,,,120,120,,,float32,389.51116943359375,19.530442714691162,389.5484469976509,354.4849039713542,19.522632122039795,,
training,llt,128,tensor,11,ac,passed,,152371968,132,12,contextual-llt,experiments/l40s/results/contextual-llt/training-llt-tensor-r128-t11-ac.json,,,,,,,,,,,,,,,,,,,,,,132,132,,,float32,583.7424926757812,4.144456386566162,583.7718399998266,476.5606689453125,4.142993450164795,,
training,llt,128,tensor,11,none,passed,,152371968,132,12,contextual-llt,experiments/l40s/results/contextual-llt/training-llt-tensor-r128-t11-none.json,,,,,,,,,,,,,,,,,,,,,,132,132,,,float32,430.59100341796875,21.220506191253662,430.63972900563385,388.46875,21.212695598602295,,
training,llt,128,tensor,12,ac,passed,,152371968,144,12,contextual-llt,experiments/l40s/results/contextual-llt/training-llt-tensor-r128-t12-ac.json,,,,,,,,,,,,,,,,,,,,,,144,144,,,float32,635.5086059570312,4.285081386566162,635.5379870074103,518.4156901041666,4.283618450164795,,
training,llt,128,tensor,12,none,passed,,152371968,144,12,contextual-llt,experiments/l40s/results/contextual-llt/training-llt-tensor-r128-t12-none.json,,,,,,,,,,,,,,,,,,,,,,144,144,,,float32,462.6534423828125,22.910569667816162,462.6964269991731,421.6603190104167,22.902759075164795,,
training,llt,128,tensor,13,ac,passed,,152371968,156,12,contextual-llt,experiments/l40s/results/contextual-llt/training-llt-tensor-r128-t13-ac.json,,,,,,,,,,,,,,,,,,,,,,156,156,,,float32,673.6537475585938,4.425706386566162,673.6850450106431,560.6720784505209,4.424243450164795,,
training,llt,128,tensor,13,none,passed,,152371968,156,12,contextual-llt,experiments/l40s/results/contextual-llt/training-llt-tensor-r128-t13-none.json,,,,,,,,,,,,,,,,,,,,,,156,156,,,float32,495.54022216796875,24.600633144378662,495.5759320000652,456.1701253255208,24.592822551727295,,
training,llt,128,tensor,14,ac,passed,,152371968,168,12,contextual-llt,experiments/l40s/results/contextual-llt/training-llt-tensor-r128-t14-ac.json,,,,,,,,,,,,,,,,,,,,,,168,168,,,float32,741.1650390625,4.566331386566162,741.1950990062905,602.31298828125,4.564868450164795,,
training,llt,128,tensor,14,none,passed,,152371968,168,12,contextual-llt,experiments/l40s/results/contextual-llt/training-llt-tensor-r128-t14-none.json,,,,,,,,,,,,,,,,,,,,,,168,168,,,float32,533.3298950195312,26.290696620941162,533.3774979953887,489.3214518229167,26.282886028289795,,
training,llt,128,tensor,15,ac,passed,,152371968,180,12,contextual-llt,experiments/l40s/results/contextual-llt/training-llt-tensor-r128-t15-ac.json,,,,,,,,,,,,,,,,,,,,,,180,180,,,float32,784.3717041015625,4.706956386566162,784.4119819928892,644.2506103515625,4.705493450164795,,
training,llt,128,tensor,15,none,passed,,152371968,180,12,contextual-llt,experiments/l40s/results/contextual-llt/training-llt-tensor-r128-t15-none.json,,,,,,,,,,,,,,,,,,,,,,180,180,,,float32,566.7051391601562,27.980760097503662,566.7443689890206,523.7312825520834,27.972949504852295,,
training,llt,128,tensor,16,ac,passed,,152371968,192,12,contextual-llt,experiments/l40s/results/contextual-llt/training-llt-tensor-r128-t16-ac.json,,,,,,,,,,,,,,,,,,,,,,192,192,,,float32,834.0531005859375,4.847581386566162,834.1016880003735,686.29541015625,4.846118450164795,,
training,llt,128,tensor,16,none,passed,,152371968,192,12,contextual-llt,experiments/l40s/results/contextual-llt/training-llt-tensor-r128-t16-none.json,,,,,,,,,,,,,,,,,,,,,,192,192,,,float32,604.5706176757812,29.670823574066162,604.6122480038321,557.2410074869791,29.663012981414795,,
training,llt,32,torch,1,ac,passed,,149717760,12,12,contextual-llt,experiments/l40s/results/contextual-llt/training-llt-torch-r032-t01-ac.json,,,,,,,,,,,,,,,,,,,,,,12,12,,,float32,57.85395050048828,4.2807159423828125,57.88521500653587,49.88245137532552,4.284440994262695,,
training,llt,32,torch,1,none,passed,,149717760,12,12,contextual-llt,experiments/l40s/results/contextual-llt/training-llt-torch-r032-t01-none.json,,,,,,,,,,,,,,,,,,,,,,12,12,,,float32,49.94028854370117,5.434352874755859,49.97012999956496,45.98405456542969,5.434537887573242,,
training,llt,32,torch,2,ac,passed,,149717760,24,12,contextual-llt,experiments/l40s/results/contextual-llt/training-llt-torch-r032-t02-ac.json,,,,,,,,,,,,,,,,,,,,,,24,24,,,float32,85.24806213378906,4.426831245422363,85.27868799865246,70.31910196940105,4.429948806762695,,
training,llt,32,torch,2,none,passed,,149717760,24,12,contextual-llt,experiments/l40s/results/contextual-llt/training-llt-torch-r032-t02-none.json,,,,,,,,,,,,,,,,,,,,,,24,24,,,float32,68.25164794921875,6.530552864074707,68.28419399971608,63.10912068684896,6.527566909790039,,
training,llt,32,torch,3,ac,passed,,149717760,36,12,contextual-llt,experiments/l40s/results/contextual-llt/training-llt-torch-r032-t03-ac.json,,,,,,,,,,,,,,,,,,,,,,36,36,,,float32,114.59174346923828,4.566965103149414,114.6217050118139,91.33636474609375,4.572035789489746,,
training,llt,32,torch,3,none,passed,,149717760,36,12,contextual-llt,experiments/l40s/results/contextual-llt/training-llt-torch-r032-t03-none.json,,,,,,,,,,,,,,,,,,,,,,36,36,,,float32,86.94989013671875,7.635303497314453,86.97940899583045,80.45187377929688,7.636959075927734,,
training,llt,32,torch,4,ac,passed,,149717760,48,12,contextual-llt,experiments/l40s/results/contextual-llt/training-llt-torch-r032-t04-ac.json,,,,,,,,,,,,,,,,,,,,,,48,48,,,float32,147.89427185058594,4.704416275024414,147.92372299416456,112.40273030598958,4.712416648864746,,
training,llt,32,torch,4,none,passed,,149717760,48,12,contextual-llt,experiments/l40s/results/contextual-llt/training-llt-torch-r032-t04-none.json,,,,,,,,,,,,,,,,,,,,,,48,48,,,float32,105.24671936035156,8.72479248046875,105.28080099902581,98.05312093098958,8.729377746582031,,
training,llt,32,torch,5,ac,passed,,149717760,60,12,contextual-llt,experiments/l40s/results/contextual-llt/training-llt-torch-r032-t05-ac.json,,,,,,,,,,,,,,,,,,,,,,60,60,,,float32,179.22154235839844,4.845041275024414,179.27528399741277,133.2353719075521,4.853041648864746,,
training,llt,32,torch,5,none,passed,,149717760,60,12,contextual-llt,experiments/l40s/results/contextual-llt/training-llt-torch-r032-t05-none.json,,,,,,,,,,,,,,,,,,,,,,60,60,,,float32,123.21571350097656,9.814769744873047,123.2470410031965,115.0405985514323,9.821796417236328,,
training,llt,32,torch,6,ac,passed,,149717760,72,12,contextual-llt,experiments/l40s/results/contextual-llt/training-llt-torch-r032-t06-ac.json,,,,,,,,,,,,,,,,,,,,,,72,72,,,float32,209.9619903564453,4.985666275024414,209.9914330028696,154.4140828450521,4.993666648864746,,
training,llt,32,torch,6,none,passed,,149717760,72,12,contextual-llt,experiments/l40s/results/contextual-llt/training-llt-torch-r032-t06-none.json,,,,,,,,,,,,,,,,,,,,,,72,72,,,float32,142.71282958984375,10.905235290527344,142.7450740011409,132.48785400390625,10.914215087890625,,
training,llt,32,torch,7,ac,passed,,149717760,84,12,contextual-llt,experiments/l40s/results/contextual-llt/training-llt-torch-r032-t07-ac.json,,,,,,,,,,,,,,,,,,,,,,84,84,,,float32,242.42591857910156,5.126291275024414,242.45804199017584,175.9078165690104,5.134291648864746,,
training,llt,32,torch,7,none,passed,,149717760,84,12,contextual-llt,experiments/l40s/results/contextual-llt/training-llt-torch-r032-t07-none.json,,,,,,,,,,,,,,,,,,,,,,84,84,,,float32,161.06101989746094,11.99765396118164,161.09307599253953,150.2298583984375,12.006633758544922,,
training,llt,32,torch,8,ac,passed,,149717760,96,12,contextual-llt,experiments/l40s/results/contextual-llt/training-llt-torch-r032-t08-ac.json,,,,,,,,,,,,,,,,,,,,,,96,96,,,float32,274.2722473144531,5.266916275024414,274.3021460046293,196.77081298828125,5.274916648864746,,
training,llt,32,torch,8,none,passed,,149717760,96,12,contextual-llt,experiments/l40s/results/contextual-llt/training-llt-torch-r032-t08-none.json,,,,,,,,,,,,,,,,,,,,,,96,96,,,float32,179.62701416015625,13.090072631835938,179.66050699760672,167.59480794270834,13.099052429199219,,
training,llt,32,torch,9,ac,passed,,149717760,108,12,contextual-llt,experiments/l40s/results/contextual-llt/training-llt-torch-r032-t09-ac.json,,,,,,,,,,,,,,,,,,,,,,108,108,,,float32,306.39410400390625,5.407541275024414,306.42548299510963,218.109619140625,5.415541648864746,,
training,llt,32,torch,9,none,passed,,149717760,108,12,contextual-llt,experiments/l40s/results/contextual-llt/training-llt-torch-r032-t09-none.json,,,,,,,,,,,,,,,,,,,,,,108,108,,,float32,199.20077514648438,14.182491302490234,199.23690000723582,185.6191202799479,14.191471099853516,,
training,llt,32,torch,10,ac,passed,,149717760,120,12,contextual-llt,experiments/l40s/results/contextual-llt/training-llt-torch-r032-t10-ac.json,,,,,,,,,,,,,,,,,,,,,,120,120,,,float32,333.6099853515625,5.548166275024414,333.6448640038725,239.19991048177084,5.556166648864746,,
training,llt,32,torch,10,none,passed,,149717760,120,12,contextual-llt,experiments/l40s/results/contextual-llt/training-llt-torch-r032-t10-none.json,,,,,,,,,,,,,,,,,,,,,,120,120,,,float32,217.40850830078125,15.274909973144531,217.44268899783492,202.43900553385416,15.283889770507812,,
training,llt,32,torch,11,ac,passed,,149717760,132,12,contextual-llt,experiments/l40s/results/contextual-llt/training-llt-torch-r032-t11-ac.json,,,,,,,,,,,,,,,,,,,,,,132,132,,,float32,364.30438232421875,5.688791275024414,364.3372629885562,259.55531819661456,5.696791648864746,,
training,llt,32,torch,11,none,passed,,149717760,132,12,contextual-llt,experiments/l40s/results/contextual-llt/training-llt-torch-r032-t11-none.json,,,,,,,,,,,,,,,,,,,,,,132,132,,,float32,235.0950469970703,16.367328643798828,235.12691300129518,219.44012451171875,16.37630844116211,,
training,llt,32,torch,12,ac,passed,,149717760,144,12,contextual-llt,experiments/l40s/results/contextual-llt/training-llt-torch-r032-t12-ac.json,,,,,,,,,,,,,,,,,,,,,,144,144,,,float32,400.226318359375,5.829416275024414,400.2824560011504,280.6783447265625,5.837416648864746,,
training,llt,32,torch,12,none,passed,,149717760,144,12,contextual-llt,experiments/l40s/results/contextual-llt/training-llt-torch-r032-t12-none.json,,,,,,,,,,,,,,,,,,,,,,144,144,,,float32,258.2732849121094,17.459747314453125,258.30828098696657,237.41302490234375,17.468727111816406,,
training,llt,32,torch,13,ac,passed,,149717760,156,12,contextual-llt,experiments/l40s/results/contextual-llt/training-llt-torch-r032-t13-ac.json,,,,,,,,,,,,,,,,,,,,,,156,156,,,float32,433.5104064941406,5.970041275024414,433.5457949928241,304.5533040364583,5.978041648864746,,
training,llt,32,torch,13,none,passed,,149717760,156,12,contextual-llt,experiments/l40s/results/contextual-llt/training-llt-torch-r032-t13-none.json,,,,,,,,,,,,,,,,,,,,,,156,156,,,float32,275.18975830078125,18.552165985107422,275.23040599771775,255.87198893229166,18.561145782470703,,
training,llt,32,torch,14,ac,passed,,149717760,168,12,contextual-llt,experiments/l40s/results/contextual-llt/training-llt-torch-r032-t14-ac.json,,,,,,,,,,,,,,,,,,,,,,168,168,,,float32,469.6688537597656,6.110666275024414,469.70187898841687,322.8026529947917,6.118666648864746,,
training,llt,32,torch,14,none,passed,,149717760,168,12,contextual-llt,experiments/l40s/results/contextual-llt/training-llt-torch-r032-t14-none.json,,,,,,,,,,,,,,,,,,,,,,168,168,,,float32,290.5721740722656,19.64458465576172,290.60633000335656,271.8692626953125,19.653564453125,,
training,llt,32,torch,15,ac,passed,,149717760,180,12,contextual-llt,experiments/l40s/results/contextual-llt/training-llt-torch-r032-t15-ac.json,,,,,,,,,,,,,,,,,,,,,,180,180,,,float32,498.91937255859375,6.251291275024414,498.951257992303,344.6934000651042,6.259291648864746,,
training,llt,32,torch,15,none,passed,,149717760,180,12,contextual-llt,experiments/l40s/results/contextual-llt/training-llt-torch-r032-t15-none.json,,,,,,,,,,,,,,,,,,,,,,180,180,,,float32,311.86944580078125,20.737003326416016,311.90738501027226,290.1312662760417,20.745983123779297,,
training,llt,32,torch,16,ac,passed,,149717760,192,12,contextual-llt,experiments/l40s/results/contextual-llt/training-llt-torch-r032-t16-ac.json,,,,,,,,,,,,,,,,,,,,,,192,192,,,float32,532.7513427734375,6.391916275024414,532.7893080102513,365.0181070963542,6.399916648864746,,
training,llt,32,torch,16,none,passed,,149717760,192,12,contextual-llt,experiments/l40s/results/contextual-llt/training-llt-torch-r032-t16-none.json,,,,,,,,,,,,,,,,,,,,,,192,192,,,float32,329.87847900390625,21.829421997070312,329.91157700598706,306.10601806640625,21.838401794433594,,
training,llt,64,torch,1,ac,passed,,150602496,12,12,contextual-llt,experiments/l40s/results/contextual-llt/training-llt-torch-r064-t01-ac.json,,,,,,,,,,,,,,,,,,,,,,12,12,,,float32,60.177406311035156,4.3112335205078125,60.205755988135934,53.00052388509115,4.3142290115356445,,
training,llt,64,torch,1,none,passed,,150602496,12,12,contextual-llt,experiments/l40s/results/contextual-llt/training-llt-torch-r064-t01-none.json,,,,,,,,,,,,,,,,,,,,,,12,12,,,float32,51.61369705200195,5.566618919372559,51.65524700714741,48.40482076009115,5.553989410400391,,
training,llt,64,torch,2,ac,passed,,150602496,24,12,contextual-llt,experiments/l40s/results/contextual-llt/training-llt-torch-r064-t02-ac.json,,,,,,,,,,,,,,,,,,,,,,24,24,,,float32,87.89299011230469,4.457348823547363,87.92415598873049,76.55763244628906,4.455824851989746,,
training,llt,64,torch,2,none,passed,,150602496,24,12,contextual-llt,experiments/l40s/results/contextual-llt/training-llt-torch-r064-t02-none.json,,,,,,,,,,,,,,,,,,,,,,24,24,,,float32,71.69945526123047,6.7759809494018555,71.72977698792238,67.99223327636719,6.7805633544921875,,
training,llt,64,torch,3,ac,passed,,150602496,36,12,contextual-llt,experiments/l40s/results/contextual-llt/training-llt-torch-r064-t03-ac.json,,,,,,,,,,,,,,,,,,,,,,36,36,,,float32,116.4431381225586,4.602490425109863,116.47280999750365,100.7667236328125,4.598769187927246,,
training,llt,64,torch,3,none,passed,,150602496,36,12,contextual-llt,experiments/l40s/results/contextual-llt/training-llt-torch-r064-t03-none.json,,,,,,,,,,,,,,,,,,,,,,36,36,,,float32,92.21305847167969,7.973624229431152,92.24464099679608,87.82369995117188,7.976616859436035,,
training,llt,64,torch,4,ac,passed,,150602496,48,12,contextual-llt,experiments/l40s/results/contextual-llt/training-llt-torch-r064-t04-ac.json,,,,,,,,,,,,,,,,,,,,,,48,48,,,float32,144.65536499023438,4.742749214172363,144.68453399604186,124.62284342447917,4.739394187927246,,
training,llt,64,torch,4,none,passed,,150602496,48,12,contextual-llt,experiments/l40s/results/contextual-llt/training-llt-torch-r064-t04-none.json,,,,,,,,,,,,,,,,,,,,,,48,48,,,float32,112.75762939453125,9.17151165008545,112.80051300127525,107.43802897135417,9.174504280090332,,
training,llt,64,torch,5,ac,passed,,150602496,60,12,contextual-llt,experiments/l40s/results/contextual-llt/training-llt-torch-r064-t05-ac.json,,,,,,,,,,,,,,,,,,,,,,60,60,,,float32,178.8395538330078,4.884106636047363,178.87045801035129,148.95889282226562,4.880019187927246,,
training,llt,64,torch,5,none,passed,,150602496,60,12,contextual-llt,experiments/l40s/results/contextual-llt/training-llt-torch-r064-t05-none.json,,,,,,,,,,,,,,,,,,,,,,60,60,,,float32,133.3104705810547,10.369399070739746,133.36260999494698,127.460693359375,10.372391700744629,,
training,llt,64,torch,6,ac,passed,,150602496,72,12,contextual-llt,experiments/l40s/results/contextual-llt/training-llt-torch-r064-t06-ac.json,,,,,,,,,,,,,,,,,,,,,,72,72,,,float32,207.22483825683594,5.024731636047363,207.27566900313832,173.0321044921875,5.020644187927246,,
training,llt,64,torch,6,none,passed,,150602496,72,12,contextual-llt,experiments/l40s/results/contextual-llt/training-llt-torch-r064-t06-none.json,,,,,,,,,,,,,,,,,,,,,,72,72,,,float32,153.52525329589844,11.567286491394043,153.58336400822736,147.1839599609375,11.570279121398926,,
training,llt,64,torch,7,ac,passed,,150602496,84,12,contextual-llt,experiments/l40s/results/contextual-llt/training-llt-torch-r064-t07-ac.json,,,,,,,,,,,,,,,,,,,,,,84,84,,,float32,241.63226318359375,5.165356636047363,241.66678299661726,197.3012491861979,5.161269187927246,,
training,llt,64,torch,7,none,passed,,150602496,84,12,contextual-llt,experiments/l40s/results/contextual-llt/training-llt-torch-r064-t07-none.json,,,,,,,,,,,,,,,,,,,,,,84,84,,,float32,174.05850219726562,12.76517391204834,174.11472400999628,167.30179850260416,12.768166542053223,,
training,llt,64,torch,8,ac,passed,,150602496,96,12,contextual-llt,experiments/l40s/results/contextual-llt/training-llt-torch-r064-t08-ac.json,,,,,,,,,,,,,,,,,,,,,,96,96,,,float32,271.072265625,5.305981636047363,271.12568500160705,221.5812784830729,5.301894187927246,,
training,llt,64,torch,8,none,passed,,150602496,96,12,contextual-llt,experiments/l40s/results/contextual-llt/training-llt-torch-r064-t08-none.json,,,,,,,,,,,,,,,,,,,,,,96,96,,,float32,194.7125701904297,13.963061332702637,194.7451110027032,187.40667724609375,13.96605396270752,,
training,llt,64,torch,9,ac,passed,,150602496,108,12,contextual-llt,experiments/l40s/results/contextual-llt/training-llt-torch-r064-t09-ac.json,,,,,,,,,,,,,,,,,,,,,,108,108,,,float32,299.5782165527344,5.446606636047363,299.6108780062059,245.7596638997396,5.442519187927246,,
training,llt,64,torch,9,none,passed,,150602496,108,12,contextual-llt,experiments/l40s/results/contextual-llt/training-llt-torch-r064-t09-none.json,,,,,,,,,,,,,,,,,,,,,,108,108,,,float32,214.67955017089844,15.160948753356934,214.7138770087622,207.02311197916666,15.163941383361816,,
training,llt,64,torch,10,ac,passed,,150602496,120,12,contextual-llt,experiments/l40s/results/contextual-llt/training-llt-torch-r064-t10-ac.json,,,,,,,,,,,,,,,,,,,,,,120,120,,,float32,335.1152648925781,5.587231636047363,335.14526300132275,270.445556640625,5.583144187927246,,
training,llt,64,torch,10,none,passed,,150602496,120,12,contextual-llt,experiments/l40s/results/contextual-llt/training-llt-torch-r064-t10-none.json,,,,,,,,,,,,,,,,,,,,,,120,120,,,float32,235.36537170410156,16.35883617401123,235.4198529938003,227.17435709635416,16.361828804016113,,
training,llt,64,torch,11,ac,passed,,150602496,132,12,contextual-llt,experiments/l40s/results/contextual-llt/training-llt-torch-r064-t11-ac.json,,,,,,,,,,,,,,,,,,,,,,132,132,,,float32,371.7969970703125,5.727856636047363,371.83142300636973,295.16937255859375,5.723769187927246,,
training,llt,64,torch,11,none,passed,,150602496,132,12,contextual-llt,experiments/l40s/results/contextual-llt/training-llt-torch-r064-t11-none.json,,,,,,,,,,,,,,,,,,,,,,132,132,,,float32,256.4464111328125,17.556723594665527,256.47914300498087,247.29976399739584,17.55971622467041,,
training,llt,64,torch,12,ac,passed,,150602496,144,12,contextual-llt,experiments/l40s/results/contextual-llt/training-llt-torch-r064-t12-ac.json,,,,,,,,,,,,,,,,,,,,,,144,144,,,float32,408.80743408203125,5.868481636047363,408.84499200910795,317.5379638671875,5.864394187927246,,
training,llt,64,torch,12,none,passed,,150602496,144,12,contextual-llt,experiments/l40s/results/contextual-llt/training-llt-torch-r064-t12-none.json,,,,,,,,,,,,,,,,,,,,,,144,144,,,float32,275.78778076171875,18.754611015319824,275.8235970104579,266.029052734375,18.757603645324707,,
training,llt,64,torch,13,ac,passed,,150602496,156,12,contextual-llt,experiments/l40s/results/contextual-llt/training-llt-torch-r064-t13-ac.json,,,,,,,,,,,,,,,,,,,,,,156,156,,,float32,439.1629333496094,6.009106636047363,439.1956100007519,342.4073893229167,6.005019187927246,,
training,llt,64,torch,13,none,passed,,150602496,156,12,contextual-llt,experiments/l40s/results/contextual-llt/training-llt-torch-r064-t13-none.json,,,,,,,,,,,,,,,,,,,,,,156,156,,,float32,297.2006530761719,19.95249843597412,297.2326910094125,286.81935628255206,19.955491065979004,,
training,llt,64,torch,14,ac,passed,,150602496,168,12,contextual-llt,experiments/l40s/results/contextual-llt/training-llt-torch-r064-t14-ac.json,,,,,,,,,,,,,,,,,,,,,,168,168,,,float32,462.9514465332031,6.149731636047363,462.98425999702886,366.0718180338542,6.145644187927246,,
training,llt,64,torch,14,none,passed,,150602496,168,12,contextual-llt,experiments/l40s/results/contextual-llt/training-llt-torch-r064-t14-none.json,,,,,,,,,,,,,,,,,,,,,,168,168,,,float32,317.7676696777344,21.150385856628418,317.8044569940539,306.3435872395833,21.1533784866333,,
training,llt,64,torch,15,ac,passed,,150602496,180,12,contextual-llt,experiments/l40s/results/contextual-llt/training-llt-torch-r064-t15-ac.json,,,,,,,,,,,,,,,,,,,,,,180,180,,,float32,494.38311767578125,6.290356636047363,494.4197900040308,390.687744140625,6.286269187927246,,
training,llt,64,torch,15,none,passed,,150602496,180,12,contextual-llt,experiments/l40s/results/contextual-llt/training-llt-torch-r064-t15-none.json,,,,,,,,,,,,,,,,,,,,,,180,180,,,float32,338.24664306640625,22.348273277282715,338.28462100063916,325.84429931640625,22.351265907287598,,
training,llt,64,torch,16,ac,passed,,150602496,192,12,contextual-llt,experiments/l40s/results/contextual-llt/training-llt-torch-r064-t16-ac.json,,,,,,,,,,,,,,,,,,,,,,192,192,,,float32,526.0226440429688,6.430981636047363,526.0563939955318,414.7074381510417,6.426894187927246,,
training,llt,64,torch,16,none,passed,,150602496,192,12,contextual-llt,experiments/l40s/results/contextual-llt/training-llt-torch-r064-t16-none.json,,,,,,,,,,,,,,,,,,,,,,192,192,,,float32,357.83270263671875,23.54616069793701,357.8947059868369,345.3685709635417,23.549153327941895,,
training,llt,128,torch,1,ac,passed,,152371968,12,12,contextual-llt,experiments/l40s/results/contextual-llt/training-llt-torch-r128-t01-ac.json,,,,,,,,,,,,,,,,,,,,,,12,12,,,float32,64.9912338256836,4.353589057922363,65.0199719966622,58.79944356282552,4.3592729568481445,,
training,llt,128,torch,1,none,passed,,152371968,12,12,contextual-llt,experiments/l40s/results/contextual-llt/training-llt-torch-r128-t01-none.json,,,,,,,,,,,,,,,,,,,,,,12,12,,,float32,56.224769592285156,5.84688663482666,56.256362004205585,53.42003377278646,5.850986480712891,,
training,llt,128,torch,2,ac,passed,,152371968,24,12,contextual-llt,experiments/l40s/results/contextual-llt/training-llt-torch-r128-t02-ac.json,,,,,,,,,,,,,,,,,,,,,,24,24,,,float32,97.43769836425781,4.513257026672363,97.46831499796826,88.40294392903645,4.516374588012695,,
training,llt,128,torch,2,none,passed,,152371968,24,12,contextual-llt,experiments/l40s/results/contextual-llt/training-llt-torch-r128-t02-none.json,,,,,,,,,,,,,,,,,,,,,,24,24,,,float32,81.3854751586914,7.255711555480957,81.41883299686015,77.70555623372395,7.263223648071289,,
training,llt,128,torch,3,ac,passed,,152371968,36,12,contextual-llt,experiments/l40s/results/contextual-llt/training-llt-torch-r128-t03-ac.json,,,,,,,,,,,,,,,,,,,,,,36,36,,,float32,129.85752868652344,4.647534370422363,129.8921679990599,118.37576293945312,4.655287742614746,,
training,llt,128,torch,3,none,passed,,152371968,36,12,contextual-llt,experiments/l40s/results/contextual-llt/training-llt-torch-r128-t03-none.json,,,,,,,,,,,,,,,,,,,,,,36,36,,,float32,106.56460571289062,8.662342071533203,106.59773199586198,102.1074727376302,8.668386459350586,,
training,llt,128,torch,4,ac,passed,,152371968,48,12,contextual-llt,experiments/l40s/results/contextual-llt/training-llt-torch-r128-t04-ac.json,,,,,,,,,,,,,,,,,,,,,,48,48,,,float32,162.3961639404297,4.785229682922363,162.42696800327394,147.78846232096353,4.795912742614746,,
training,llt,128,torch,4,none,passed,,152371968,48,12,contextual-llt,experiments/l40s/results/contextual-llt/training-llt-torch-r128-t04-none.json,,,,,,,,,,,,,,,,,,,,,,48,48,,,float32,131.1919403076172,10.07360553741455,131.22438298887573,126.3134765625,10.078187942504883,,
training,llt,128,torch,5,ac,passed,,152371968,60,12,contextual-llt,experiments/l40s/results/contextual-llt/training-llt-torch-r128-t05-ac.json,,,,,,,,,,,,,,,,,,,,,,60,60,,,float32,195.62290954589844,4.925854682922363,195.65269799204543,178.2718709309896,4.936537742614746,,
training,llt,128,torch,5,none,passed,,152371968,60,12,contextual-llt,experiments/l40s/results/contextual-llt/training-llt-torch-r128-t05-none.json,,,,,,,,,,,,,,,,,,,,,,60,60,,,float32,157.2505645751953,11.482430458068848,157.28182000748347,151.80390421549478,11.48701286315918,,
training,llt,128,torch,6,ac,passed,,152371968,72,12,contextual-llt,experiments/l40s/results/contextual-llt/training-llt-torch-r128-t06-ac.json,,,,,,,,,,,,,,,,,,,,,,72,72,,,float32,230.5259552001953,5.066479682922363,230.5610799958231,208.4693400065104,5.077162742614746,,
training,llt,128,torch,6,none,passed,,152371968,72,12,contextual-llt,experiments/l40s/results/contextual-llt/training-llt-torch-r128-t06-none.json,,,,,,,,,,,,,,,,,,,,,,72,72,,,float32,182.3600616455078,12.891255378723145,182.39394699048717,176.46455891927084,12.895837783813477,,
training,llt,128,torch,7,ac,passed,,152371968,84,12,contextual-llt,experiments/l40s/results/contextual-llt/training-llt-torch-r128-t07-ac.json,,,,,,,,,,,,,,,,,,,,,,84,84,,,float32,262.2003173828125,5.207104682922363,262.25698000052944,238.3202921549479,5.217787742614746,,
training,llt,128,torch,7,none,passed,,152371968,84,12,contextual-llt,experiments/l40s/results/contextual-llt/training-llt-torch-r128-t07-none.json,,,,,,,,,,,,,,,,,,,,,,84,84,,,float32,207.4439697265625,14.300080299377441,207.47840899275616,200.6203816731771,14.304662704467773,,
training,llt,128,torch,8,ac,passed,,152371968,96,12,contextual-llt,experiments/l40s/results/contextual-llt/training-llt-torch-r128-t08-ac.json,,,,,,,,,,,,,,,,,,,,,,96,96,,,float32,295.1352844238281,5.347729682922363,295.16938599408604,267.86387125651044,5.358412742614746,,
training,llt,128,torch,8,none,passed,,152371968,96,12,contextual-llt,experiments/l40s/results/contextual-llt/training-llt-torch-r128-t08-none.json,,,,,,,,,,,,,,,,,,,,,,96,96,,,float32,232.4715576171875,15.708905220031738,232.50460100825876,225.26123046875,15.71348762512207,,
training,llt,128,torch,9,ac,passed,,152371968,108,12,contextual-llt,experiments/l40s/results/contextual-llt/training-llt-torch-r128-t09-ac.json,,,,,,,,,,,,,,,,,,,,,,108,108,,,float32,327.4474792480469,5.488354682922363,327.4843640101608,298.6216227213542,5.499037742614746,,
training,llt,128,torch,9,none,passed,,152371968,108,12,contextual-llt,experiments/l40s/results/contextual-llt/training-llt-torch-r128-t09-none.json,,,,,,,,,,,,,,,,,,,,,,108,108,,,float32,258.70745849609375,17.117730140686035,258.74091999139637,250.83614095052084,17.122312545776367,,
training,llt,128,torch,10,ac,passed,,152371968,120,12,contextual-llt,experiments/l40s/results/contextual-llt/training-llt-torch-r128-t10-ac.json,,,,,,,,,,,,,,,,,,,,,,120,120,,,float32,360.54937744140625,5.628979682922363,360.5816909985151,326.60308837890625,5.639662742614746,,
training,llt,128,torch,10,none,passed,,152371968,120,12,contextual-llt,experiments/l40s/results/contextual-llt/training-llt-torch-r128-t10-none.json,,,,,,,,,,,,,,,,,,,,,,120,120,,,float32,281.98492431640625,18.526555061340332,282.02176399645396,273.31447347005206,18.531137466430664,,
training,llt,128,torch,11,ac,passed,,152371968,132,12,contextual-llt,experiments/l40s/results/contextual-llt/training-llt-torch-r128-t11-ac.json,,,,,,,,,,,,,,,,,,,,,,132,132,,,float32,396.62274169921875,5.769604682922363,396.660227997927,357.5777180989583,5.780287742614746,,
training,llt,128,torch,11,none,passed,,152371968,132,12,contextual-llt,experiments/l40s/results/contextual-llt/training-llt-torch-r128-t11-none.json,,,,,,,,,,,,,,,,,,,,,,132,132,,,float32,308.2434387207031,19.93537998199463,308.28003300121054,298.37652587890625,19.93996238708496,,
training,llt,128,torch,12,ac,passed,,152371968,144,12,contextual-llt,experiments/l40s/results/contextual-llt/training-llt-torch-r128-t12-ac.json,,,,,,,,,,,,,,,,,,,,,,144,144,,,float32,430.51007080078125,5.910229682922363,430.54720599320717,388.8899332682292,5.920912742614746,,
training,llt,128,torch,12,none,passed,,152371968,144,12,contextual-llt,experiments/l40s/results/contextual-llt/training-llt-torch-r128-t12-none.json,,,,,,,,,,,,,,,,,,,,,,144,144,,,float32,333.8055725097656,21.344204902648926,333.84082399425097,323.7881266276042,21.348787307739258,,
training,llt,128,torch,13,ac,passed,,152371968,156,12,contextual-llt,experiments/l40s/results/contextual-llt/training-llt-torch-r128-t13-ac.json,,,,,,,,,,,,,,,,,,,,,,156,156,,,float32,460.7037353515625,6.050854682922363,460.7445510046091,416.3826497395833,6.061537742614746,,
training,llt,128,torch,13,none,passed,,152371968,156,12,contextual-llt,experiments/l40s/results/contextual-llt/training-llt-torch-r128-t13-none.json,,,,,,,,,,,,,,,,,,,,,,156,156,,,float32,360.2606201171875,22.753029823303223,360.3112379933009,347.0264485677083,22.757612228393555,,
training,llt,128,torch,14,ac,passed,,152371968,168,12,contextual-llt,experiments/l40s/results/contextual-llt/training-llt-torch-r128-t14-ac.json,,,,,,,,,,,,,,,,,,,,,,168,168,,,float32,492.7856750488281,6.191479682922363,492.82475899963174,448.9386800130208,6.202162742614746,,
training,llt,128,torch,14,none,passed,,152371968,168,12,contextual-llt,experiments/l40s/results/contextual-llt/training-llt-torch-r128-t14-none.json,,,,,,,,,,,,,,,,,,,,,,168,168,,,float32,385.0864562988281,24.16185474395752,385.1228700077627,373.5449625651042,24.16643714904785,,
training,llt,128,torch,15,ac,passed,,152371968,180,12,contextual-llt,experiments/l40s/results/contextual-llt/training-llt-torch-r128-t15-ac.json,,,,,,,,,,,,,,,,,,,,,,180,180,,,float32,524.2664794921875,6.332104682922363,524.3049189884914,476.0725504557292,6.342787742614746,,
training,llt,128,torch,15,none,passed,,152371968,180,12,contextual-llt,experiments/l40s/results/contextual-llt/training-llt-torch-r128-t15-none.json,,,,,,,,,,,,,,,,,,,,,,180,180,,,float32,408.6138916015625,25.570679664611816,408.6523410078371,396.6225179036458,25.57526206970215,,
training,llt,128,torch,16,ac,passed,,152371968,192,12,contextual-llt,experiments/l40s/results/contextual-llt/training-llt-torch-r128-t16-ac.json,,,,,,,,,,,,,,,,,,,,,,192,192,,,float32,560.6983642578125,6.472729682922363,560.7377779961098,509.6075846354167,6.483412742614746,,
training,llt,128,torch,16,none,passed,,152371968,192,12,contextual-llt,experiments/l40s/results/contextual-llt/training-llt-torch-r128-t16-none.json,,,,,,,,,,,,,,,,,,,,,,192,192,,,float32,435.8348693847656,26.979504585266113,435.87393799680285,424.4684651692708,26.984086990356445,,
